{"Classes":[{"Members":[{"Category":"Reflection","MemberType":"Property","Name":"Browsable","Security":{"Read":"None","Write":"None"},"Serialization":{"CanLoad":true,"CanSave":true},"ThreadSafety":"ReadSafe","ValueType":{"Category":"Primitive","Name":"bool"}},{"Category":"Reflection","MemberType":"Property","Name":"ClassCategory","Security":{"Read":"None","Write":"None"},"Serialization":{"CanLoad":true,"CanSave":true},"ThreadSafety":"ReadSafe","ValueType":{"Category":"Primitive","Name":"string"}},{"Category":"Reflection","MemberType":"Property","Name":"ClientOnly","Security":{"Read":"None","Write":"None"},"Serialization":{"CanLoad":true,"CanSave":true},"ThreadSafety":"ReadSafe","ValueType":{"Category":"Primitive","Name":"bool"}},{"Category":"Reflection","MemberType":"Property","Name":"Constraint","Security":{"Read":"None","Write":"None"},"Serialization":{"CanLoad":true,"CanSave":true},"ThreadSafety":"ReadSafe","ValueType":{"Category":"Primitive","Name":"string"}},{"Category":"Reflection","MemberType":"Property","Name":"Deprecated","Security":{"Read":"None","Write":"None"},"Serialization":{"CanLoad":true,"CanSave":true},"ThreadSafety":"ReadSafe","ValueType":{"Category":"Primitive","Name":"bool"}},{"Category":"Reflection","MemberType":"Property","Name":"EditingDisabled","Security":{"Read":"None","Write":"None"},"Serialization":{"CanLoad":true,"CanSave":true},"ThreadSafety":"ReadSafe","ValueType":{"Category":"Primitive","Name":"bool"}},{"Category":"Reflection","MemberType":"Property","Name":"EditorType","Security":{"Read":"None","Write":"None"},"Serialization":{"CanLoad":true,"CanSave":true},"ThreadSafety":"ReadSafe","ValueType":{"Category":"Primitive","Name":"string"}},{"Category":"Reflection","MemberType":"Property","Name":"FFlag","Security":{"Read":"None","Write":"None"},"Serialization":{"CanLoad":true,"CanSave":true},"ThreadSafety":"ReadSafe","ValueType":{"Category":"Primitive","Name":"string"}},{"Category":"Reflection","MemberType":"Property","Name":"IsBackend","Security":{"Read":"None","Write":"None"},"Serialization":{"CanLoad":true,"CanSave":true},"ThreadSafety":"ReadSafe","ValueType":{"Category":"Primitive","Name":"bool"}},{"Category":"Reflection","MemberType":"Property","Name":"PropertyOrder","Security":{"Read":"None","Write":"None"},"Serialization":{"CanLoad":true,"CanSave":true},"ThreadSafety":"ReadSafe","ValueType":{"Category":"Primitive","Name":"int"}},{"Category":"Reflection","MemberType":"Property","Name":"ScriptContext","Security":{"Read":"None","Write":"None"},"Serialization":{"CanLoad":true,"CanSave":true},"ThreadSafety":"ReadSafe","ValueType":{"Category":"Primitive","Name":"string"}},{"Category":"Reflection","MemberType":"Property","Name":"ServerOnly","Security":{"Read":"None","Write":"None"},"Serialization":{"CanLoad":true,"CanSave":true},"ThreadSafety":"ReadSafe","ValueType":{"Category":"Primitive","Name":"bool"}},{"Category":"Reflection","MemberType":"Property","Name":"SliderScaling","Security":{"Read":"None","Write":"None"},"Serialization":{"CanLoad":true,"CanSave":true},"ThreadSafety":"ReadSafe","ValueType":{"Category":"Primitive","Name":"string"}},{"Category":"Reflection","MemberType":"Property","Name":"UIMaximum","Security":{"Read":"None","Write":"None"},"Serialization":{"CanLoad":true,"CanSave":true},"ThreadSafety":"ReadSafe","ValueType":{"Category":"Primitive","Name":"double"}},{"Category":"Reflection","MemberType":"Property","Name":"UIMinimum","Security":{"Read":"None","Write":"None"},"Serialization":{"CanLoad":true,"CanSave":true},"ThreadSafety":"ReadSafe","ValueType":{"Category":"Primitive","Name":"double"}},{"Category":"Reflection","MemberType":"Property","Name":"UINumTicks","Security":{"Read":"None","Write":"None"},"Serialization":{"CanLoad":true,"CanSave":true},"ThreadSafety":"ReadSafe","ValueType":{"Category":"Primitive","Name":"double"}}],"MemoryCategory":"Instances","Name":"ReflectionMetadataItem","Superclass":"Instance","Tags":["NotCreatable"]},{"Members":[{"Category":"Reflection","MemberType":"Property","Name":"ExplorerImageIndex","Security":{"Read":"None","Write":"None"},"Serialization":{"CanLoad":true,"CanSave":true},"ThreadSafety":"ReadSafe","ValueType":{"Category":"Primitive","Name":"int"}},{"Category":"Reflection","MemberType":"Property","Name":"ExplorerOrder","Security":{"Read":"None","Write":"None"},"Serialization":{"CanLoad":true,"CanSave":true},"ThreadSafety":"ReadSafe","ValueType":{"Category":"Primitive","Name":"int"}},{"Category":"Reflection","MemberType":"Property","Name":"Insertable","Security":{"Read":"None","Write":"None"},"Serialization":{"CanLoad":true,"CanSave":true},"ThreadSafety":"ReadSafe","ValueType":{"Category":"Primitive","Name":"bool"}},{"Category":"Reflection","MemberType":"Property","Name":"PreferredParent","Security":{"Read":"None","Write":"None"},"Serialization":{"CanLoad":true,"CanSave":true},"ThreadSafety":"ReadSafe","ValueType":{"Category":"Primitive","Name":"string"}}],"MemoryCategory":"Instances","Name":"ReflectionMetadataClass","Superclass":"ReflectionMetadataItem"},{"Members":[],"MemoryCategory":"Instances","Name":"ReflectionMetadataEnum","Superclass":"ReflectionMetadataItem"},{"Members":[],"MemoryCategory":"Instances","Name":"ReflectionMetadataEnumItem","Superclass":"ReflectionMetadataItem"},{"Members":[],"MemoryCategory":"Instances","Name":"ReflectionMetadataMember","Superclass":"ReflectionMetadataItem"},{"Members":[],"MemoryCategory":"Instances","Name":"ReflectionMetadataProperties","Superclass":"Instance"},{"Members":[],"MemoryCategory":"Instances","Name":"ReflectionMetadataYieldFunctions","Superclass":"Instance"},{"Members":[],"MemoryCategory":"Instances","Name":"RemoteDebuggerServer","Superclass":"Instance","Tags":["NotCreatable","Service","NotReplicated"]},{"Members":[{"MemberType":"Function","Name":"FireAllClients","Parameters":[{"Name":"arguments","Type":{"Category":"Group","Name":"Tuple"}}],"ReturnType":{"Category":"Primitive","Name":"void"},"Security":"None","ThreadSafety":"Unsafe"},{"MemberType":"Function","Name":"FireClient","Parameters":[{"Name":"player","Type":{"Category":"Class","Name":"Player"}},{"Name":"arguments","Type":{"Category":"Group","Name":"Tuple"}}],"ReturnType":{"Category":"Primitive","Name":"void"},"Security":"None","ThreadSafety":"Unsafe"},{"MemberType":"Function","Name":"FireServer","Parameters":[{"Name":"arguments","Type":{"Category":"Group","Name":"Tuple"}}],"ReturnType":{"Category":"Primitive","Name":"void"},"Security":"None","ThreadSafety":"Unsafe"},{"MemberType":"Event","Name":"OnClientEvent","Parameters":[{"Name":"arguments","Type":{"Category":"Group","Name":"Tuple"}}],"Security":"None","ThreadSafety":"Unsafe"},{"MemberType":"Event","Name":"OnServerEvent","Parameters":[{"Name":"player","Type":{"Category":"Class","Name":"Player"}},{"Name":"arguments","Type":{"Category":"Group","Name":"Tuple"}}],"Security":"None","ThreadSafety":"Unsafe"}],"MemoryCategory":"Instances","Name":"RemoteEvent","Superclass":"Instance"},{"Members":[{"MemberType":"Function","Name":"InvokeClient","Parameters":[{"Name":"player","Type":{"Category":"Class","Name":"Player"}},{"Name":"arguments","Type":{"Category":"Group","Name":"Tuple"}}],"ReturnType":{"Category":"Group","Name":"Tuple"},"Security":"None","Tags":["Yields"],"ThreadSafety":"Unsafe"},{"MemberType":"Function","Name":"InvokeServer","Parameters":[{"Name":"arguments","Type":{"Category":"Group","Name":"Tuple"}}],"ReturnType":{"Category":"Group","Name":"Tuple"},"Security":"None","Tags":["Yields"],"ThreadSafety":"Unsafe"},{"MemberType":"Callback","Name":"OnClientInvoke","Parameters":[{"Name":"arguments","Type":{"Category":"Group","Name":"Tuple"}}],"ReturnType":{"Category":"Group","Name":"Tuple"},"Security":"None","ThreadSafety":"Unsafe"},{"MemberType":"Callback","Name":"OnServerInvoke","Parameters":[{"Name":"player","Type":{"Category":"Class","Name":"Player"}},{"Name":"arguments","Type":{"Category":"Group","Name":"Tuple"}}],"ReturnType":{"Category":"Group","Name":"Tuple"},"Security":"None","ThreadSafety":"Unsafe"}],"MemoryCategory":"Instances","Name":"RemoteFunction","Superclass":"Instance"},{"Members":[{"Category":"Debug","MemberType":"Property","Name":"AutoFRMLevel","Security":{"Read":"None","Write":"None"},"Serialization":{"CanLoad":true,"CanSave":true},"ThreadSafety":"ReadSafe","ValueType":{"Category":"Primitive","Name":"int"}},{"Category":"Performance","MemberType":"Property","Name":"EagerBulkExecution","Security":{"Read":"None","Write":"None"},"Serialization":{"CanLoad":true,"CanSave":true},"ThreadSafety":"ReadSafe","ValueType":{"Category":"Primitive","Name":"bool"}},{"Category":"Performance","MemberType":"Property","Name":"EditQualityLevel","Security":{"Read":"None","Write":"None"},"Serialization":{"CanLoad":true,"CanSave":true},"ThreadSafety":"ReadSafe","ValueType":{"Category":"Enum","Name":"QualityLevel"}},{"Category":"Debug","MemberType":"Property","Name":"EnableFRM","Security":{"Read":"None","Write":"None"},"Serialization":{"CanLoad":true,"CanSave":false},"Tags":["Hidden","NotReplicated"],"ThreadSafety":"ReadSafe","ValueType":{"Category":"Primitive","Name":"bool"}},{"Category":"General","MemberType":"Property","Name":"ExportMergeByMaterial","Security":{"Read":"None","Write":"None"},"Serialization":{"CanLoad":true,"CanSave":true},"ThreadSafety":"ReadSafe","ValueType":{"Category":"Primitive","Name":"bool"}},{"Category":"General","MemberType":"Property","Name":"FrameRateManager","Security":{"Read":"None","Write":"None"},"Serialization":{"CanLoad":true,"CanSave":true},"ThreadSafety":"ReadSafe","ValueType":{"Category":"Enum","Name":"FramerateManagerMode"}},{"Category":"General","MemberType":"Property","Name":"GraphicsMode","Security":{"Read":"None","Write":"None"},"Serialization":{"CanLoad":true,"CanSave":true},"ThreadSafety":"ReadSafe","ValueType":{"Category":"Enum","Name":"GraphicsMode"}},{"Category":"Cache","MemberType":"Property","Name":"MeshCacheSize","Security":{"Read":"None","Write":"None"},"Serialization":{"CanLoad":true,"CanSave":true},"ThreadSafety":"ReadSafe","ValueType":{"Category":"Primitive","Name":"int"}},{"Category":"Debug","MemberType":"Property","Name":"MeshPartDetailLevel","Security":{"Read":"None","Write":"None"},"Serialization":{"CanLoad":true,"CanSave":true},"ThreadSafety":"ReadSafe","ValueType":{"Category":"Enum","Name":"MeshPartDetailLevel"}},{"Category":"Performance","MemberType":"Property","Name":"QualityLevel","Security":{"Read":"None","Write":"None"},"Serialization":{"CanLoad":true,"CanSave":true},"ThreadSafety":"ReadSafe","ValueType":{"Category":"Enum","Name":"QualityLevel"}},{"Category":"Debug","MemberType":"Property","Name":"ReloadAssets","Security":{"Read":"None","Write":"None"},"Serialization":{"CanLoad":true,"CanSave":true},"ThreadSafety":"ReadSafe","ValueType":{"Category":"Primitive","Name":"bool"}},{"Category":"Debug","MemberType":"Property","Name":"RenderCSGTrianglesDebug","Security":{"Read":"None","Write":"None"},"Serialization":{"CanLoad":true,"CanSave":true},"ThreadSafety":"ReadSafe","ValueType":{"Category":"Primitive","Name":"bool"}},{"Category":"Debug","MemberType":"Property","Name":"ShowBoundingBoxes","Security":{"Read":"None","Write":"None"},"Serialization":{"CanLoad":true,"CanSave":true},"ThreadSafety":"ReadSafe","ValueType":{"Category":"Primitive","Name":"bool"}},{"MemberType":"Function","Name":"GetMaxQualityLevel","Parameters":[],"ReturnType":{"Category":"Primitive","Name":"int"},"Security":"None","ThreadSafety":"Unsafe"}],"MemoryCategory":"Instances","Name":"RenderSettings","Superclass":"Instance","Tags":["NotCreatable","Service","NotBrowsable"]},{"Members":[{"Category":"RenderingTest","MemberType":"Property","Name":"CFrame","Security":{"Read":"None","Write":"None"},"Serialization":{"CanLoad":true,"CanSave":true},"ThreadSafety":"ReadSafe","ValueType":{"Category":"DataType","Name":"CFrame"}},{"Category":"RenderingTest","MemberType":"Property","Name":"ComparisonDiffThreshold","Security":{"Read":"None","Write":"None"},"Serialization":{"CanLoad":true,"CanSave":true},"ThreadSafety":"ReadSafe","ValueType":{"Category":"Primitive","Name":"int"}},{"Category":"RenderingTest","MemberType":"Property","Name":"ComparisonMethod","Security":{"Read":"None","Write":"None"},"Serialization":{"CanLoad":true,"CanSave":true},"ThreadSafety":"ReadSafe","ValueType":{"Category":"Enum","Name":"RenderingTestComparisonMethod"}},{"Category":"RenderingTest","MemberType":"Property","Name":"ComparisonPsnrThreshold","Security":{"Read":"None","Write":"None"},"Serialization":{"CanLoad":true,"CanSave":true},"ThreadSafety":"ReadSafe","ValueType":{"Category":"Primitive","Name":"float"}},{"Category":"RenderingTest","MemberType":"Property","Name":"Description","Security":{"Read":"None","Write":"None"},"Serialization":{"CanLoad":true,"CanSave":true},"ThreadSafety":"ReadSafe","ValueType":{"Category":"Primitive","Name":"string"}},{"Category":"RenderingTest","MemberType":"Property","Name":"FieldOfView","Security":{"Read":"None","Write":"None"},"Serialization":{"CanLoad":true,"CanSave":true},"ThreadSafety":"ReadSafe","ValueType":{"Category":"Primitive","Name":"float"}},{"Category":"RenderingTest","MemberType":"Property","Name":"Orientation","Security":{"Read":"None","Write":"None"},"Serialization":{"CanLoad":true,"CanSave":false},"Tags":["NotReplicated"],"ThreadSafety":"ReadSafe","ValueType":{"Category":"DataType","Name":"Vector3"}},{"Category":"RenderingTest","MemberType":"Property","Name":"Position","Security":{"Read":"None","Write":"None"},"Serialization":{"CanLoad":true,"CanSave":false},"Tags":["NotReplicated"],"ThreadSafety":"ReadSafe","ValueType":{"Category":"DataType","Name":"Vector3"}},{"Category":"RenderingTest","MemberType":"Property","Name":"QualityLevel","Security":{"Read":"None","Write":"None"},"Serialization":{"CanLoad":true,"CanSave":true},"ThreadSafety":"ReadSafe","ValueType":{"Category":"Primitive","Name":"int"}},{"Category":"RenderingTest","MemberType":"Property","Name":"ShouldSkip","Security":{"Read":"None","Write":"None"},"Serialization":{"CanLoad":true,"CanSave":true},"ThreadSafety":"ReadSafe","ValueType":{"Category":"Primitive","Name":"bool"}},{"Category":"RenderingTest","MemberType":"Property","Name":"Ticket","Security":{"Read":"None","Write":"None"},"Serialization":{"CanLoad":true,"CanSave":true},"ThreadSafety":"ReadSafe","ValueType":{"Category":"Primitive","Name":"string"}},{"MemberType":"Function","Name":"RenderdocTriggerCapture","Parameters":[],"ReturnType":{"Category":"Primitive","Name":"void"},"Security":"None","ThreadSafety":"Unsafe"}],"MemoryCategory":"Instances","Name":"RenderingTest","Superclass":"Instance"},{"Members":[{"MemberType":"Function","Name":"IsDefaultLoadingGuiRemoved","Parameters":[],"ReturnType":{"Category":"Primitive","Name":"bool"},"Security":"RobloxScriptSecurity","ThreadSafety":"Unsafe"},{"MemberType":"Function","Name":"IsFinishedReplicating","Parameters":[],"ReturnType":{"Category":"Primitive","Name":"bool"},"Security":"RobloxScriptSecurity","ThreadSafety":"Unsafe"},{"MemberType":"Function","Name":"RemoveDefaultLoadingScreen","Parameters":[],"ReturnType":{"Category":"Primitive","Name":"void"},"Security":"None","ThreadSafety":"Unsafe"},{"MemberType":"Function","Name":"SetDefaultLoadingGuiRemoved","Parameters":[],"ReturnType":{"Category":"Primitive","Name":"void"},"Security":"RobloxScriptSecurity","ThreadSafety":"Unsafe"},{"MemberType":"Event","Name":"DefaultLoadingGuiRemoved","Parameters":[],"Security":"RobloxScriptSecurity","ThreadSafety":"Unsafe"},{"MemberType":"Event","Name":"FinishedReplicating","Parameters":[],"Security":"RobloxScriptSecurity","ThreadSafety":"Unsafe"},{"MemberType":"Event","Name":"RemoveDefaultLoadingGuiSignal","Parameters":[],"Security":"RobloxScriptSecurity","ThreadSafety":"Unsafe"}],"MemoryCategory":"Instances","Name":"ReplicatedFirst","Superclass":"Instance","Tags":["NotCreatable","Service"]},{"Members":[],"MemoryCategory":"Instances","Name":"ReplicatedScriptService","Superclass":"Instance","Tags":["NotCreatable","Service"]},{"Members":[],"MemoryCategory":"Instances","Name":"ReplicatedStorage","Superclass":"Instance","Tags":["NotCreatable","Service"]},{"Members":[],"MemoryCategory":"Instances","Name":"RobloxPluginGuiService","Superclass":"Instance","Tags":["NotCreatable","Service","NotReplicated"]},{"Members":[],"MemoryCategory":"Instances","Name":"RobloxReplicatedStorage","Superclass":"Instance","Tags":["NotCreatable","Service","NotBrowsable"]},{"Members":[{"Category":"Data","MemberType":"Property","Name":"Length","Security":{"Read":"None","Write":"None"},"Serialization":{"CanLoad":false,"CanSave":true},"Tags":["ReadOnly","NotReplicated"],"ThreadSafety":"ReadSafe","ValueType":{"Category":"Primitive","Name":"int"}},{"MemberType":"Function","Name":"GetKeyAtIndex","Parameters":[{"Name":"index","Type":{"Category":"Primitive","Name":"int"}}],"ReturnType":{"Category":"DataType","Name":"RotationCurveKey"},"Security":"None","ThreadSafety":"Unsafe"},{"MemberType":"Function","Name":"GetKeyIndicesAtTime","Parameters":[{"Name":"time","Type":{"Category":"Primitive","Name":"float"}}],"ReturnType":{"Category":"Group","Name":"Array"},"Security":"None","ThreadSafety":"Unsafe"},{"MemberType":"Function","Name":"GetKeys","Parameters":[],"ReturnType":{"Category":"Group","Name":"Array"},"Security":"None","ThreadSafety":"Unsafe"},{"MemberType":"Function","Name":"GetValueAtTime","Parameters":[{"Name":"time","Type":{"Category":"Primitive","Name":"float"}}],"ReturnType":{"Category":"DataType","Name":"CoordinateFrame?"},"Security":"None","ThreadSafety":"Unsafe"},{"MemberType":"Function","Name":"InsertKey","Parameters":[{"Name":"key","Type":{"Category":"DataType","Name":"RotationCurveKey"}}],"ReturnType":{"Category":"Group","Name":"Array"},"Security":"None","ThreadSafety":"Unsafe"},{"MemberType":"Function","Name":"RemoveKeyAtIndex","Parameters":[{"Name":"startingIndex","Type":{"Category":"Primitive","Name":"int"}},{"Default":"1","Name":"count","Type":{"Category":"Primitive","Name":"int"}}],"ReturnType":{"Category":"Primitive","Name":"int"},"Security":"None","ThreadSafety":"Unsafe"},{"MemberType":"Function","Name":"SetKeys","Parameters":[{"Name":"keys","Type":{"Category":"Group","Name":"Array"}}],"ReturnType":{"Category":"Primitive","Name":"int"},"Security":"None","ThreadSafety":"Unsafe"}],"MemoryCategory":"Instances","Name":"RotationCurve","Superclass":"Instance"},{"Members":[{"Category":"Data","MemberType":"Property","Name":"ClientGitHash","Security":{"Read":"RobloxScriptSecurity","Write":"RobloxScriptSecurity"},"Serialization":{"CanLoad":false,"CanSave":false},"Tags":["ReadOnly","NotReplicated"],"ThreadSafety":"ReadSafe","ValueType":{"Category":"Primitive","Name":"string"}},{"MemberType":"Function","Name":"BindToRenderStep","Parameters":[{"Name":"name","Type":{"Category":"Primitive","Name":"string"}},{"Name":"priority","Type":{"Category":"Primitive","Name":"int"}},{"Name":"function","Type":{"Category":"DataType","Name":"Function"}}],"ReturnType":{"Category":"Primitive","Name":"void"},"Security":"None","ThreadSafety":"Unsafe"},{"MemberType":"Function","Name":"GetCoreScriptVersion","Parameters":[],"ReturnType":{"Category":"Primitive","Name":"string"},"Security":"RobloxScriptSecurity","ThreadSafety":"Unsafe"},{"MemberType":"Function","Name":"GetRobloxVersion","Parameters":[],"ReturnType":{"Category":"Primitive","Name":"string"},"Security":"RobloxScriptSecurity","ThreadSafety":"Unsafe"},{"MemberType":"Function","Name":"IsClient","Parameters":[],"ReturnType":{"Category":"Primitive","Name":"bool"},"Security":"None","ThreadSafety":"Unsafe"},{"MemberType":"Function","Name":"IsEdit","Parameters":[],"ReturnType":{"Category":"Primitive","Name":"bool"},"Security":"PluginSecurity","ThreadSafety":"Unsafe"},{"MemberType":"Function","Name":"IsRunMode","Parameters":[],"ReturnType":{"Category":"Primitive","Name":"bool"},"Security":"None","ThreadSafety":"Unsafe"},{"MemberType":"Function","Name":"IsRunning","Parameters":[],"ReturnType":{"Category":"Primitive","Name":"bool"},"Security":"None","ThreadSafety":"Unsafe"},{"MemberType":"Function","Name":"IsServer","Parameters":[],"ReturnType":{"Category":"Primitive","Name":"bool"},"Security":"None","ThreadSafety":"Unsafe"},{"MemberType":"Function","Name":"IsStudio","Parameters":[],"ReturnType":{"Category":"Primitive","Name":"bool"},"Security":"None","ThreadSafety":"Unsafe"},{"MemberType":"Function","Name":"Pause","Parameters":[],"ReturnType":{"Category":"Primitive","Name":"void"},"Security":"PluginSecurity","ThreadSafety":"Unsafe"},{"MemberType":"Function","Name":"Reset","Parameters":[],"ReturnType":{"Category":"Primitive","Name":"void"},"Security":"PluginSecurity","Tags":["Deprecated"],"ThreadSafety":"Unsafe"},{"MemberType":"Function","Name":"Run","Parameters":[],"ReturnType":{"Category":"Primitive","Name":"void"},"Security":"PluginSecurity","ThreadSafety":"Unsafe"},{"MemberType":"Function","Name":"Set3dRenderingEnabled","Parameters":[{"Name":"enable","Type":{"Category":"Primitive","Name":"bool"}}],"ReturnType":{"Category":"Primitive","Name":"void"},"Security":"RobloxScriptSecurity","ThreadSafety":"Unsafe"},{"MemberType":"Function","Name":"SetRobloxGuiFocused","Parameters":[{"Name":"focus","Type":{"Category":"Primitive","Name":"bool"}}],"ReturnType":{"Category":"Primitive","Name":"void"},"Security":"RobloxScriptSecurity","ThreadSafety":"Unsafe"},{"MemberType":"Function","Name":"Stop","Parameters":[],"ReturnType":{"Category":"Primitive","Name":"void"},"Security":"PluginSecurity","ThreadSafety":"Unsafe"},{"MemberType":"Function","Name":"UnbindFromRenderStep","Parameters":[{"Name":"name","Type":{"Category":"Primitive","Name":"string"}}],"ReturnType":{"Category":"Primitive","Name":"void"},"Security":"None","ThreadSafety":"Unsafe"},{"MemberType":"Function","Name":"setThrottleFramerateEnabled","Parameters":[{"Name":"enable","Type":{"Category":"Primitive","Name":"bool"}}],"ReturnType":{"Category":"Primitive","Name":"void"},"Security":"RobloxScriptSecurity","ThreadSafety":"Unsafe"},{"MemberType":"Event","Name":"Heartbeat","Parameters":[{"Name":"deltaTime","Type":{"Category":"Primitive","Name":"double"}}],"Security":"None","ThreadSafety":"Unsafe"},{"MemberType":"Event","Name":"PostSimulation","Parameters":[{"Name":"deltaTime","Type":{"Category":"Primitive","Name":"double"}}],"Security":"None","ThreadSafety":"Unsafe"},{"MemberType":"Event","Name":"PreAnimation","Parameters":[{"Name":"deltaTime","Type":{"Category":"Primitive","Name":"double"}}],"Security":"None","ThreadSafety":"Unsafe"},{"MemberType":"Event","Name":"PreRender","Parameters":[{"Name":"deltaTime","Type":{"Category":"Primitive","Name":"double"}}],"Security":"None","ThreadSafety":"Unsafe"},{"MemberType":"Event","Name":"PreSimulation","Parameters":[{"Name":"deltaTime","Type":{"Category":"Primitive","Name":"double"}}],"Security":"None","ThreadSafety":"Unsafe"},{"MemberType":"Event","Name":"RenderStepped","Parameters":[{"Name":"deltaTime","Type":{"Category":"Primitive","Name":"double"}}],"Security":"None","ThreadSafety":"Unsafe"},{"MemberType":"Event","Name":"Stepped","Parameters":[{"Name":"time","Type":{"Category":"Primitive","Name":"double"}},{"Name":"deltaTime","Type":{"Category":"Primitive","Name":"double"}}],"Security":"None","ThreadSafety":"Unsafe"}],"MemoryCategory":"Instances","Name":"RunService","Superclass":"Instance","Tags":["NotCreatable","Service","NotReplicated"]},{"Members":[],"MemoryCategory":"Instances","Name":"RuntimeScriptService","Superclass":"Instance","Tags":["NotCreatable","Service","NotReplicated"]},{"Members":[{"MemberType":"Event","Name":"ScriptAdded","Parameters":[{"Name":"script","Type":{"Category":"Class","Name":"LuaSourceContainer"}}],"Security":"RobloxScriptSecurity","ThreadSafety":"Unsafe"},{"MemberType":"Event","Name":"ScriptBeingRemoved","Parameters":[{"Name":"script","Type":{"Category":"Class","Name":"LuaSourceContainer"}}],"Security":"RobloxScriptSecurity","ThreadSafety":"Unsafe"},{"MemberType":"Event","Name":"ScriptChanged","Parameters":[{"Name":"script","Type":{"Category":"Class","Name":"LuaSourceContainer"}},{"Name":"property","Type":{"Category":"Primitive","Name":"string"}}],"Security":"RobloxScriptSecurity","ThreadSafety":"Unsafe"},{"MemberType":"Event","Name":"ScriptFullNameChanged","Parameters":[{"Name":"script","Type":{"Category":"Class","Name":"LuaSourceContainer"}}],"Security":"RobloxScriptSecurity","ThreadSafety":"Unsafe"},{"MemberType":"Event","Name":"ScriptSourceChanged","Parameters":[{"Name":"script","Type":{"Category":"Class","Name":"LuaSourceContainer"}}],"Security":"RobloxScriptSecurity","ThreadSafety":"Unsafe"},{"MemberType":"Event","Name":"ScriptSourceEdited","Parameters":[{"Name":"script","Type":{"Category":"Class","Name":"LuaSourceContainer"}},{"Name":"edits","Type":{"Category":"Group","Name":"Array"}}],"Security":"RobloxScriptSecurity","ThreadSafety":"Unsafe"}],"MemoryCategory":"Instances","Name":"ScriptChangeService","Superclass":"Instance","Tags":["NotCreatable","Service","NotReplicated"]},{"Members":[],"MemoryCategory":"Instances","Name":"ScriptCloneWatcher","Superclass":"Instance","Tags":["NotCreatable","Service","NotReplicated"]},{"Members":[],"MemoryCategory":"Instances","Name":"ScriptCloneWatcherHelper","Superclass":"Instance","Tags":["NotCreatable","Service","NotReplicated"]},{"Members":[],"MemoryCategory":"Instances","Name":"ScriptCloneWatcherHelperV2","Superclass":"Instance","Tags":["NotCreatable","Service","NotReplicated"]},{"Members":[{"Category":"State","MemberType":"Property","Name":"ScriptsDisabled","Security":{"Read":"LocalUserSecurity","Write":"LocalUserSecurity"},"Serialization":{"CanLoad":false,"CanSave":false},"Tags":["Hidden"],"ThreadSafety":"ReadSafe","ValueType":{"Category":"Primitive","Name":"bool"}},{"MemberType":"Function","Name":"AddCoreScriptLocal","Parameters":[{"Name":"name","Type":{"Category":"Primitive","Name":"string"}},{"Name":"parent","Type":{"Category":"Class","Name":"Instance"}}],"ReturnType":{"Category":"Primitive","Name":"void"},"Security":"RobloxScriptSecurity","ThreadSafety":"Unsafe"},{"MemberType":"Function","Name":"GetCoverageStats","Parameters":[],"ReturnType":{"Category":"Group","Name":"Array"},"Security":"RobloxScriptSecurity","ThreadSafety":"Unsafe"},{"MemberType":"Function","Name":"SetTimeout","Parameters":[{"Name":"seconds","Type":{"Category":"Primitive","Name":"double"}}],"ReturnType":{"Category":"Primitive","Name":"void"},"Security":"PluginSecurity","ThreadSafety":"Unsafe"},{"MemberType":"Event","Name":"Error","Parameters":[{"Name":"message","Type":{"Category":"Primitive","Name":"string"}},{"Name":"stackTrace","Type":{"Category":"Primitive","Name":"string"}},{"Name":"script","Type":{"Category":"Class","Name":"Instance"}}],"Security":"None","ThreadSafety":"Unsafe"},{"MemberType":"Event","Name":"ErrorDetailed","Parameters":[{"Name":"message","Type":{"Category":"Primitive","Name":"string"}},{"Name":"stackTrace","Type":{"Category":"Primitive","Name":"string"}},{"Name":"script","Type":{"Category":"Class","Name":"Instance"}},{"Name":"details","Type":{"Category":"Primitive","Name":"string"}},{"Name":"securityLevel","Type":{"Category":"Primitive","Name":"int"}}],"Security":"RobloxScriptSecurity","ThreadSafety":"Unsafe"}],"MemoryCategory":"Instances","Name":"ScriptContext","Superclass":"Instance","Tags":["NotCreatable","Service","NotReplicated"]},{"Members":[{"Category":"Data","MemberType":"Property","Name":"CurrentLine","Security":{"Read":"None","Write":"None"},"Serialization":{"CanLoad":false,"CanSave":false},"Tags":["ReadOnly","NotReplicated"],"ThreadSafety":"ReadSafe","ValueType":{"Category":"Primitive","Name":"int"}},{"Category":"Data","MemberType":"Property","Name":"IsDebugging","Security":{"Read":"None","Write":"None"},"Serialization":{"CanLoad":false,"CanSave":false},"Tags":["ReadOnly","NotReplicated"],"ThreadSafety":"ReadSafe","ValueType":{"Category":"Primitive","Name":"bool"}},{"Category":"Data","MemberType":"Property","Name":"IsPaused","Security":{"Read":"None","Write":"None"},"Serialization":{"CanLoad":false,"CanSave":false},"Tags":["ReadOnly","NotReplicated"],"ThreadSafety":"ReadSafe","ValueType":{"Category":"Primitive","Name":"bool"}},{"Category":"Data","MemberType":"Property","Name":"Script","Security":{"Read":"None","Write":"None"},"Serialization":{"CanLoad":false,"CanSave":false},"Tags":["ReadOnly","NotReplicated"],"ThreadSafety":"ReadSafe","ValueType":{"Category":"Class","Name":"Instance"}},{"MemberType":"Function","Name":"AddWatch","Parameters":[{"Name":"expression","Type":{"Category":"Primitive","Name":"string"}}],"ReturnType":{"Category":"Class","Name":"Instance"},"Security":"None","ThreadSafety":"Unsafe"},{"MemberType":"Function","Name":"GetBreakpoints","Parameters":[],"ReturnType":{"Category":"DataType","Name":"Objects"},"Security":"None","ThreadSafety":"Unsafe"},{"MemberType":"Function","Name":"GetGlobals","Parameters":[{"Default":"0","Name":"stackFrame","Type":{"Category":"Primitive","Name":"int"}}],"ReturnType":{"Category":"Group","Name":"Map"},"Security":"None","ThreadSafety":"Unsafe"},{"MemberType":"Function","Name":"GetLocals","Parameters":[{"Default":"0","Name":"stackFrame","Type":{"Category":"Primitive","Name":"int"}}],"ReturnType":{"Category":"Group","Name":"Map"},"Security":"None","ThreadSafety":"Unsafe"},{"MemberType":"Function","Name":"GetStack","Parameters":[],"ReturnType":{"Category":"Group","Name":"Array"},"Security":"None","ThreadSafety":"Unsafe"},{"MemberType":"Function","Name":"GetUpvalues","Parameters":[{"Default":"0","Name":"stackFrame","Type":{"Category":"Primitive","Name":"int"}}],"ReturnType":{"Category":"Group","Name":"Map"},"Security":"None","ThreadSafety":"Unsafe"},{"MemberType":"Function","Name":"GetWatchValue","Parameters":[{"Name":"watch","Type":{"Category":"Class","Name":"Instance"}}],"ReturnType":{"Category":"Group","Name":"Variant"},"Security":"None","ThreadSafety":"Unsafe"},{"MemberType":"Function","Name":"GetWatches","Parameters":[],"ReturnType":{"Category":"DataType","Name":"Objects"},"Security":"None","ThreadSafety":"Unsafe"},{"MemberType":"Function","Name":"SetBreakpoint","Parameters":[{"Name":"line","Type":{"Category":"Primitive","Name":"int"}},{"Name":"isContextDependentBreakpoint","Type":{"Category":"Primitive","Name":"bool"}}],"ReturnType":{"Category":"Class","Name":"Instance"},"Security":"None","ThreadSafety":"Unsafe"},{"MemberType":"Function","Name":"SetGlobal","Parameters":[{"Name":"name","Type":{"Category":"Primitive","Name":"string"}},{"Name":"value","Type":{"Category":"Group","Name":"Variant"}},{"Name":"stackFrame","Type":{"Category":"Primitive","Name":"int"}}],"ReturnType":{"Category":"Primitive","Name":"void"},"Security":"None","ThreadSafety":"Unsafe"},{"MemberType":"Function","Name":"SetLocal","Parameters":[{"Name":"name","Type":{"Category":"Primitive","Name":"string"}},{"Name":"value","Type":{"Category":"Group","Name":"Variant"}},{"Default":"0","Name":"stackFrame","Type":{"Category":"Primitive","Name":"int"}}],"ReturnType":{"Category":"Primitive","Name":"void"},"Security":"None","ThreadSafety":"Unsafe"},{"MemberType":"Function","Name":"SetUpvalue","Parameters":[{"Name":"name","Type":{"Category":"Primitive","Name":"string"}},{"Name":"value","Type":{"Category":"Group","Name":"Variant"}},{"Default":"0","Name":"stackFrame","Type":{"Category":"Primitive","Name":"int"}}],"ReturnType":{"Category":"Primitive","Name":"void"},"Security":"None","ThreadSafety":"Unsafe"},{"MemberType":"Event","Name":"BreakpointAdded","Parameters":[{"Name":"breakpoint","Type":{"Category":"Class","Name":"Instance"}}],"Security":"None","ThreadSafety":"Unsafe"},{"MemberType":"Event","Name":"BreakpointRemoved","Parameters":[{"Name":"breakpoint","Type":{"Category":"Class","Name":"Instance"}}],"Security":"None","ThreadSafety":"Unsafe"},{"MemberType":"Event","Name":"EncounteredBreak","Parameters":[{"Name":"line","Type":{"Category":"Primitive","Name":"int"}},{"Name":"breakReason","Type":{"Category":"Enum","Name":"BreakReason"}}],"Security":"None","ThreadSafety":"Unsafe"},{"MemberType":"Event","Name":"Resuming","Parameters":[],"Security":"None","ThreadSafety":"Unsafe"},{"MemberType":"Event","Name":"WatchAdded","Parameters":[{"Name":"watch","Type":{"Category":"Class","Name":"Instance"}}],"Security":"None","ThreadSafety":"Unsafe"},{"MemberType":"Event","Name":"WatchRemoved","Parameters":[{"Name":"watch","Type":{"Category":"Class","Name":"Instance"}}],"Security":"None","ThreadSafety":"Unsafe"}],"MemoryCategory":"Instances","Name":"ScriptDebugger","Superclass":"Instance","Tags":["NotCreatable"]},{"Members":[{"MemberType":"Function","Name":"GetSourceContainerByScriptGuid","Parameters":[{"Name":"guid","Type":{"Category":"Primitive","Name":"string"}}],"ReturnType":{"Category":"Class","Name":"LuaSourceContainer"},"Security":"RobloxScriptSecurity","ThreadSafety":"Unsafe"}],"MemoryCategory":"Instances","Name":"ScriptRegistrationService","Superclass":"Instance","Tags":["NotCreatable","Service","NotReplicated"]},{"Members":[],"MemoryCategory":"Instances","Name":"ScriptService","Superclass":"Instance","Tags":["NotCreatable","Service"]},{"Members":[{"Category":"Data","MemberType":"Property","Name":"ActiveInstance","Security":{"Read":"RobloxScriptSecurity","Write":"RobloxScriptSecurity"},"Serialization":{"CanLoad":false,"CanSave":false},"Tags":["Hidden","ReadOnly","NotReplicated"],"ThreadSafety":"ReadSafe","ValueType":{"Category":"Class","Name":"Instance"}},{"Category":"Appearance","MemberType":"Property","Name":"SelectionThickness","Security":{"Read":"None","Write":"None"},"Serialization":{"CanLoad":false,"CanSave":false},"Tags":["ReadOnly","NotReplicated"],"ThreadSafety":"ReadSafe","ValueType":{"Category":"Primitive","Name":"float"}},{"MemberType":"Function","Name":"Add","Parameters":[{"Name":"instancesToAdd","Type":{"Category":"DataType","Name":"Objects"}}],"ReturnType":{"Category":"Primitive","Name":"void"},"Security":"PluginSecurity","ThreadSafety":"Unsafe"},{"MemberType":"Function","Name":"ClearTerrainSelectionHack","Parameters":[],"ReturnType":{"Category":"Primitive","Name":"void"},"Security":"RobloxScriptSecurity","ThreadSafety":"Unsafe"},{"MemberType":"Function","Name":"Get","Parameters":[],"ReturnType":{"Category":"DataType","Name":"Objects"},"Security":"PluginSecurity","ThreadSafety":"Unsafe"},{"MemberType":"Function","Name":"Remove","Parameters":[{"Name":"instancesToRemove","Type":{"Category":"DataType","Name":"Objects"}}],"ReturnType":{"Category":"Primitive","Name":"void"},"Security":"PluginSecurity","ThreadSafety":"Unsafe"},{"MemberType":"Function","Name":"Set","Parameters":[{"Name":"selection","Type":{"Category":"DataType","Name":"Objects"}}],"ReturnType":{"Category":"Primitive","Name":"void"},"Security":"PluginSecurity","ThreadSafety":"Unsafe"},{"MemberType":"Function","Name":"SetTerrainSelectionHack","Parameters":[{"Name":"center","Type":{"Category":"DataType","Name":"Vector3"}},{"Name":"size","Type":{"Category":"DataType","Name":"Vector3"}}],"ReturnType":{"Category":"Primitive","Name":"void"},"Security":"RobloxScriptSecurity","ThreadSafety":"Unsafe"},{"MemberType":"Event","Name":"SelectionChanged","Parameters":[],"Security":"None","ThreadSafety":"Unsafe"}],"MemoryCategory":"Instances","Name":"Selection","Superclass":"Instance","Tags":["NotCreatable","Service"]},{"Members":[{"Category":"Behavior","MemberType":"Property","Name":"LoadStringEnabled","Security":{"Read":"None","Write":"None"},"Serialization":{"CanLoad":true,"CanSave":true},"Tags":["NotReplicated","NotScriptable"],"ThreadSafety":"ReadSafe","ValueType":{"Category":"Primitive","Name":"bool"}}],"MemoryCategory":"Instances","Name":"ServerScriptService","Superclass":"Instance","Tags":["NotCreatable","Service","NotReplicated"]},{"Members":[],"MemoryCategory":"Instances","Name":"ServerStorage","Superclass":"Instance","Tags":["NotCreatable","Service","NotReplicated"]},{"Members":[{"MemberType":"Function","Name":"FindService","Parameters":[{"Name":"className","Type":{"Category":"Primitive","Name":"string"}}],"ReturnType":{"Category":"Class","Name":"Instance"},"Security":"None","ThreadSafety":"Safe"},{"MemberType":"Function","Name":"GetService","Parameters":[{"Name":"className","Type":{"Category":"Primitive","Name":"string"}}],"ReturnType":{"Category":"Class","Name":"Instance"},"Security":"None","ThreadSafety":"Unsafe"},{"MemberType":"Function","Name":"getService","Parameters":[{"Name":"className","Type":{"Category":"Primitive","Name":"string"}}],"ReturnType":{"Category":"Class","Name":"Instance"},"Security":"None","Tags":["Deprecated"],"ThreadSafety":"Unsafe"},{"MemberType":"Function","Name":"service","Parameters":[{"Name":"className","Type":{"Category":"Primitive","Name":"string"}}],"ReturnType":{"Category":"Class","Name":"Instance"},"Security":"None","Tags":["Deprecated"],"ThreadSafety":"Unsafe"},{"MemberType":"Event","Name":"Close","Parameters":[],"Security":"None","ThreadSafety":"Unsafe"},{"MemberType":"Event","Name":"CloseLate","Parameters":[],"Security":"LocalUserSecurity","ThreadSafety":"Unsafe"},{"MemberType":"Event","Name":"ServiceAdded","Parameters":[{"Name":"service","Type":{"Category":"Class","Name":"Instance"}}],"Security":"None","ThreadSafety":"Unsafe"},{"MemberType":"Event","Name":"ServiceRemoving","Parameters":[{"Name":"service","Type":{"Category":"Class","Name":"Instance"}}],"Security":"None","ThreadSafety":"Unsafe"}],"MemoryCategory":"Instances","Name":"ServiceProvider","Superclass":"Instance","Tags":["NotCreatable","NotBrowsable"]},{"Members":[{"Category":"State","MemberType":"Property","Name":"CreatorId","Security":{"Read":"None","Write":"None"},"Serialization":{"CanLoad":false,"CanSave":false},"Tags":["ReadOnly","NotReplicated"],"ThreadSafety":"ReadSafe","ValueType":{"Category":"Primitive","Name":"int64"}},{"Category":"State","MemberType":"Property","Name":"CreatorType","Security":{"Read":"None","Write":"None"},"Serialization":{"CanLoad":false,"CanSave":false},"Tags":["ReadOnly","NotReplicated"],"ThreadSafety":"ReadSafe","ValueType":{"Category":"Enum","Name":"CreatorType"}},{"Category":"State","MemberType":"Property","Name":"GameId","Security":{"Read":"None","Write":"None"},"Serialization":{"CanLoad":false,"CanSave":false},"Tags":["ReadOnly","NotReplicated"],"ThreadSafety":"ReadSafe","ValueType":{"Category":"Primitive","Name":"int64"}},{"Category":"State","MemberType":"Property","Name":"GearGenreSetting","Security":{"Read":"None","Write":"None"},"Serialization":{"CanLoad":false,"CanSave":false},"Tags":["ReadOnly","NotReplicated","Deprecated"],"ThreadSafety":"ReadSafe","ValueType":{"Category":"Enum","Name":"GearGenreSetting"}},{"Category":"State","MemberType":"Property","Name":"Genre","Security":{"Read":"None","Write":"None"},"Serialization":{"CanLoad":false,"CanSave":false},"Tags":["ReadOnly","NotReplicated"],"ThreadSafety":"ReadSafe","ValueType":{"Category":"Enum","Name":"Genre"}},{"Category":"Data","MemberType":"Property","Name":"IsSFFlagsLoaded","Security":{"Read":"RobloxScriptSecurity","Write":"RobloxScriptSecurity"},"Serialization":{"CanLoad":false,"CanSave":false},"Tags":["Hidden","ReadOnly","NotReplicated"],"ThreadSafety":"ReadSafe","ValueType":{"Category":"Primitive","Name":"bool"}},{"Category":"JobInfo","MemberType":"Property","Name":"JobId","Security":{"Read":"None","Write":"None"},"Serialization":{"CanLoad":false,"CanSave":false},"Tags":["ReadOnly","NotReplicated"],"ThreadSafety":"ReadSafe","ValueType":{"Category":"Primitive","Name":"string"}},{"Category":"State","MemberType":"Property","Name":"PlaceId","Security":{"Read":"None","Write":"None"},"Serialization":{"CanLoad":false,"CanSave":false},"Tags":["ReadOnly","NotReplicated"],"ThreadSafety":"ReadSafe","ValueType":{"Category":"Primitive","Name":"int64"}},{"Category":"State","MemberType":"Property","Name":"PlaceVersion","Security":{"Read":"None","Write":"None"},"Serialization":{"CanLoad":false,"CanSave":false},"Tags":["ReadOnly","NotReplicated"],"ThreadSafety":"ReadSafe","ValueType":{"Category":"Primitive","Name":"int"}},{"Category":"Data","MemberType":"Property","Name":"PrivateServerId","Security":{"Read":"None","Write":"None"},"Serialization":{"CanLoad":false,"CanSave":true},"Tags":["ReadOnly","NotReplicated"],"ThreadSafety":"ReadSafe","ValueType":{"Category":"Primitive","Name":"string"}},{"Category":"Data","MemberType":"Property","Name":"PrivateServerOwnerId","Security":{"Read":"None","Write":"None"},"Serialization":{"CanLoad":false,"CanSave":true},"Tags":["ReadOnly","NotReplicated"],"ThreadSafety":"ReadSafe","ValueType":{"Category":"Primitive","Name":"int64"}},{"Category":"Data","MemberType":"Property","Name":"VIPServerId","Security":{"Read":"None","Write":"None"},"Serialization":{"CanLoad":false,"CanSave":true},"Tags":["Hidden","ReadOnly","NotReplicated","Deprecated"],"ThreadSafety":"ReadSafe","ValueType":{"Category":"Primitive","Name":"string"}},{"Category":"Data","MemberType":"Property","Name":"VIPServerOwnerId","Security":{"Read":"None","Write":"None"},"Serialization":{"CanLoad":false,"CanSave":true},"Tags":["Hidden","ReadOnly","NotReplicated","Deprecated"],"ThreadSafety":"ReadSafe","ValueType":{"Category":"Primitive","Name":"int64"}},{"Category":"Data","MemberType":"Property","Name":"Workspace","Security":{"Read":"None","Write":"None"},"Serialization":{"CanLoad":false,"CanSave":false},"Tags":["ReadOnly","NotReplicated"],"ThreadSafety":"ReadSafe","ValueType":{"Category":"Class","Name":"Workspace"}},{"Category":"Data","MemberType":"Property","Name":"lighting","Security":{"Read":"None","Write":"None"},"Serialization":{"CanLoad":false,"CanSave":false},"Tags":["ReadOnly","NotReplicated","Deprecated"],"ThreadSafety":"ReadSafe","ValueType":{"Category":"Class","Name":"Instance"}},{"Category":"Data","MemberType":"Property","Name":"workspace","Security":{"Read":"None","Write":"None"},"Serialization":{"CanLoad":false,"CanSave":false},"Tags":["ReadOnly","NotReplicated","Deprecated"],"ThreadSafety":"ReadSafe","ValueType":{"Category":"Class","Name":"Workspace"}},{"MemberType":"Function","Name":"BindToClose","Parameters":[{"Name":"function","Type":{"Category":"DataType","Name":"Function"}}],"ReturnType":{"Category":"Primitive","Name":"void"},"Security":"None","ThreadSafety":"Unsafe"},{"MemberType":"Function","Name":"DefineFastFlag","Parameters":[{"Name":"name","Type":{"Category":"Primitive","Name":"string"}},{"Name":"defaultValue","Type":{"Category":"Primitive","Name":"bool"}}],"ReturnType":{"Category":"Primitive","Name":"bool"},"Security":"RobloxScriptSecurity","ThreadSafety":"Unsafe"},{"MemberType":"Function","Name":"DefineFastInt","Parameters":[{"Name":"name","Type":{"Category":"Primitive","Name":"string"}},{"Name":"defaultValue","Type":{"Category":"Primitive","Name":"int"}}],"ReturnType":{"Category":"Primitive","Name":"int"},"Security":"RobloxScriptSecurity","ThreadSafety":"Unsafe"},{"MemberType":"Function","Name":"DefineFastString","Parameters":[{"Name":"name","Type":{"Category":"Primitive","Name":"string"}},{"Name":"defaultValue","Type":{"Category":"Primitive","Name":"string"}}],"ReturnType":{"Category":"Primitive","Name":"string"},"Security":"RobloxScriptSecurity","ThreadSafety":"Unsafe"},{"MemberType":"Function","Name":"GetEngineFeature","Parameters":[{"Name":"name","Type":{"Category":"Primitive","Name":"string"}}],"ReturnType":{"Category":"Primitive","Name":"bool"},"Security":"LocalUserSecurity","ThreadSafety":"Unsafe"},{"MemberType":"Function","Name":"GetFastFlag","Parameters":[{"Name":"name","Type":{"Category":"Primitive","Name":"string"}}],"ReturnType":{"Category":"Primitive","Name":"bool"},"Security":"LocalUserSecurity","ThreadSafety":"Unsafe"},{"MemberType":"Function","Name":"GetFastInt","Parameters":[{"Name":"name","Type":{"Category":"Primitive","Name":"string"}}],"ReturnType":{"Category":"Primitive","Name":"int"},"Security":"LocalUserSecurity","ThreadSafety":"Unsafe"},{"MemberType":"Function","Name":"GetFastString","Parameters":[{"Name":"name","Type":{"Category":"Primitive","Name":"string"}}],"ReturnType":{"Category":"Primitive","Name":"string"},"Security":"LocalUserSecurity","ThreadSafety":"Unsafe"},{"MemberType":"Function","Name":"GetJobsInfo","Parameters":[],"ReturnType":{"Category":"Group","Name":"Array"},"Security":"PluginSecurity","ThreadSafety":"Unsafe"},{"MemberType":"Function","Name":"GetMessage","Parameters":[],"ReturnType":{"Category":"Primitive","Name":"string"},"Security":"None","Tags":["Deprecated"],"ThreadSafety":"Unsafe"},{"MemberType":"Function","Name":"GetObjects","Parameters":[{"Name":"url","Type":{"Category":"DataType","Name":"Content"}}],"ReturnType":{"Category":"DataType","Name":"Objects"},"Security":"PluginSecurity","ThreadSafety":"Unsafe"},{"MemberType":"Function","Name":"GetObjectsAllOrNone","Parameters":[{"Name":"url","Type":{"Category":"DataType","Name":"Content"}}],"ReturnType":{"Category":"DataType","Name":"Objects"},"Security":"RobloxScriptSecurity","ThreadSafety":"Unsafe"},{"MemberType":"Function","Name":"GetObjectsList","Parameters":[{"Name":"urls","Type":{"Category":"Group","Name":"Array"}}],"ReturnType":{"Category":"Group","Name":"Array"},"Security":"RobloxScriptSecurity","ThreadSafety":"Unsafe"},{"MemberType":"Function","Name":"GetRemoteBuildMode","Parameters":[],"ReturnType":{"Category":"Primitive","Name":"bool"},"Security":"None","Tags":["Deprecated"],"ThreadSafety":"Unsafe"},{"MemberType":"Function","Name":"IsGearTypeAllowed","Parameters":[{"Name":"gearType","Type":{"Category":"Enum","Name":"GearType"}}],"ReturnType":{"Category":"Primitive","Name":"bool"},"Security":"None","Tags":["Deprecated"],"ThreadSafety":"Unsafe"},{"MemberType":"Function","Name":"IsLoaded","Parameters":[],"ReturnType":{"Category":"Primitive","Name":"bool"},"Security":"None","ThreadSafety":"Unsafe"},{"MemberType":"Function","Name":"Load","Parameters":[{"Name":"url","Type":{"Category":"DataType","Name":"Content"}}],"ReturnType":{"Category":"Primitive","Name":"void"},"Security":"LocalUserSecurity","ThreadSafety":"Unsafe"},{"MemberType":"Function","Name":"OpenScreenshotsFolder","Parameters":[],"ReturnType":{"Category":"Primitive","Name":"void"},"Security":"RobloxScriptSecurity","ThreadSafety":"Unsafe"},{"MemberType":"Function","Name":"OpenVideosFolder","Parameters":[],"ReturnType":{"Category":"Primitive","Name":"void"},"Security":"RobloxScriptSecurity","ThreadSafety":"Unsafe"},{"MemberType":"Function","Name":"ReportInGoogleAnalytics","Parameters":[{"Name":"category","Type":{"Category":"Primitive","Name":"string"}},{"Default":"custom","Name":"action","Type":{"Category":"Primitive","Name":"string"}},{"Default":"none","Name":"label","Type":{"Category":"Primitive","Name":"string"}},{"Default":"0","Name":"value","Type":{"Category":"Primitive","Name":"int"}}],"ReturnType":{"Category":"Primitive","Name":"void"},"Security":"RobloxScriptSecurity","ThreadSafety":"Unsafe"},{"MemberType":"Function","Name":"SetFastFlagForTesting","Parameters":[{"Name":"name","Type":{"Category":"Primitive","Name":"string"}},{"Name":"newValue","Type":{"Category":"Primitive","Name":"bool"}}],"ReturnType":{"Category":"Primitive","Name":"bool"},"Security":"RobloxScriptSecurity","ThreadSafety":"Unsafe"},{"MemberType":"Function","Name":"SetFastIntForTesting","Parameters":[{"Name":"name","Type":{"Category":"Primitive","Name":"string"}},{"Name":"newValue","Type":{"Category":"Primitive","Name":"int"}}],"ReturnType":{"Category":"Primitive","Name":"int"},"Security":"RobloxScriptSecurity","ThreadSafety":"Unsafe"},{"MemberType":"Function","Name":"SetFastStringForTesting","Parameters":[{"Name":"name","Type":{"Category":"Primitive","Name":"string"}},{"Name":"newValue","Type":{"Category":"Primitive","Name":"string"}}],"ReturnType":{"Category":"Primitive","Name":"string"},"Security":"RobloxScriptSecurity","ThreadSafety":"Unsafe"},{"MemberType":"Function","Name":"SetPlaceId","Parameters":[{"Name":"placeId","Type":{"Category":"Primitive","Name":"int64"}}],"ReturnType":{"Category":"Primitive","Name":"void"},"Security":"PluginSecurity","ThreadSafety":"Unsafe"},{"MemberType":"Function","Name":"SetUniverseId","Parameters":[{"Name":"universeId","Type":{"Category":"Primitive","Name":"int64"}}],"ReturnType":{"Category":"Primitive","Name":"void"},"Security":"PluginSecurity","ThreadSafety":"Unsafe"},{"MemberType":"Function","Name":"Shutdown","Parameters":[],"ReturnType":{"Category":"Primitive","Name":"void"},"Security":"LocalUserSecurity","ThreadSafety":"Unsafe"},{"MemberType":"Function","Name":"GetObjectsAsync","Parameters":[{"Name":"url","Type":{"Category":"DataType","Name":"Content"}}],"ReturnType":{"Category":"DataType","Name":"Objects"},"Security":"RobloxScriptSecurity","Tags":["Yields"],"ThreadSafety":"Unsafe"},{"MemberType":"Function","Name":"HttpGetAsync","Parameters":[{"Name":"url","Type":{"Category":"Primitive","Name":"string"}},{"Default":"Default","Name":"httpRequestType","Type":{"Category":"Enum","Name":"HttpRequestType"}}],"ReturnType":{"Category":"Primitive","Name":"string"},"Security":"RobloxScriptSecurity","Tags":["Yields"],"ThreadSafety":"Unsafe"},{"MemberType":"Function","Name":"HttpPostAsync","Parameters":[{"Name":"url","Type":{"Category":"Primitive","Name":"string"}},{"Name":"data","Type":{"Category":"Primitive","Name":"string"}},{"Default":"*/*","Name":"contentType","Type":{"Category":"Primitive","Name":"string"}},{"Default":"Default","Name":"httpRequestType","Type":{"Category":"Enum","Name":"HttpRequestType"}}],"ReturnType":{"Category":"Primitive","Name":"string"},"Security":"RobloxScriptSecurity","Tags":["Yields"],"ThreadSafety":"Unsafe"},{"MemberType":"Function","Name":"InsertObjectsAndJoinIfLegacyAsync","Parameters":[{"Name":"url","Type":{"Category":"DataType","Name":"Content"}}],"ReturnType":{"Category":"DataType","Name":"Objects"},"Security":"RobloxScriptSecurity","Tags":["Yields"],"ThreadSafety":"Unsafe"},{"MemberType":"Function","Name":"SavePlace","Parameters":[{"Default":"SaveAll","Name":"saveFilter","Type":{"Category":"Enum","Name":"SaveFilter"}}],"ReturnType":{"Category":"Primitive","Name":"bool"},"Security":"None","Tags":["Yields","Deprecated"],"ThreadSafety":"Unsafe"},{"MemberType":"Event","Name":"AllowedGearTypeChanged","Parameters":[],"Security":"None","Tags":["Deprecated"],"ThreadSafety":"Unsafe"},{"MemberType":"Event","Name":"GraphicsQualityChangeRequest","Parameters":[{"Name":"betterQuality","Type":{"Category":"Primitive","Name":"bool"}}],"Security":"None","ThreadSafety":"Unsafe"},{"MemberType":"Event","Name":"ItemChanged","Parameters":[{"Name":"object","Type":{"Category":"Class","Name":"Instance"}},{"Name":"descriptor","Type":{"Category":"Primitive","Name":"string"}}],"Security":"None","Tags":["Deprecated"],"ThreadSafety":"Unsafe"},{"MemberType":"Event","Name":"Loaded","Parameters":[],"Security":"None","ThreadSafety":"Unsafe"},{"MemberType":"Event","Name":"ScreenshotReady","Parameters":[{"Name":"path","Type":{"Category":"Primitive","Name":"string"}}],"Security":"RobloxScriptSecurity","ThreadSafety":"Unsafe"},{"MemberType":"Event","Name":"ScreenshotSavedToAlbum","Parameters":[{"Name":"filename","Type":{"Category":"Primitive","Name":"string"}},{"Name":"success","Type":{"Category":"Primitive","Name":"bool"}},{"Name":"message","Type":{"Category":"Primitive","Name":"string"}}],"Security":"RobloxScriptSecurity","ThreadSafety":"Unsafe"},{"MemberType":"Callback","Name":"OnClose","Parameters":[],"ReturnType":{"Category":"Group","Name":"Tuple"},"Security":"None","Tags":["Deprecated"],"ThreadSafety":"Unsafe"}],"MemoryCategory":"Instances","Name":"DataModel","Superclass":"ServiceProvider","Tags":["NotCreatable"]},{"Members":[],"MemoryCategory":"Instances","Name":"GenericSettings","Superclass":"ServiceProvider","Tags":["NotCreatable"]},{"Members":[],"MemoryCategory":"Instances","Name":"AnalysticsSettings","Superclass":"GenericSettings","Tags":["NotCreatable"]},{"Members":[{"MemberType":"Function","Name":"GetFFlag","Parameters":[{"Name":"name","Type":{"Category":"Primitive","Name":"string"}}],"ReturnType":{"Category":"Primitive","Name":"bool"},"Security":"None","ThreadSafety":"Unsafe"},{"MemberType":"Function","Name":"GetFVariable","Parameters":[{"Name":"name","Type":{"Category":"Primitive","Name":"string"}}],"ReturnType":{"Category":"Primitive","Name":"string"},"Security":"None","ThreadSafety":"Unsafe"}],"MemoryCategory":"Instances","Name":"GlobalSettings","Superclass":"GenericSettings","Tags":["NotCreatable","NotBrowsable"]},{"Members":[{"MemberType":"Function","Name":"IsUserFeatureEnabled","Parameters":[{"Name":"name","Type":{"Category":"Primitive","Name":"string"}}],"ReturnType":{"Category":"Primitive","Name":"bool"},"Security":"None","ThreadSafety":"Unsafe"},{"MemberType":"Function","Name":"Reset","Parameters":[],"ReturnType":{"Category":"Primitive","Name":"void"},"Security":"None","ThreadSafety":"Unsafe"}],"MemoryCategory":"Instances","Name":"UserSettings","Superclass":"GenericSettings","Tags":["NotCreatable"]},{"Members":[{"MemberType":"Function","Name":"GetCreatedTimestampUtcMs","Parameters":[{"Name":"sid","Type":{"Category":"Primitive","Name":"string"}}],"ReturnType":{"Category":"Primitive","Name":"int64"},"Security":"RobloxScriptSecurity","ThreadSafety":"Unsafe"},{"MemberType":"Function","Name":"GetMetadata","Parameters":[{"Name":"sid","Type":{"Category":"Primitive","Name":"string"}},{"Name":"key","Type":{"Category":"Primitive","Name":"string"}}],"ReturnType":{"Category":"Group","Name":"Variant"},"Security":"RobloxScriptSecurity","ThreadSafety":"Unsafe"},{"MemberType":"Function","Name":"GetRootSID","Parameters":[],"ReturnType":{"Category":"Primitive","Name":"string"},"Security":"RobloxScriptSecurity","ThreadSafety":"Unsafe"},{"MemberType":"Function","Name":"RemoveMetadata","Parameters":[{"Name":"sid","Type":{"Category":"Primitive","Name":"string"}},{"Name":"key","Type":{"Category":"Primitive","Name":"string"}}],"ReturnType":{"Category":"Primitive","Name":"void"},"Security":"RobloxScriptSecurity","ThreadSafety":"Unsafe"},{"MemberType":"Function","Name":"RemoveSession","Parameters":[{"Name":"sid","Type":{"Category":"Primitive","Name":"string"}}],"ReturnType":{"Category":"Primitive","Name":"void"},"Security":"RobloxScriptSecurity","ThreadSafety":"Unsafe"},{"MemberType":"Function","Name":"ReplaceSession","Parameters":[{"Name":"sid","Type":{"Category":"Primitive","Name":"string"}},{"Name":"tag","Type":{"Category":"Primitive","Name":"string"}}],"ReturnType":{"Category":"Primitive","Name":"void"},"Security":"RobloxScriptSecurity","ThreadSafety":"Unsafe"},{"MemberType":"Function","Name":"SessionExists","Parameters":[{"Name":"sid","Type":{"Category":"Primitive","Name":"string"}}],"ReturnType":{"Category":"Primitive","Name":"bool"},"Security":"RobloxScriptSecurity","ThreadSafety":"Unsafe"},{"MemberType":"Function","Name":"SetMetadata","Parameters":[{"Name":"sid","Type":{"Category":"Primitive","Name":"string"}},{"Name":"key","Type":{"Category":"Primitive","Name":"string"}},{"Name":"value","Type":{"Category":"Group","Name":"Variant"}}],"ReturnType":{"Category":"Primitive","Name":"void"},"Security":"RobloxScriptSecurity","ThreadSafety":"Unsafe"},{"MemberType":"Function","Name":"SetSession","Parameters":[{"Name":"parentSid","Type":{"Category":"Primitive","Name":"string"}},{"Name":"childSid","Type":{"Category":"Primitive","Name":"string"}},{"Name":"tag","Type":{"Category":"Primitive","Name":"string"}}],"ReturnType":{"Category":"Primitive","Name":"void"},"Security":"RobloxScriptSecurity","ThreadSafety":"Unsafe"}],"MemoryCategory":"Instances","Name":"SessionService","Superclass":"Instance","Tags":["NotCreatable","Service"]},{"Members":[{"Category":"Appearance","MemberType":"Property","Name":"CelestialBodiesShown","Security":{"Read":"None","Write":"None"},"Serialization":{"CanLoad":true,"CanSave":true},"ThreadSafety":"ReadSafe","ValueType":{"Category":"Primitive","Name":"bool"}},{"Category":"Appearance","MemberType":"Property","Name":"MoonAngularSize","Security":{"Read":"None","Write":"None"},"Serialization":{"CanLoad":true,"CanSave":true},"ThreadSafety":"ReadSafe","ValueType":{"Category":"Primitive","Name":"float"}},{"Category":"Appearance","MemberType":"Property","Name":"MoonTextureId","Security":{"Read":"None","Write":"None"},"Serialization":{"CanLoad":true,"CanSave":true},"ThreadSafety":"ReadSafe","ValueType":{"Category":"DataType","Name":"Content"}},{"Category":"Appearance","MemberType":"Property","Name":"SkyboxBk","Security":{"Read":"None","Write":"None"},"Serialization":{"CanLoad":true,"CanSave":true},"ThreadSafety":"ReadSafe","ValueType":{"Category":"DataType","Name":"Content"}},{"Category":"Appearance","MemberType":"Property","Name":"SkyboxDn","Security":{"Read":"None","Write":"None"},"Serialization":{"CanLoad":true,"CanSave":true},"ThreadSafety":"ReadSafe","ValueType":{"Category":"DataType","Name":"Content"}},{"Category":"Appearance","MemberType":"Property","Name":"SkyboxFt","Security":{"Read":"None","Write":"None"},"Serialization":{"CanLoad":true,"CanSave":true},"ThreadSafety":"ReadSafe","ValueType":{"Category":"DataType","Name":"Content"}},{"Category":"Appearance","MemberType":"Property","Name":"SkyboxLf","Security":{"Read":"None","Write":"None"},"Serialization":{"CanLoad":true,"CanSave":true},"ThreadSafety":"ReadSafe","ValueType":{"Category":"DataType","Name":"Content"}},{"Category":"Appearance","MemberType":"Property","Name":"SkyboxRt","Security":{"Read":"None","Write":"None"},"Serialization":{"CanLoad":true,"CanSave":true},"ThreadSafety":"ReadSafe","ValueType":{"Category":"DataType","Name":"Content"}},{"Category":"Appearance","MemberType":"Property","Name":"SkyboxUp","Security":{"Read":"None","Write":"None"},"Serialization":{"CanLoad":true,"CanSave":true},"ThreadSafety":"ReadSafe","ValueType":{"Category":"DataType","Name":"Content"}},{"Category":"Appearance","MemberType":"Property","Name":"StarCount","Security":{"Read":"None","Write":"None"},"Serialization":{"CanLoad":true,"CanSave":true},"ThreadSafety":"ReadSafe","ValueType":{"Category":"Primitive","Name":"int"}},{"Category":"Appearance","MemberType":"Property","Name":"SunAngularSize","Security":{"Read":"None","Write":"None"},"Serialization":{"CanLoad":true,"CanSave":true},"ThreadSafety":"ReadSafe","ValueType":{"Category":"Primitive","Name":"float"}},{"Category":"Appearance","MemberType":"Property","Name":"SunTextureId","Security":{"Read":"None","Write":"None"},"Serialization":{"CanLoad":true,"CanSave":true},"ThreadSafety":"ReadSafe","ValueType":{"Category":"DataType","Name":"Content"}}],"MemoryCategory":"Instances","Name":"Sky","Superclass":"Instance"},{"Members":[{"Category":"Data","MemberType":"Property","Name":"Color","Security":{"Read":"None","Write":"None"},"Serialization":{"CanLoad":true,"CanSave":true},"ThreadSafety":"ReadSafe","ValueType":{"Category":"DataType","Name":"Color3"}},{"Category":"Data","MemberType":"Property","Name":"Enabled","Security":{"Read":"None","Write":"None"},"Serialization":{"CanLoad":true,"CanSave":true},"ThreadSafety":"ReadSafe","ValueType":{"Category":"Primitive","Name":"bool"}},{"Category":"Data","MemberType":"Property","Name":"Opacity","Security":{"Read":"None","Write":"None"},"Serialization":{"CanLoad":true,"CanSave":false},"Tags":["NotReplicated"],"ThreadSafety":"ReadSafe","ValueType":{"Category":"Primitive","Name":"float"}},{"Category":"Data","MemberType":"Property","Name":"RiseVelocity","Security":{"Read":"None","Write":"None"},"Serialization":{"CanLoad":true,"CanSave":false},"Tags":["NotReplicated"],"ThreadSafety":"ReadSafe","ValueType":{"Category":"Primitive","Name":"float"}},{"Category":"Data","MemberType":"Property","Name":"Size","Security":{"Read":"None","Write":"None"},"Serialization":{"CanLoad":true,"CanSave":false},"Tags":["NotReplicated"],"ThreadSafety":"ReadSafe","ValueType":{"Category":"Primitive","Name":"float"}},{"Category":"Data","MemberType":"Property","Name":"TimeScale","Security":{"Read":"None","Write":"None"},"Serialization":{"CanLoad":true,"CanSave":true},"ThreadSafety":"ReadSafe","ValueType":{"Category":"Primitive","Name":"float"}}],"MemoryCategory":"Instances","Name":"Smoke","Superclass":"Instance"},{"Members":[{"MemberType":"Function","Name":"InvokeGameInvitePromptClosed","Parameters":[{"Name":"player","Type":{"Category":"Class","Name":"Instance"}},{"Name":"recipientIds","Type":{"Category":"Group","Name":"Array"}}],"ReturnType":{"Category":"Primitive","Name":"void"},"Security":"RobloxScriptSecurity","ThreadSafety":"Unsafe"},{"MemberType":"Function","Name":"PromptGameInvite","Parameters":[{"Name":"player","Type":{"Category":"Class","Name":"Instance"}}],"ReturnType":{"Category":"Primitive","Name":"void"},"Security":"None","ThreadSafety":"Unsafe"},{"MemberType":"Function","Name":"CanSendGameInviteAsync","Parameters":[{"Name":"player","Type":{"Category":"Class","Name":"Instance"}}],"ReturnType":{"Category":"Primitive","Name":"bool"},"Security":"None","Tags":["Yields"],"ThreadSafety":"Unsafe"},{"MemberType":"Event","Name":"GameInvitePromptClosed","Parameters":[{"Name":"player","Type":{"Category":"Class","Name":"Instance"}},{"Name":"recipientIds","Type":{"Category":"Group","Name":"Array"}}],"Security":"None","ThreadSafety":"Unsafe"},{"MemberType":"Event","Name":"PromptInviteRequested","Parameters":[{"Name":"player","Type":{"Category":"Class","Name":"Instance"}}],"Security":"RobloxScriptSecurity","ThreadSafety":"Unsafe"}],"MemoryCategory":"Instances","Name":"SocialService","Superclass":"Instance","Tags":["NotCreatable","Service","NotReplicated"]},{"Members":[{"Category":"Data","MemberType":"Property","Name":"ChannelCount","Security":{"Read":"RobloxScriptSecurity","Write":"RobloxScriptSecurity"},"Serialization":{"CanLoad":false,"CanSave":false},"Tags":["ReadOnly","NotReplicated","NotBrowsable"],"ThreadSafety":"ReadSafe","ValueType":{"Category":"Primitive","Name":"int"}},{"Category":"Data","MemberType":"Property","Name":"EmitterSize","Security":{"Read":"None","Write":"None"},"Serialization":{"CanLoad":true,"CanSave":true},"Tags":["Deprecated"],"ThreadSafety":"ReadSafe","ValueType":{"Category":"Primitive","Name":"float"}},{"Category":"Data","MemberType":"Property","Name":"IsLoaded","Security":{"Read":"None","Write":"None"},"Serialization":{"CanLoad":false,"CanSave":false},"Tags":["ReadOnly","NotReplicated"],"ThreadSafety":"ReadSafe","ValueType":{"Category":"Primitive","Name":"bool"}},{"Category":"Data","MemberType":"Property","Name":"IsPaused","Security":{"Read":"None","Write":"None"},"Serialization":{"CanLoad":false,"CanSave":false},"Tags":["ReadOnly","NotReplicated"],"ThreadSafety":"ReadSafe","ValueType":{"Category":"Primitive","Name":"bool"}},{"Category":"Data","MemberType":"Property","Name":"IsPlaying","Security":{"Read":"None","Write":"None"},"Serialization":{"CanLoad":false,"CanSave":false},"Tags":["ReadOnly","NotReplicated"],"ThreadSafety":"ReadSafe","ValueType":{"Category":"Primitive","Name":"bool"}},{"Category":"Data","MemberType":"Property","Name":"Looped","Security":{"Read":"None","Write":"None"},"Serialization":{"CanLoad":true,"CanSave":true},"ThreadSafety":"ReadSafe","ValueType":{"Category":"Primitive","Name":"bool"}},{"Category":"Data","MemberType":"Property","Name":"MaxDistance","Security":{"Read":"None","Write":"None"},"Serialization":{"CanLoad":false,"CanSave":false},"Tags":["Deprecated"],"ThreadSafety":"ReadSafe","ValueType":{"Category":"Primitive","Name":"float"}},{"Category":"Data","MemberType":"Property","Name":"MinDistance","Security":{"Read":"None","Write":"None"},"Serialization":{"CanLoad":true,"CanSave":false},"Tags":["Deprecated"],"ThreadSafety":"ReadSafe","ValueType":{"Category":"Primitive","Name":"float"}},{"Category":"Data","MemberType":"Property","Name":"Pitch","Security":{"Read":"None","Write":"None"},"Serialization":{"CanLoad":true,"CanSave":false},"Tags":["Deprecated"],"ThreadSafety":"ReadSafe","ValueType":{"Category":"Primitive","Name":"float"}},{"Category":"Behavior","MemberType":"Property","Name":"PlayOnRemove","Security":{"Read":"None","Write":"None"},"Serialization":{"CanLoad":true,"CanSave":true},"ThreadSafety":"ReadSafe","ValueType":{"Category":"Primitive","Name":"bool"}},{"Category":"Data","MemberType":"Property","Name":"PlaybackLoudness","Security":{"Read":"None","Write":"None"},"Serialization":{"CanLoad":false,"CanSave":false},"Tags":["ReadOnly","NotReplicated"],"ThreadSafety":"ReadSafe","ValueType":{"Category":"Primitive","Name":"double"}},{"Category":"Data","MemberType":"Property","Name":"PlaybackSpeed","Security":{"Read":"None","Write":"None"},"Serialization":{"CanLoad":true,"CanSave":true},"Tags":["NotReplicated"],"ThreadSafety":"ReadSafe","ValueType":{"Category":"Primitive","Name":"float"}},{"Category":"Data","MemberType":"Property","Name":"Playing","Security":{"Read":"None","Write":"None"},"Serialization":{"CanLoad":true,"CanSave":true},"Tags":["NotReplicated"],"ThreadSafety":"ReadSafe","ValueType":{"Category":"Primitive","Name":"bool"}},{"Category":"Data","MemberType":"Property","Name":"RollOffMaxDistance","Security":{"Read":"None","Write":"None"},"Serialization":{"CanLoad":false,"CanSave":false},"Tags":["NotReplicated"],"ThreadSafety":"ReadSafe","ValueType":{"Category":"Primitive","Name":"float"}},{"Category":"Data","MemberType":"Property","Name":"RollOffMinDistance","Security":{"Read":"None","Write":"None"},"Serialization":{"CanLoad":false,"CanSave":false},"Tags":["NotReplicated"],"ThreadSafety":"ReadSafe","ValueType":{"Category":"Primitive","Name":"float"}},{"Category":"Data","MemberType":"Property","Name":"RollOffMode","Security":{"Read":"None","Write":"None"},"Serialization":{"CanLoad":true,"CanSave":true},"ThreadSafety":"ReadSafe","ValueType":{"Category":"Enum","Name":"RollOffMode"}},{"Category":"Data","MemberType":"Property","Name":"SoundGroup","Security":{"Read":"None","Write":"None"},"Serialization":{"CanLoad":true,"CanSave":true},"ThreadSafety":"ReadSafe","ValueType":{"Category":"Class","Name":"SoundGroup"}},{"Category":"Data","MemberType":"Property","Name":"SoundId","Security":{"Read":"None","Write":"None"},"Serialization":{"CanLoad":true,"CanSave":true},"ThreadSafety":"ReadSafe","ValueType":{"Category":"DataType","Name":"Content"}},{"Category":"Data","MemberType":"Property","Name":"TimeLength","Security":{"Read":"None","Write":"None"},"Serialization":{"CanLoad":false,"CanSave":false},"Tags":["ReadOnly","NotReplicated"],"ThreadSafety":"ReadSafe","ValueType":{"Category":"Primitive","Name":"double"}},{"Category":"Data","MemberType":"Property","Name":"TimePosition","Security":{"Read":"None","Write":"None"},"Serialization":{"CanLoad":true,"CanSave":true},"Tags":["NotReplicated"],"ThreadSafety":"ReadSafe","ValueType":{"Category":"Primitive","Name":"double"}},{"Category":"Behavior","MemberType":"Property","Name":"UsageContextPermission","Security":{"Read":"RobloxScriptSecurity","Write":"RobloxScriptSecurity"},"Serialization":{"CanLoad":false,"CanSave":false},"Tags":["Hidden","NotReplicated"],"ThreadSafety":"ReadSafe","ValueType":{"Category":"Enum","Name":"UsageContext"}},{"Category":"Data","MemberType":"Property","Name":"Volume","Security":{"Read":"None","Write":"None"},"Serialization":{"CanLoad":true,"CanSave":true},"ThreadSafety":"ReadSafe","ValueType":{"Category":"Primitive","Name":"float"}},{"Category":"Data","MemberType":"Property","Name":"isPlaying","Security":{"Read":"None","Write":"None"},"Serialization":{"CanLoad":false,"CanSave":false},"Tags":["ReadOnly","NotReplicated","Deprecated"],"ThreadSafety":"ReadSafe","ValueType":{"Category":"Primitive","Name":"bool"}},{"MemberType":"Function","Name":"Pause","Parameters":[],"ReturnType":{"Category":"Primitive","Name":"void"},"Security":"None","ThreadSafety":"Unsafe"},{"MemberType":"Function","Name":"Play","Parameters":[],"ReturnType":{"Category":"Primitive","Name":"void"},"Security":"None","ThreadSafety":"Unsafe"},{"MemberType":"Function","Name":"Resume","Parameters":[],"ReturnType":{"Category":"Primitive","Name":"void"},"Security":"None","ThreadSafety":"Unsafe"},{"MemberType":"Function","Name":"Stop","Parameters":[],"ReturnType":{"Category":"Primitive","Name":"void"},"Security":"None","ThreadSafety":"Unsafe"},{"MemberType":"Function","Name":"pause","Parameters":[],"ReturnType":{"Category":"Primitive","Name":"void"},"Security":"None","Tags":["Deprecated"],"ThreadSafety":"Unsafe"},{"MemberType":"Function","Name":"play","Parameters":[],"ReturnType":{"Category":"Primitive","Name":"void"},"Security":"None","Tags":["Deprecated"],"ThreadSafety":"Unsafe"},{"MemberType":"Function","Name":"stop","Parameters":[],"ReturnType":{"Category":"Primitive","Name":"void"},"Security":"None","Tags":["Deprecated"],"ThreadSafety":"Unsafe"},{"MemberType":"Event","Name":"DidLoop","Parameters":[{"Name":"soundId","Type":{"Category":"Primitive","Name":"string"}},{"Name":"numOfTimesLooped","Type":{"Category":"Primitive","Name":"int"}}],"Security":"None","ThreadSafety":"Unsafe"},{"MemberType":"Event","Name":"Ended","Parameters":[{"Name":"soundId","Type":{"Category":"Primitive","Name":"string"}}],"Security":"None","ThreadSafety":"Unsafe"},{"MemberType":"Event","Name":"Loaded","Parameters":[{"Name":"soundId","Type":{"Category":"Primitive","Name":"string"}}],"Security":"None","ThreadSafety":"Unsafe"},{"MemberType":"Event","Name":"Paused","Parameters":[{"Name":"soundId","Type":{"Category":"Primitive","Name":"string"}}],"Security":"None","ThreadSafety":"Unsafe"},{"MemberType":"Event","Name":"Played","Parameters":[{"Name":"soundId","Type":{"Category":"Primitive","Name":"string"}}],"Security":"None","ThreadSafety":"Unsafe"},{"MemberType":"Event","Name":"Resumed","Parameters":[{"Name":"soundId","Type":{"Category":"Primitive","Name":"string"}}],"Security":"None","ThreadSafety":"Unsafe"},{"MemberType":"Event","Name":"Stopped","Parameters":[{"Name":"soundId","Type":{"Category":"Primitive","Name":"string"}}],"Security":"None","ThreadSafety":"Unsafe"}],"MemoryCategory":"Internal","Name":"Sound","Superclass":"Instance"},{"Members":[{"Category":"State","MemberType":"Property","Name":"Enabled","Security":{"Read":"None","Write":"None"},"Serialization":{"CanLoad":true,"CanSave":true},"ThreadSafety":"ReadSafe","ValueType":{"Category":"Primitive","Name":"bool"}},{"Category":"State","MemberType":"Property","Name":"Priority","Security":{"Read":"None","Write":"None"},"Serialization":{"CanLoad":true,"CanSave":true},"ThreadSafety":"ReadSafe","ValueType":{"Category":"Primitive","Name":"int"}}],"MemoryCategory":"Instances","Name":"SoundEffect","Superclass":"Instance","Tags":["NotCreatable"]},{"Members":[{"Category":"State","MemberType":"Property","Name":"Depth","Security":{"Read":"None","Write":"None"},"Serialization":{"CanLoad":true,"CanSave":true},"ThreadSafety":"ReadSafe","ValueType":{"Category":"Primitive","Name":"float"}},{"Category":"State","MemberType":"Property","Name":"Mix","Security":{"Read":"None","Write":"None"},"Serialization":{"CanLoad":true,"CanSave":true},"ThreadSafety":"ReadSafe","ValueType":{"Category":"Primitive","Name":"float"}},{"Category":"State","MemberType":"Property","Name":"Rate","Security":{"Read":"None","Write":"None"},"Serialization":{"CanLoad":true,"CanSave":true},"ThreadSafety":"ReadSafe","ValueType":{"Category":"Primitive","Name":"float"}}],"MemoryCategory":"Instances","Name":"ChorusSoundEffect","Superclass":"SoundEffect"},{"Members":[{"Category":"State","MemberType":"Property","Name":"Attack","Security":{"Read":"None","Write":"None"},"Serialization":{"CanLoad":true,"CanSave":true},"ThreadSafety":"ReadSafe","ValueType":{"Category":"Primitive","Name":"float"}},{"Category":"State","MemberType":"Property","Name":"GainMakeup","Security":{"Read":"None","Write":"None"},"Serialization":{"CanLoad":true,"CanSave":true},"ThreadSafety":"ReadSafe","ValueType":{"Category":"Primitive","Name":"float"}},{"Category":"State","MemberType":"Property","Name":"Ratio","Security":{"Read":"None","Write":"None"},"Serialization":{"CanLoad":true,"CanSave":true},"ThreadSafety":"ReadSafe","ValueType":{"Category":"Primitive","Name":"float"}},{"Category":"State","MemberType":"Property","Name":"Release","Security":{"Read":"None","Write":"None"},"Serialization":{"CanLoad":true,"CanSave":true},"ThreadSafety":"ReadSafe","ValueType":{"Category":"Primitive","Name":"float"}},{"Category":"State","MemberType":"Property","Name":"SideChain","Security":{"Read":"None","Write":"None"},"Serialization":{"CanLoad":true,"CanSave":true},"ThreadSafety":"ReadSafe","ValueType":{"Category":"Class","Name":"Instance"}},{"Category":"State","MemberType":"Property","Name":"Threshold","Security":{"Read":"None","Write":"None"},"Serialization":{"CanLoad":true,"CanSave":true},"ThreadSafety":"ReadSafe","ValueType":{"Category":"Primitive","Name":"float"}}],"MemoryCategory":"Instances","Name":"CompressorSoundEffect","Superclass":"SoundEffect"},{"Members":[],"MemoryCategory":"Instances","Name":"CustomDspSoundEffect","Superclass":"SoundEffect","Tags":["NotCreatable"]},{"Members":[{"Category":"State","MemberType":"Property","Name":"Channel","Security":{"Read":"None","Write":"None"},"Serialization":{"CanLoad":true,"CanSave":true},"ThreadSafety":"ReadSafe","ValueType":{"Category":"Primitive","Name":"int"}}],"MemoryCategory":"Instances","Name":"ChannelSelectorSoundEffect","Superclass":"CustomDspSoundEffect","Tags":["NotBrowsable"]},{"Members":[{"Category":"State","MemberType":"Property","Name":"Level","Security":{"Read":"None","Write":"None"},"Serialization":{"CanLoad":true,"CanSave":true},"ThreadSafety":"ReadSafe","ValueType":{"Category":"Primitive","Name":"float"}}],"MemoryCategory":"Instances","Name":"DistortionSoundEffect","Superclass":"SoundEffect"},{"Members":[{"Category":"State","MemberType":"Property","Name":"Delay","Security":{"Read":"None","Write":"None"},"Serialization":{"CanLoad":true,"CanSave":true},"ThreadSafety":"ReadSafe","ValueType":{"Category":"Primitive","Name":"float"}},{"Category":"State","MemberType":"Property","Name":"DryLevel","Security":{"Read":"None","Write":"None"},"Serialization":{"CanLoad":true,"CanSave":true},"ThreadSafety":"ReadSafe","ValueType":{"Category":"Primitive","Name":"float"}},{"Category":"State","MemberType":"Property","Name":"Feedback","Security":{"Read":"None","Write":"None"},"Serialization":{"CanLoad":true,"CanSave":true},"ThreadSafety":"ReadSafe","ValueType":{"Category":"Primitive","Name":"float"}},{"Category":"State","MemberType":"Property","Name":"WetLevel","Security":{"Read":"None","Write":"None"},"Serialization":{"CanLoad":true,"CanSave":true},"ThreadSafety":"ReadSafe","ValueType":{"Category":"Primitive","Name":"float"}}],"MemoryCategory":"Instances","Name":"EchoSoundEffect","Superclass":"SoundEffect"},{"Members":[{"Category":"State","MemberType":"Property","Name":"HighGain","Security":{"Read":"None","Write":"None"},"Serialization":{"CanLoad":true,"CanSave":true},"ThreadSafety":"ReadSafe","ValueType":{"Category":"Primitive","Name":"float"}},{"Category":"State","MemberType":"Property","Name":"LowGain","Security":{"Read":"None","Write":"None"},"Serialization":{"CanLoad":true,"CanSave":true},"ThreadSafety":"ReadSafe","ValueType":{"Category":"Primitive","Name":"float"}},{"Category":"State","MemberType":"Property","Name":"MidGain","Security":{"Read":"None","Write":"None"},"Serialization":{"CanLoad":true,"CanSave":true},"ThreadSafety":"ReadSafe","ValueType":{"Category":"Primitive","Name":"float"}}],"MemoryCategory":"Instances","Name":"EqualizerSoundEffect","Superclass":"SoundEffect"},{"Members":[{"Category":"State","MemberType":"Property","Name":"Depth","Security":{"Read":"None","Write":"None"},"Serialization":{"CanLoad":true,"CanSave":true},"ThreadSafety":"ReadSafe","ValueType":{"Category":"Primitive","Name":"float"}},{"Category":"State","MemberType":"Property","Name":"Mix","Security":{"Read":"None","Write":"None"},"Serialization":{"CanLoad":true,"CanSave":true},"ThreadSafety":"ReadSafe","ValueType":{"Category":"Primitive","Name":"float"}},{"Category":"State","MemberType":"Property","Name":"Rate","Security":{"Read":"None","Write":"None"},"Serialization":{"CanLoad":true,"CanSave":true},"ThreadSafety":"ReadSafe","ValueType":{"Category":"Primitive","Name":"float"}}],"MemoryCategory":"Instances","Name":"FlangeSoundEffect","Superclass":"SoundEffect"},{"Members":[{"Category":"State","MemberType":"Property","Name":"Octave","Security":{"Read":"None","Write":"None"},"Serialization":{"CanLoad":true,"CanSave":true},"ThreadSafety":"ReadSafe","ValueType":{"Category":"Primitive","Name":"float"}}],"MemoryCategory":"Instances","Name":"PitchShiftSoundEffect","Superclass":"SoundEffect"},{"Members":[{"Category":"State","MemberType":"Property","Name":"DecayTime","Security":{"Read":"None","Write":"None"},"Serialization":{"CanLoad":true,"CanSave":true},"ThreadSafety":"ReadSafe","ValueType":{"Category":"Primitive","Name":"float"}},{"Category":"State","MemberType":"Property","Name":"Density","Security":{"Read":"None","Write":"None"},"Serialization":{"CanLoad":true,"CanSave":true},"ThreadSafety":"ReadSafe","ValueType":{"Category":"Primitive","Name":"float"}},{"Category":"State","MemberType":"Property","Name":"Diffusion","Security":{"Read":"None","Write":"None"},"Serialization":{"CanLoad":true,"CanSave":true},"ThreadSafety":"ReadSafe","ValueType":{"Category":"Primitive","Name":"float"}},{"Category":"State","MemberType":"Property","Name":"DryLevel","Security":{"Read":"None","Write":"None"},"Serialization":{"CanLoad":true,"CanSave":true},"ThreadSafety":"ReadSafe","ValueType":{"Category":"Primitive","Name":"float"}},{"Category":"State","MemberType":"Property","Name":"WetLevel","Security":{"Read":"None","Write":"None"},"Serialization":{"CanLoad":true,"CanSave":true},"ThreadSafety":"ReadSafe","ValueType":{"Category":"Primitive","Name":"float"}}],"MemoryCategory":"Instances","Name":"ReverbSoundEffect","Superclass":"SoundEffect"},{"Members":[{"Category":"State","MemberType":"Property","Name":"Depth","Security":{"Read":"None","Write":"None"},"Serialization":{"CanLoad":true,"CanSave":true},"ThreadSafety":"ReadSafe","ValueType":{"Category":"Primitive","Name":"float"}},{"Category":"State","MemberType":"Property","Name":"Duty","Security":{"Read":"None","Write":"None"},"Serialization":{"CanLoad":true,"CanSave":true},"ThreadSafety":"ReadSafe","ValueType":{"Category":"Primitive","Name":"float"}},{"Category":"State","MemberType":"Property","Name":"Frequency","Security":{"Read":"None","Write":"None"},"Serialization":{"CanLoad":true,"CanSave":true},"ThreadSafety":"ReadSafe","ValueType":{"Category":"Primitive","Name":"float"}}],"MemoryCategory":"Instances","Name":"TremoloSoundEffect","Superclass":"SoundEffect"},{"Members":[{"Category":"State","MemberType":"Property","Name":"Volume","Security":{"Read":"None","Write":"None"},"Serialization":{"CanLoad":true,"CanSave":true},"ThreadSafety":"ReadSafe","ValueType":{"Category":"Primitive","Name":"float"}}],"MemoryCategory":"Internal","Name":"SoundGroup","Superclass":"Instance"},{"Members":[{"Category":"Data","MemberType":"Property","Name":"AmbientReverb","Security":{"Read":"None","Write":"None"},"Serialization":{"CanLoad":true,"CanSave":true},"ThreadSafety":"ReadSafe","ValueType":{"Category":"Enum","Name":"ReverbType"}},{"Category":"Data","MemberType":"Property","Name":"DistanceFactor","Security":{"Read":"None","Write":"None"},"Serialization":{"CanLoad":true,"CanSave":true},"ThreadSafety":"ReadSafe","ValueType":{"Category":"Primitive","Name":"float"}},{"Category":"Data","MemberType":"Property","Name":"DopplerScale","Security":{"Read":"None","Write":"None"},"Serialization":{"CanLoad":true,"CanSave":true},"ThreadSafety":"ReadSafe","ValueType":{"Category":"Primitive","Name":"float"}},{"Category":"Data","MemberType":"Property","Name":"RespectFilteringEnabled","Security":{"Read":"None","Write":"None"},"Serialization":{"CanLoad":true,"CanSave":true},"ThreadSafety":"ReadSafe","ValueType":{"Category":"Primitive","Name":"bool"}},{"Category":"Data","MemberType":"Property","Name":"RolloffScale","Security":{"Read":"None","Write":"None"},"Serialization":{"CanLoad":true,"CanSave":true},"ThreadSafety":"ReadSafe","ValueType":{"Category":"Primitive","Name":"float"}},{"MemberType":"Function","Name":"BeginRecording","Parameters":[],"ReturnType":{"Category":"Primitive","Name":"bool"},"Security":"RobloxScriptSecurity","ThreadSafety":"Unsafe"},{"MemberType":"Function","Name":"GetListener","Parameters":[],"ReturnType":{"Category":"Group","Name":"Tuple"},"Security":"None","ThreadSafety":"Unsafe"},{"MemberType":"Function","Name":"GetOutputDevice","Parameters":[],"ReturnType":{"Category":"Group","Name":"Tuple"},"Security":"RobloxScriptSecurity","ThreadSafety":"Unsafe"},{"MemberType":"Function","Name":"GetOutputDevices","Parameters":[],"ReturnType":{"Category":"Group","Name":"Tuple"},"Security":"RobloxScriptSecurity","ThreadSafety":"Unsafe"},{"MemberType":"Function","Name":"GetSoundMemoryData","Parameters":[],"ReturnType":{"Category":"Group","Name":"Dictionary"},"Security":"RobloxScriptSecurity","ThreadSafety":"Unsafe"},{"MemberType":"Function","Name":"PlayLocalSound","Parameters":[{"Name":"sound","Type":{"Category":"Class","Name":"Instance"}}],"ReturnType":{"Category":"Primitive","Name":"void"},"Security":"None","ThreadSafety":"Unsafe"},{"MemberType":"Function","Name":"SetListener","Parameters":[{"Name":"listenerType","Type":{"Category":"Enum","Name":"ListenerType"}},{"Name":"listener","Type":{"Category":"Group","Name":"Tuple"}}],"ReturnType":{"Category":"Primitive","Name":"void"},"Security":"None","ThreadSafety":"Unsafe"},{"MemberType":"Function","Name":"SetOutputDevice","Parameters":[{"Name":"name","Type":{"Category":"Primitive","Name":"string"}},{"Name":"guid","Type":{"Category":"Primitive","Name":"string"}}],"ReturnType":{"Category":"Primitive","Name":"void"},"Security":"RobloxScriptSecurity","ThreadSafety":"Unsafe"},{"MemberType":"Function","Name":"SetRecordingDevice","Parameters":[{"Name":"deviceIndex","Type":{"Category":"Primitive","Name":"int"}}],"ReturnType":{"Category":"Primitive","Name":"bool"},"Security":"RobloxScriptSecurity","ThreadSafety":"Unsafe"},{"MemberType":"Function","Name":"EndRecording","Parameters":[],"ReturnType":{"Category":"Group","Name":"Dictionary"},"Security":"RobloxScriptSecurity","Tags":["Yields"],"ThreadSafety":"Unsafe"},{"MemberType":"Function","Name":"GetRecordingDevices","Parameters":[],"ReturnType":{"Category":"Group","Name":"Dictionary"},"Security":"RobloxScriptSecurity","Tags":["Yields"],"ThreadSafety":"Unsafe"},{"MemberType":"Event","Name":"DeviceListChanged","Parameters":[{"Name":"newDevices","Type":{"Category":"Group","Name":"Tuple"}}],"Security":"RobloxScriptSecurity","ThreadSafety":"Unsafe"}],"MemoryCategory":"Instances","Name":"SoundService","Superclass":"Instance","Tags":["NotCreatable","Service"]},{"Members":[{"Category":"Data","MemberType":"Property","Name":"Color","Security":{"Read":"None","Write":"None"},"Serialization":{"CanLoad":true,"CanSave":false},"Tags":["Hidden","NotReplicated"],"ThreadSafety":"ReadSafe","ValueType":{"Category":"DataType","Name":"Color3"}},{"Category":"Data","MemberType":"Property","Name":"Enabled","Security":{"Read":"None","Write":"None"},"Serialization":{"CanLoad":true,"CanSave":true},"ThreadSafety":"ReadSafe","ValueType":{"Category":"Primitive","Name":"bool"}},{"Category":"Data","MemberType":"Property","Name":"SparkleColor","Security":{"Read":"None","Write":"None"},"Serialization":{"CanLoad":true,"CanSave":true},"ThreadSafety":"ReadSafe","ValueType":{"Category":"DataType","Name":"Color3"}},{"Category":"Data","MemberType":"Property","Name":"TimeScale","Security":{"Read":"None","Write":"None"},"Serialization":{"CanLoad":true,"CanSave":true},"ThreadSafety":"ReadSafe","ValueType":{"Category":"Primitive","Name":"float"}}],"MemoryCategory":"Instances","Name":"Sparkles","Superclass":"Instance"},{"Members":[],"MemoryCategory":"Instances","Name":"SpawnerService","Superclass":"Instance","Tags":["NotCreatable","Service"]},{"Members":[{"Category":"Data","MemberType":"Property","Name":"ChannelCount","Security":{"Read":"None","Write":"None"},"Serialization":{"CanLoad":false,"CanSave":false},"Tags":["ReadOnly","NotReplicated","NotBrowsable"],"ThreadSafety":"ReadSafe","ValueType":{"Category":"Primitive","Name":"int"}},{"Category":"Data","MemberType":"Property","Name":"PlaybackLoudness","Security":{"Read":"None","Write":"None"},"Serialization":{"CanLoad":false,"CanSave":false},"Tags":["ReadOnly","NotReplicated"],"ThreadSafety":"ReadSafe","ValueType":{"Category":"Primitive","Name":"double"}},{"Category":"Data","MemberType":"Property","Name":"RollOffMaxDistance","Security":{"Read":"None","Write":"None"},"Serialization":{"CanLoad":false,"CanSave":false},"Tags":["NotReplicated"],"ThreadSafety":"ReadSafe","ValueType":{"Category":"Primitive","Name":"float"}},{"Category":"Data","MemberType":"Property","Name":"RollOffMinDistance","Security":{"Read":"None","Write":"None"},"Serialization":{"CanLoad":false,"CanSave":false},"Tags":["NotReplicated"],"ThreadSafety":"ReadSafe","ValueType":{"Category":"Primitive","Name":"float"}},{"Category":"Data","MemberType":"Property","Name":"RollOffMode","Security":{"Read":"None","Write":"None"},"Serialization":{"CanLoad":true,"CanSave":true},"ThreadSafety":"ReadSafe","ValueType":{"Category":"Enum","Name":"RollOffMode"}},{"Category":"Data","MemberType":"Property","Name":"SoundGroup","Security":{"Read":"None","Write":"None"},"Serialization":{"CanLoad":true,"CanSave":true},"ThreadSafety":"ReadSafe","ValueType":{"Category":"Class","Name":"SoundGroup"}},{"Category":"Data","MemberType":"Property","Name":"Source","Security":{"Read":"None","Write":"None"},"Serialization":{"CanLoad":true,"CanSave":true},"ThreadSafety":"ReadSafe","ValueType":{"Category":"Class","Name":"Instance"}},{"Category":"Data","MemberType":"Property","Name":"Volume","Security":{"Read":"None","Write":"None"},"Serialization":{"CanLoad":true,"CanSave":true},"ThreadSafety":"ReadSafe","ValueType":{"Category":"Primitive","Name":"float"}}],"MemoryCategory":"Internal","Name":"Speaker","Superclass":"Instance","Tags":["Deprecated"]},{"Members":[{"Category":"Data","MemberType":"Property","Name":"FrameId","Security":{"Read":"RobloxScriptSecurity","Write":"RobloxScriptSecurity"},"Serialization":{"CanLoad":false,"CanSave":false},"Tags":["Hidden","ReadOnly","NotReplicated"],"ThreadSafety":"ReadSafe","ValueType":{"Category":"Primitive","Name":"int"}},{"Category":"Data","MemberType":"Property","Name":"FrameName","Security":{"Read":"RobloxScriptSecurity","Write":"RobloxScriptSecurity"},"Serialization":{"CanLoad":false,"CanSave":false},"Tags":["Hidden","ReadOnly","NotReplicated"],"ThreadSafety":"ReadSafe","ValueType":{"Category":"Primitive","Name":"string"}},{"Category":"Data","MemberType":"Property","Name":"FrameType","Security":{"Read":"RobloxScriptSecurity","Write":"RobloxScriptSecurity"},"Serialization":{"CanLoad":false,"CanSave":false},"Tags":["Hidden","ReadOnly","NotReplicated"],"ThreadSafety":"ReadSafe","ValueType":{"Category":"Enum","Name":"DebuggerFrameType"}},{"Category":"Data","MemberType":"Property","Name":"Globals","Security":{"Read":"RobloxScriptSecurity","Write":"RobloxScriptSecurity"},"Serialization":{"CanLoad":false,"CanSave":false},"Tags":["Hidden","ReadOnly","NotReplicated"],"ThreadSafety":"ReadSafe","ValueType":{"Category":"Class","Name":"DebuggerVariable"}},{"Category":"Data","MemberType":"Property","Name":"Line","Security":{"Read":"RobloxScriptSecurity","Write":"RobloxScriptSecurity"},"Serialization":{"CanLoad":false,"CanSave":false},"Tags":["Hidden","ReadOnly","NotReplicated"],"ThreadSafety":"ReadSafe","ValueType":{"Category":"Primitive","Name":"int"}},{"Category":"Data","MemberType":"Property","Name":"Locals","Security":{"Read":"RobloxScriptSecurity","Write":"RobloxScriptSecurity"},"Serialization":{"CanLoad":false,"CanSave":false},"Tags":["Hidden","ReadOnly","NotReplicated"],"ThreadSafety":"ReadSafe","ValueType":{"Category":"Class","Name":"DebuggerVariable"}},{"Category":"State","MemberType":"Property","Name":"Populated","Security":{"Read":"RobloxScriptSecurity","Write":"RobloxScriptSecurity"},"Serialization":{"CanLoad":false,"CanSave":false},"Tags":["Hidden","ReadOnly","NotReplicated"],"ThreadSafety":"ReadSafe","ValueType":{"Category":"Primitive","Name":"bool"}},{"Category":"Data","MemberType":"Property","Name":"Script","Security":{"Read":"RobloxScriptSecurity","Write":"RobloxScriptSecurity"},"Serialization":{"CanLoad":false,"CanSave":false},"Tags":["Hidden","ReadOnly","NotReplicated"],"ThreadSafety":"ReadSafe","ValueType":{"Category":"Primitive","Name":"string"}},{"Category":"Data","MemberType":"Property","Name":"Upvalues","Security":{"Read":"RobloxScriptSecurity","Write":"RobloxScriptSecurity"},"Serialization":{"CanLoad":false,"CanSave":false},"Tags":["Hidden","ReadOnly","NotReplicated"],"ThreadSafety":"ReadSafe","ValueType":{"Category":"Class","Name":"DebuggerVariable"}}],"MemoryCategory":"Instances","Name":"StackFrame","Superclass":"Instance","Tags":["NotCreatable","NotReplicated"]},{"Members":[],"MemoryCategory":"Instances","Name":"StandalonePluginScripts","Superclass":"Instance"},{"Members":[],"MemoryCategory":"Instances","Name":"StarterGear","Superclass":"Instance"},{"Members":[],"MemoryCategory":"Instances","Name":"StarterPack","Superclass":"Instance","Tags":["NotCreatable","Service"]},{"Members":[{"Category":"Character","MemberType":"Property","Name":"AllowCustomAnimations","Security":{"Read":"None","Write":"RobloxScriptSecurity"},"Serialization":{"CanLoad":true,"CanSave":true},"Tags":["Hidden"],"ThreadSafety":"ReadSafe","ValueType":{"Category":"Primitive","Name":"bool"}},{"Category":"Mobile","MemberType":"Property","Name":"AutoJumpEnabled","Security":{"Read":"None","Write":"None"},"Serialization":{"CanLoad":true,"CanSave":true},"ThreadSafety":"ReadSafe","ValueType":{"Category":"Primitive","Name":"bool"}},{"Category":"Camera","MemberType":"Property","Name":"CameraMaxZoomDistance","Security":{"Read":"None","Write":"None"},"Serialization":{"CanLoad":true,"CanSave":true},"ThreadSafety":"ReadSafe","ValueType":{"Category":"Primitive","Name":"float"}},{"Category":"Camera","MemberType":"Property","Name":"CameraMinZoomDistance","Security":{"Read":"None","Write":"None"},"Serialization":{"CanLoad":true,"CanSave":true},"ThreadSafety":"ReadSafe","ValueType":{"Category":"Primitive","Name":"float"}},{"Category":"Camera","MemberType":"Property","Name":"CameraMode","Security":{"Read":"None","Write":"None"},"Serialization":{"CanLoad":true,"CanSave":true},"ThreadSafety":"ReadSafe","ValueType":{"Category":"Enum","Name":"CameraMode"}},{"Category":"Character Jump Settings","MemberType":"Property","Name":"CharacterJumpHeight","Security":{"Read":"None","Write":"None"},"Serialization":{"CanLoad":true,"CanSave":true},"ThreadSafety":"ReadSafe","ValueType":{"Category":"Primitive","Name":"float"}},{"Category":"Character Jump Settings","MemberType":"Property","Name":"CharacterJumpPower","Security":{"Read":"None","Write":"None"},"Serialization":{"CanLoad":true,"CanSave":true},"ThreadSafety":"ReadSafe","ValueType":{"Category":"Primitive","Name":"float"}},{"Category":"Character","MemberType":"Property","Name":"CharacterMaxSlopeAngle","Security":{"Read":"None","Write":"None"},"Serialization":{"CanLoad":true,"CanSave":true},"ThreadSafety":"ReadSafe","ValueType":{"Category":"Primitive","Name":"float"}},{"Category":"Character Jump Settings","MemberType":"Property","Name":"CharacterUseJumpPower","Security":{"Read":"None","Write":"None"},"Serialization":{"CanLoad":true,"CanSave":true},"ThreadSafety":"ReadSafe","ValueType":{"Category":"Primitive","Name":"bool"}},{"Category":"Character","MemberType":"Property","Name":"CharacterWalkSpeed","Security":{"Read":"None","Write":"None"},"Serialization":{"CanLoad":true,"CanSave":true},"ThreadSafety":"ReadSafe","ValueType":{"Category":"Primitive","Name":"float"}},{"Category":"Camera","MemberType":"Property","Name":"DevCameraOcclusionMode","Security":{"Read":"None","Write":"None"},"Serialization":{"CanLoad":true,"CanSave":true},"ThreadSafety":"ReadSafe","ValueType":{"Category":"Enum","Name":"DevCameraOcclusionMode"}},{"Category":"Camera","MemberType":"Property","Name":"DevComputerCameraMovementMode","Security":{"Read":"None","Write":"None"},"Serialization":{"CanLoad":true,"CanSave":true},"ThreadSafety":"ReadSafe","ValueType":{"Category":"Enum","Name":"DevComputerCameraMovementMode"}},{"Category":"Controls","MemberType":"Property","Name":"DevComputerMovementMode","Security":{"Read":"None","Write":"None"},"Serialization":{"CanLoad":true,"CanSave":true},"ThreadSafety":"ReadSafe","ValueType":{"Category":"Enum","Name":"DevComputerMovementMode"}},{"Category":"Camera","MemberType":"Property","Name":"DevTouchCameraMovementMode","Security":{"Read":"None","Write":"None"},"Serialization":{"CanLoad":true,"CanSave":true},"ThreadSafety":"ReadSafe","ValueType":{"Category":"Enum","Name":"DevTouchCameraMovementMode"}},{"Category":"Controls","MemberType":"Property","Name":"DevTouchMovementMode","Security":{"Read":"None","Write":"None"},"Serialization":{"CanLoad":true,"CanSave":true},"ThreadSafety":"ReadSafe","ValueType":{"Category":"Enum","Name":"DevTouchMovementMode"}},{"Category":"Controls","MemberType":"Property","Name":"EnableMouseLockOption","Security":{"Read":"None","Write":"None"},"Serialization":{"CanLoad":true,"CanSave":true},"ThreadSafety":"ReadSafe","ValueType":{"Category":"Primitive","Name":"bool"}},{"Category":"Character","MemberType":"Property","Name":"GameSettingsAssetIDFace","Security":{"Read":"RobloxScriptSecurity","Write":"RobloxScriptSecurity"},"Serialization":{"CanLoad":true,"CanSave":true},"Tags":["Hidden","NotReplicated"],"ThreadSafety":"ReadSafe","ValueType":{"Category":"Primitive","Name":"int64"}},{"Category":"Character","MemberType":"Property","Name":"GameSettingsAssetIDHead","Security":{"Read":"RobloxScriptSecurity","Write":"RobloxScriptSecurity"},"Serialization":{"CanLoad":true,"CanSave":true},"Tags":["Hidden","NotReplicated"],"ThreadSafety":"ReadSafe","ValueType":{"Category":"Primitive","Name":"int64"}},{"Category":"Character","MemberType":"Property","Name":"GameSettingsAssetIDLeftArm","Security":{"Read":"RobloxScriptSecurity","Write":"RobloxScriptSecurity"},"Serialization":{"CanLoad":true,"CanSave":true},"Tags":["Hidden","NotReplicated"],"ThreadSafety":"ReadSafe","ValueType":{"Category":"Primitive","Name":"int64"}},{"Category":"Character","MemberType":"Property","Name":"GameSettingsAssetIDLeftLeg","Security":{"Read":"RobloxScriptSecurity","Write":"RobloxScriptSecurity"},"Serialization":{"CanLoad":true,"CanSave":true},"Tags":["Hidden","NotReplicated"],"ThreadSafety":"ReadSafe","ValueType":{"Category":"Primitive","Name":"int64"}},{"Category":"Character","MemberType":"Property","Name":"GameSettingsAssetIDPants","Security":{"Read":"RobloxScriptSecurity","Write":"RobloxScriptSecurity"},"Serialization":{"CanLoad":true,"CanSave":true},"Tags":["Hidden","NotReplicated"],"ThreadSafety":"ReadSafe","ValueType":{"Category":"Primitive","Name":"int64"}},{"Category":"Character","MemberType":"Property","Name":"GameSettingsAssetIDRightArm","Security":{"Read":"RobloxScriptSecurity","Write":"RobloxScriptSecurity"},"Serialization":{"CanLoad":true,"CanSave":true},"Tags":["Hidden","NotReplicated"],"ThreadSafety":"ReadSafe","ValueType":{"Category":"Primitive","Name":"int64"}},{"Category":"Character","MemberType":"Property","Name":"GameSettingsAssetIDRightLeg","Security":{"Read":"RobloxScriptSecurity","Write":"RobloxScriptSecurity"},"Serialization":{"CanLoad":true,"CanSave":true},"Tags":["Hidden","NotReplicated"],"ThreadSafety":"ReadSafe","ValueType":{"Category":"Primitive","Name":"int64"}},{"Category":"Character","MemberType":"Property","Name":"GameSettingsAssetIDShirt","Security":{"Read":"RobloxScriptSecurity","Write":"RobloxScriptSecurity"},"Serialization":{"CanLoad":true,"CanSave":true},"Tags":["Hidden","NotReplicated"],"ThreadSafety":"ReadSafe","ValueType":{"Category":"Primitive","Name":"int64"}},{"Category":"Character","MemberType":"Property","Name":"GameSettingsAssetIDTeeShirt","Security":{"Read":"RobloxScriptSecurity","Write":"RobloxScriptSecurity"},"Serialization":{"CanLoad":true,"CanSave":true},"Tags":["Hidden","NotReplicated"],"ThreadSafety":"ReadSafe","ValueType":{"Category":"Primitive","Name":"int64"}},{"Category":"Character","MemberType":"Property","Name":"GameSettingsAssetIDTorso","Security":{"Read":"RobloxScriptSecurity","Write":"RobloxScriptSecurity"},"Serialization":{"CanLoad":true,"CanSave":true},"Tags":["Hidden","NotReplicated"],"ThreadSafety":"ReadSafe","ValueType":{"Category":"Primitive","Name":"int64"}},{"Category":"Character","MemberType":"Property","Name":"GameSettingsAvatar","Security":{"Read":"RobloxScriptSecurity","Write":"RobloxScriptSecurity"},"Serialization":{"CanLoad":true,"CanSave":true},"Tags":["Hidden","NotReplicated"],"ThreadSafety":"ReadSafe","ValueType":{"Category":"Enum","Name":"GameAvatarType"}},{"Category":"Character","MemberType":"Property","Name":"GameSettingsR15Collision","Security":{"Read":"RobloxScriptSecurity","Write":"RobloxScriptSecurity"},"Serialization":{"CanLoad":true,"CanSave":true},"Tags":["Hidden","NotReplicated"],"ThreadSafety":"ReadSafe","ValueType":{"Category":"Enum","Name":"R15CollisionType"}},{"Category":"Character","MemberType":"Property","Name":"GameSettingsScaleRangeBodyType","Security":{"Read":"RobloxScriptSecurity","Write":"RobloxScriptSecurity"},"Serialization":{"CanLoad":true,"CanSave":true},"Tags":["Hidden","NotReplicated"],"ThreadSafety":"ReadSafe","ValueType":{"Category":"DataType","Name":"NumberRange"}},{"Category":"Character","MemberType":"Property","Name":"GameSettingsScaleRangeHead","Security":{"Read":"RobloxScriptSecurity","Write":"RobloxScriptSecurity"},"Serialization":{"CanLoad":true,"CanSave":true},"Tags":["Hidden","NotReplicated"],"ThreadSafety":"ReadSafe","ValueType":{"Category":"DataType","Name":"NumberRange"}},{"Category":"Character","MemberType":"Property","Name":"GameSettingsScaleRangeHeight","Security":{"Read":"RobloxScriptSecurity","Write":"RobloxScriptSecurity"},"Serialization":{"CanLoad":true,"CanSave":true},"Tags":["Hidden","NotReplicated"],"ThreadSafety":"ReadSafe","ValueType":{"Category":"DataType","Name":"NumberRange"}},{"Category":"Character","MemberType":"Property","Name":"GameSettingsScaleRangeProportion","Security":{"Read":"RobloxScriptSecurity","Write":"RobloxScriptSecurity"},"Serialization":{"CanLoad":true,"CanSave":true},"Tags":["Hidden","NotReplicated"],"ThreadSafety":"ReadSafe","ValueType":{"Category":"DataType","Name":"NumberRange"}},{"Category":"Character","MemberType":"Property","Name":"GameSettingsScaleRangeWidth","Security":{"Read":"RobloxScriptSecurity","Write":"RobloxScriptSecurity"},"Serialization":{"CanLoad":true,"CanSave":true},"Tags":["Hidden","NotReplicated"],"ThreadSafety":"ReadSafe","ValueType":{"Category":"DataType","Name":"NumberRange"}},{"Category":"Data","MemberType":"Property","Name":"HealthDisplayDistance","Security":{"Read":"None","Write":"None"},"Serialization":{"CanLoad":true,"CanSave":true},"ThreadSafety":"ReadSafe","ValueType":{"Category":"Primitive","Name":"float"}},{"Category":"Character","MemberType":"Property","Name":"LoadCharacterAppearance","Security":{"Read":"None","Write":"None"},"Serialization":{"CanLoad":true,"CanSave":true},"ThreadSafety":"ReadSafe","ValueType":{"Category":"Primitive","Name":"bool"}},{"Category":"Character","MemberType":"Property","Name":"LoadCharacterLayeredClothing ","Security":{"Read":"None","Write":"None"},"Serialization":{"CanLoad":false,"CanSave":false},"Tags":["NotReplicated","NotScriptable"],"ThreadSafety":"ReadSafe","ValueType":{"Category":"Enum","Name":"LoadCharacterLayeredClothing"}},{"Category":"Data","MemberType":"Property","Name":"NameDisplayDistance","Security":{"Read":"None","Write":"None"},"Serialization":{"CanLoad":true,"CanSave":true},"ThreadSafety":"ReadSafe","ValueType":{"Category":"Primitive","Name":"float"}},{"Category":"Character","MemberType":"Property","Name":"UserEmotesEnabled","Security":{"Read":"None","Write":"None"},"Serialization":{"CanLoad":true,"CanSave":true},"ThreadSafety":"ReadSafe","ValueType":{"Category":"Primitive","Name":"bool"}},{"MemberType":"Function","Name":"ClearDefaults","Parameters":[],"ReturnType":{"Category":"Primitive","Name":"void"},"Security":"RobloxScriptSecurity","ThreadSafety":"Unsafe"}],"MemoryCategory":"Instances","Name":"StarterPlayer","Superclass":"Instance","Tags":["NotCreatable","Service"]}]}