{"Classes":[{"Members":[{"Category":"Data","MemberType":"Property","Name":"AutoSelectGuiEnabled","Security":{"Read":"None","Write":"None"},"Serialization":{"CanLoad":true,"CanSave":true},"ThreadSafety":"ReadSafe","ValueType":{"Category":"Primitive","Name":"bool"}},{"Category":"Data","MemberType":"Property","Name":"CoreEffectFolder","Security":{"Read":"RobloxScriptSecurity","Write":"RobloxScriptSecurity"},"Serialization":{"CanLoad":false,"CanSave":false},"Tags":["Hidden","NotReplicated"],"ThreadSafety":"ReadSafe","ValueType":{"Category":"Class","Name":"Folder"}},{"Category":"Data","MemberType":"Property","Name":"CoreGuiFolder","Security":{"Read":"RobloxScriptSecurity","Write":"RobloxScriptSecurity"},"Serialization":{"CanLoad":false,"CanSave":false},"Tags":["Hidden","NotReplicated"],"ThreadSafety":"ReadSafe","ValueType":{"Category":"Class","Name":"Folder"}},{"Category":"Data","MemberType":"Property","Name":"CoreGuiNavigationEnabled","Security":{"Read":"None","Write":"None"},"Serialization":{"CanLoad":true,"CanSave":true},"ThreadSafety":"ReadSafe","ValueType":{"Category":"Primitive","Name":"bool"}},{"Category":"Data","MemberType":"Property","Name":"GuiNavigationEnabled","Security":{"Read":"None","Write":"None"},"Serialization":{"CanLoad":true,"CanSave":true},"ThreadSafety":"ReadSafe","ValueType":{"Category":"Primitive","Name":"bool"}},{"Category":"Data","MemberType":"Property","Name":"IsModalDialog","Security":{"Read":"None","Write":"None"},"Serialization":{"CanLoad":false,"CanSave":false},"Tags":["ReadOnly","NotReplicated","Deprecated"],"ThreadSafety":"ReadSafe","ValueType":{"Category":"Primitive","Name":"bool"}},{"Category":"Data","MemberType":"Property","Name":"IsWindows","Security":{"Read":"None","Write":"None"},"Serialization":{"CanLoad":false,"CanSave":false},"Tags":["ReadOnly","NotReplicated","Deprecated"],"ThreadSafety":"ReadSafe","ValueType":{"Category":"Primitive","Name":"bool"}},{"Category":"Data","MemberType":"Property","Name":"MenuIsOpen","Security":{"Read":"None","Write":"None"},"Serialization":{"CanLoad":false,"CanSave":true},"Tags":["ReadOnly","NotReplicated"],"ThreadSafety":"ReadSafe","ValueType":{"Category":"Primitive","Name":"bool"}},{"Category":"Data","MemberType":"Property","Name":"SelectedCoreObject","Security":{"Read":"RobloxScriptSecurity","Write":"RobloxScriptSecurity"},"Serialization":{"CanLoad":false,"CanSave":false},"Tags":["Hidden","NotReplicated"],"ThreadSafety":"ReadSafe","ValueType":{"Category":"Class","Name":"GuiObject"}},{"Category":"Data","MemberType":"Property","Name":"SelectedObject","Security":{"Read":"None","Write":"None"},"Serialization":{"CanLoad":true,"CanSave":true},"ThreadSafety":"ReadSafe","ValueType":{"Category":"Class","Name":"GuiObject"}},{"Category":"Data","MemberType":"Property","Name":"TouchControlsEnabled","Security":{"Read":"None","Write":"None"},"Serialization":{"CanLoad":false,"CanSave":false},"ThreadSafety":"ReadSafe","ValueType":{"Category":"Primitive","Name":"bool"}},{"MemberType":"Function","Name":"AddCenterDialog","Parameters":[{"Name":"dialog","Type":{"Category":"Class","Name":"Instance"}},{"Name":"centerDialogType","Type":{"Category":"Enum","Name":"CenterDialogType"}},{"Name":"showFunction","Type":{"Category":"DataType","Name":"Function"}},{"Name":"hideFunction","Type":{"Category":"DataType","Name":"Function"}}],"ReturnType":{"Category":"Primitive","Name":"void"},"Security":"RobloxScriptSecurity","ThreadSafety":"Unsafe"},{"MemberType":"Function","Name":"AddKey","Parameters":[{"Name":"key","Type":{"Category":"Primitive","Name":"string"}}],"ReturnType":{"Category":"Primitive","Name":"void"},"Security":"RobloxScriptSecurity","ThreadSafety":"Unsafe"},{"MemberType":"Function","Name":"AddSelectionParent","Parameters":[{"Name":"selectionName","Type":{"Category":"Primitive","Name":"string"}},{"Name":"selectionParent","Type":{"Category":"Class","Name":"Instance"}}],"ReturnType":{"Category":"Primitive","Name":"void"},"Security":"None","ThreadSafety":"Unsafe"},{"MemberType":"Function","Name":"AddSelectionTuple","Parameters":[{"Name":"selectionName","Type":{"Category":"Primitive","Name":"string"}},{"Name":"selections","Type":{"Category":"Group","Name":"Tuple"}}],"ReturnType":{"Category":"Primitive","Name":"void"},"Security":"None","ThreadSafety":"Unsafe"},{"MemberType":"Function","Name":"AddSpecialKey","Parameters":[{"Name":"key","Type":{"Category":"Enum","Name":"SpecialKey"}}],"ReturnType":{"Category":"Primitive","Name":"void"},"Security":"RobloxScriptSecurity","ThreadSafety":"Unsafe"},{"MemberType":"Function","Name":"BroadcastNotification","Parameters":[{"Name":"data","Type":{"Category":"Primitive","Name":"string"}},{"Name":"notificationType","Type":{"Category":"Primitive","Name":"int"}}],"ReturnType":{"Category":"Primitive","Name":"void"},"Security":"RobloxScriptSecurity","ThreadSafety":"Unsafe"},{"MemberType":"Function","Name":"ClearError","Parameters":[],"ReturnType":{"Category":"Primitive","Name":"void"},"Security":"RobloxScriptSecurity","ThreadSafety":"Unsafe"},{"MemberType":"Function","Name":"CloseInspectMenu","Parameters":[],"ReturnType":{"Category":"Primitive","Name":"void"},"Security":"None","ThreadSafety":"Unsafe"},{"MemberType":"Function","Name":"CloseStatsBasedOnInputString","Parameters":[{"Name":"input","Type":{"Category":"Primitive","Name":"string"}}],"ReturnType":{"Category":"Primitive","Name":"bool"},"Security":"RobloxScriptSecurity","ThreadSafety":"Unsafe"},{"MemberType":"Function","Name":"ForceTenFootInterface","Parameters":[{"Name":"isForced","Type":{"Category":"Primitive","Name":"bool"}}],"ReturnType":{"Category":"Primitive","Name":"void"},"Security":"RobloxScriptSecurity","ThreadSafety":"Unsafe"},{"MemberType":"Function","Name":"GetBrickCount","Parameters":[],"ReturnType":{"Category":"Primitive","Name":"int"},"Security":"RobloxScriptSecurity","ThreadSafety":"Unsafe"},{"MemberType":"Function","Name":"GetClosestDialogToPosition","Parameters":[{"Name":"position","Type":{"Category":"DataType","Name":"Vector3"}}],"ReturnType":{"Category":"Class","Name":"Instance"},"Security":"RobloxScriptSecurity","ThreadSafety":"Unsafe"},{"MemberType":"Function","Name":"GetEmotesMenuOpen","Parameters":[],"ReturnType":{"Category":"Primitive","Name":"bool"},"Security":"None","ThreadSafety":"Unsafe"},{"MemberType":"Function","Name":"GetErrorCode","Parameters":[],"ReturnType":{"Category":"Enum","Name":"ConnectionError"},"Security":"RobloxScriptSecurity","ThreadSafety":"Unsafe"},{"MemberType":"Function","Name":"GetErrorMessage","Parameters":[],"ReturnType":{"Category":"Primitive","Name":"string"},"Security":"RobloxScriptSecurity","Tags":["Deprecated"],"ThreadSafety":"Unsafe"},{"MemberType":"Function","Name":"GetErrorType","Parameters":[],"ReturnType":{"Category":"Enum","Name":"ConnectionError"},"Security":"RobloxScriptSecurity","ThreadSafety":"Unsafe"},{"MemberType":"Function","Name":"GetGameplayPausedNotificationEnabled","Parameters":[],"ReturnType":{"Category":"Primitive","Name":"bool"},"Security":"None","ThreadSafety":"Unsafe"},{"MemberType":"Function","Name":"GetGuiInset","Parameters":[],"ReturnType":{"Category":"Group","Name":"Tuple"},"Security":"None","ThreadSafety":"Unsafe"},{"MemberType":"Function","Name":"GetInspectMenuEnabled","Parameters":[],"ReturnType":{"Category":"Primitive","Name":"bool"},"Security":"None","ThreadSafety":"Unsafe"},{"MemberType":"Function","Name":"GetNotificationTypeList","Parameters":[],"ReturnType":{"Category":"Group","Name":"Dictionary"},"Security":"RobloxScriptSecurity","ThreadSafety":"Unsafe"},{"MemberType":"Function","Name":"GetResolutionScale","Parameters":[],"ReturnType":{"Category":"Primitive","Name":"int"},"Security":"RobloxScriptSecurity","ThreadSafety":"Unsafe"},{"MemberType":"Function","Name":"GetSafeZoneOffsets","Parameters":[],"ReturnType":{"Category":"Group","Name":"Dictionary"},"Security":"RobloxScriptSecurity","ThreadSafety":"Unsafe"},{"MemberType":"Function","Name":"GetUiMessage","Parameters":[],"ReturnType":{"Category":"Primitive","Name":"string"},"Security":"RobloxScriptSecurity","ThreadSafety":"Unsafe"},{"MemberType":"Function","Name":"InspectPlayerFromHumanoidDescription","Parameters":[{"Name":"humanoidDescription","Type":{"Category":"Class","Name":"Instance"}},{"Name":"name","Type":{"Category":"Primitive","Name":"string"}}],"ReturnType":{"Category":"Primitive","Name":"void"},"Security":"None","ThreadSafety":"Unsafe"},{"MemberType":"Function","Name":"InspectPlayerFromUserId","Parameters":[{"Name":"userId","Type":{"Category":"Primitive","Name":"int64"}}],"ReturnType":{"Category":"Primitive","Name":"void"},"Security":"None","ThreadSafety":"Unsafe"},{"MemberType":"Function","Name":"InspectPlayerFromUserIdWithCtx","Parameters":[{"Name":"userId","Type":{"Category":"Primitive","Name":"int64"}},{"Name":"ctx","Type":{"Category":"Primitive","Name":"string"}}],"ReturnType":{"Category":"Primitive","Name":"void"},"Security":"RobloxScriptSecurity","ThreadSafety":"Unsafe"},{"MemberType":"Function","Name":"IsMemoryTrackerEnabled","Parameters":[],"ReturnType":{"Category":"Primitive","Name":"bool"},"Security":"RobloxScriptSecurity","ThreadSafety":"Unsafe"},{"MemberType":"Function","Name":"IsTenFootInterface","Parameters":[],"ReturnType":{"Category":"Primitive","Name":"bool"},"Security":"None","ThreadSafety":"Unsafe"},{"MemberType":"Function","Name":"OpenBrowserWindow","Parameters":[{"Name":"url","Type":{"Category":"Primitive","Name":"string"}}],"ReturnType":{"Category":"Primitive","Name":"void"},"Security":"RobloxScriptSecurity","Tags":["Deprecated"],"ThreadSafety":"Unsafe"},{"MemberType":"Function","Name":"OpenNativeOverlay","Parameters":[{"Name":"title","Type":{"Category":"Primitive","Name":"string"}},{"Name":"url","Type":{"Category":"Primitive","Name":"string"}}],"ReturnType":{"Category":"Primitive","Name":"void"},"Security":"RobloxScriptSecurity","Tags":["Deprecated"],"ThreadSafety":"Unsafe"},{"MemberType":"Function","Name":"RemoveCenterDialog","Parameters":[{"Name":"dialog","Type":{"Category":"Class","Name":"Instance"}}],"ReturnType":{"Category":"Primitive","Name":"void"},"Security":"RobloxScriptSecurity","ThreadSafety":"Unsafe"},{"MemberType":"Function","Name":"RemoveKey","Parameters":[{"Name":"key","Type":{"Category":"Primitive","Name":"string"}}],"ReturnType":{"Category":"Primitive","Name":"void"},"Security":"RobloxScriptSecurity","ThreadSafety":"Unsafe"},{"MemberType":"Function","Name":"RemoveSelectionGroup","Parameters":[{"Name":"selectionName","Type":{"Category":"Primitive","Name":"string"}}],"ReturnType":{"Category":"Primitive","Name":"void"},"Security":"None","ThreadSafety":"Unsafe"},{"MemberType":"Function","Name":"RemoveSpecialKey","Parameters":[{"Name":"key","Type":{"Category":"Enum","Name":"SpecialKey"}}],"ReturnType":{"Category":"Primitive","Name":"void"},"Security":"RobloxScriptSecurity","ThreadSafety":"Unsafe"},{"MemberType":"Function","Name":"Select","Parameters":[{"Name":"selectionParent","Type":{"Category":"Class","Name":"Instance"}}],"ReturnType":{"Category":"Primitive","Name":"void"},"Security":"None","ThreadSafety":"Unsafe"},{"MemberType":"Function","Name":"SetEmotesMenuOpen","Parameters":[{"Name":"isOpen","Type":{"Category":"Primitive","Name":"bool"}}],"ReturnType":{"Category":"Primitive","Name":"void"},"Security":"None","ThreadSafety":"Unsafe"},{"MemberType":"Function","Name":"SetGameplayPausedNotificationEnabled","Parameters":[{"Name":"enabled","Type":{"Category":"Primitive","Name":"bool"}}],"ReturnType":{"Category":"Primitive","Name":"void"},"Security":"None","ThreadSafety":"Unsafe"},{"MemberType":"Function","Name":"SetGlobalGuiInset","Parameters":[{"Name":"x1","Type":{"Category":"Primitive","Name":"int"}},{"Name":"y1","Type":{"Category":"Primitive","Name":"int"}},{"Name":"x2","Type":{"Category":"Primitive","Name":"int"}},{"Name":"y2","Type":{"Category":"Primitive","Name":"int"}}],"ReturnType":{"Category":"Primitive","Name":"void"},"Security":"RobloxScriptSecurity","ThreadSafety":"Unsafe"},{"MemberType":"Function","Name":"SetInspectMenuEnabled","Parameters":[{"Name":"enabled","Type":{"Category":"Primitive","Name":"bool"}}],"ReturnType":{"Category":"Primitive","Name":"void"},"Security":"None","ThreadSafety":"Unsafe"},{"MemberType":"Function","Name":"SetMenuIsOpen","Parameters":[{"Name":"open","Type":{"Category":"Primitive","Name":"bool"}},{"Default":"default","Name":"menuName","Type":{"Category":"Primitive","Name":"string"}}],"ReturnType":{"Category":"Primitive","Name":"void"},"Security":"RobloxScriptSecurity","ThreadSafety":"Unsafe"},{"MemberType":"Function","Name":"SetSafeZoneOffsets","Parameters":[{"Name":"top","Type":{"Category":"Primitive","Name":"float"}},{"Name":"bottom","Type":{"Category":"Primitive","Name":"float"}},{"Name":"left","Type":{"Category":"Primitive","Name":"float"}},{"Name":"right","Type":{"Category":"Primitive","Name":"float"}}],"ReturnType":{"Category":"Primitive","Name":"void"},"Security":"RobloxScriptSecurity","ThreadSafety":"Unsafe"},{"MemberType":"Function","Name":"SetUiMessage","Parameters":[{"Name":"msgType","Type":{"Category":"Enum","Name":"UiMessageType"}},{"Default":"errorCode","Name":"uiMessage","Type":{"Category":"Primitive","Name":"string"}}],"ReturnType":{"Category":"Primitive","Name":"void"},"Security":"LocalUserSecurity","ThreadSafety":"Unsafe"},{"MemberType":"Function","Name":"ShowStatsBasedOnInputString","Parameters":[{"Name":"input","Type":{"Category":"Primitive","Name":"string"}}],"ReturnType":{"Category":"Primitive","Name":"bool"},"Security":"RobloxScriptSecurity","ThreadSafety":"Unsafe"},{"MemberType":"Function","Name":"ToggleFullscreen","Parameters":[],"ReturnType":{"Category":"Primitive","Name":"void"},"Security":"RobloxScriptSecurity","ThreadSafety":"Unsafe"},{"MemberType":"Function","Name":"GetScreenResolution","Parameters":[],"ReturnType":{"Category":"DataType","Name":"Vector2"},"Security":"RobloxScriptSecurity","Tags":["Yields"],"ThreadSafety":"Unsafe"},{"MemberType":"Event","Name":"BrowserWindowClosed","Parameters":[],"Security":"RobloxScriptSecurity","Tags":["Deprecated"],"ThreadSafety":"Unsafe"},{"MemberType":"Event","Name":"CloseInspectMenuRequest","Parameters":[],"Security":"RobloxScriptSecurity","ThreadSafety":"Unsafe"},{"MemberType":"Event","Name":"CoreGuiRenderOverflowed","Parameters":[],"Security":"RobloxScriptSecurity","ThreadSafety":"Unsafe"},{"MemberType":"Event","Name":"EmotesMenuOpenChanged","Parameters":[{"Name":"isOpen","Type":{"Category":"Primitive","Name":"bool"}}],"Security":"RobloxScriptSecurity","ThreadSafety":"Unsafe"},{"MemberType":"Event","Name":"ErrorMessageChanged","Parameters":[{"Name":"newErrorMessage","Type":{"Category":"Primitive","Name":"string"}}],"Security":"RobloxScriptSecurity","Tags":["Deprecated"],"ThreadSafety":"Unsafe"},{"MemberType":"Event","Name":"InspectMenuEnabledChangedSignal","Parameters":[{"Name":"enabled","Type":{"Category":"Primitive","Name":"bool"}}],"Security":"RobloxScriptSecurity","ThreadSafety":"Unsafe"},{"MemberType":"Event","Name":"InspectPlayerFromHumanoidDescriptionRequest","Parameters":[{"Name":"humanoidDescription","Type":{"Category":"Class","Name":"Instance"}},{"Name":"name","Type":{"Category":"Primitive","Name":"string"}}],"Security":"RobloxScriptSecurity","ThreadSafety":"Unsafe"},{"MemberType":"Event","Name":"InspectPlayerFromUserIdWithCtxRequest","Parameters":[{"Name":"userId","Type":{"Category":"Primitive","Name":"int64"}},{"Name":"ctx","Type":{"Category":"Primitive","Name":"string"}}],"Security":"RobloxScriptSecurity","ThreadSafety":"Unsafe"},{"MemberType":"Event","Name":"KeyPressed","Parameters":[{"Name":"key","Type":{"Category":"Primitive","Name":"string"}},{"Name":"modifiers","Type":{"Category":"Primitive","Name":"string"}}],"Security":"RobloxScriptSecurity","ThreadSafety":"Unsafe"},{"MemberType":"Event","Name":"MenuClosed","Parameters":[],"Security":"None","ThreadSafety":"Unsafe"},{"MemberType":"Event","Name":"MenuOpened","Parameters":[],"Security":"None","ThreadSafety":"Unsafe"},{"MemberType":"Event","Name":"NativeClose","Parameters":[],"Security":"RobloxScriptSecurity","ThreadSafety":"Unsafe"},{"MemberType":"Event","Name":"NetworkPausedEnabledChanged","Parameters":[{"Name":"enabled","Type":{"Category":"Primitive","Name":"bool"}}],"Security":"RobloxScriptSecurity","ThreadSafety":"Unsafe"},{"MemberType":"Event","Name":"Open9SliceEditor","Parameters":[{"Name":"selectedImageObject","Type":{"Category":"Class","Name":"Instance"}}],"Security":"RobloxScriptSecurity","ThreadSafety":"Unsafe"},{"MemberType":"Event","Name":"SafeZoneOffsetsChanged","Parameters":[],"Security":"RobloxScriptSecurity","ThreadSafety":"Unsafe"},{"MemberType":"Event","Name":"ShowLeaveConfirmation","Parameters":[],"Security":"RobloxScriptSecurity","ThreadSafety":"Unsafe"},{"MemberType":"Event","Name":"SpecialKeyPressed","Parameters":[{"Name":"key","Type":{"Category":"Enum","Name":"SpecialKey"}},{"Name":"modifiers","Type":{"Category":"Primitive","Name":"string"}}],"Security":"RobloxScriptSecurity","ThreadSafety":"Unsafe"},{"MemberType":"Event","Name":"UiMessageChanged","Parameters":[{"Name":"msgType","Type":{"Category":"Enum","Name":"UiMessageType"}},{"Name":"newUiMessage","Type":{"Category":"Primitive","Name":"string"}}],"Security":"RobloxScriptSecurity","ThreadSafety":"Unsafe"},{"MemberType":"Callback","Name":"SendCoreUiNotification","Parameters":[{"Name":"title","Type":{"Category":"Primitive","Name":"string"}},{"Name":"text","Type":{"Category":"Primitive","Name":"string"}}],"ReturnType":{"Category":"Primitive","Name":"void"},"Security":"RobloxScriptSecurity","ThreadSafety":"Unsafe"}],"MemoryCategory":"Instances","Name":"GuiService","Superclass":"Instance","Tags":["NotCreatable","Service","NotReplicated"]},{"Members":[],"MemoryCategory":"Instances","Name":"GuidRegistryService","Superclass":"Instance","Tags":["NotCreatable","Service"]},{"Members":[{"MemberType":"Function","Name":"GetMotor","Parameters":[{"Name":"inputType","Type":{"Category":"Enum","Name":"UserInputType"}},{"Name":"vibrationMotor","Type":{"Category":"Enum","Name":"VibrationMotor"}}],"ReturnType":{"Category":"Group","Name":"Tuple"},"Security":"None","ThreadSafety":"Unsafe"},{"MemberType":"Function","Name":"IsMotorSupported","Parameters":[{"Name":"inputType","Type":{"Category":"Enum","Name":"UserInputType"}},{"Name":"vibrationMotor","Type":{"Category":"Enum","Name":"VibrationMotor"}}],"ReturnType":{"Category":"Primitive","Name":"bool"},"Security":"None","ThreadSafety":"Unsafe"},{"MemberType":"Function","Name":"IsVibrationSupported","Parameters":[{"Name":"inputType","Type":{"Category":"Enum","Name":"UserInputType"}}],"ReturnType":{"Category":"Primitive","Name":"bool"},"Security":"None","ThreadSafety":"Unsafe"},{"MemberType":"Function","Name":"SetMotor","Parameters":[{"Name":"inputType","Type":{"Category":"Enum","Name":"UserInputType"}},{"Name":"vibrationMotor","Type":{"Category":"Enum","Name":"VibrationMotor"}},{"Name":"vibrationValues","Type":{"Category":"Group","Name":"Tuple"}}],"ReturnType":{"Category":"Primitive","Name":"void"},"Security":"None","ThreadSafety":"Unsafe"}],"MemoryCategory":"Instances","Name":"HapticService","Superclass":"Instance","Tags":["NotCreatable","Service","NotReplicated"]},{"Members":[{"MemberType":"Function","Name":"CancelImportHeightmap","Parameters":[],"ReturnType":{"Category":"Primitive","Name":"void"},"Security":"RobloxScriptSecurity","ThreadSafety":"Unsafe"},{"MemberType":"Function","Name":"IsValidColormap","Parameters":[{"Name":"colormapAssetId","Type":{"Category":"DataType","Name":"Content"}}],"ReturnType":{"Category":"Group","Name":"Tuple"},"Security":"RobloxScriptSecurity","ThreadSafety":"Unsafe"},{"MemberType":"Function","Name":"IsValidHeightmap","Parameters":[{"Name":"heightmapAssetId","Type":{"Category":"DataType","Name":"Content"}}],"ReturnType":{"Category":"Group","Name":"Tuple"},"Security":"RobloxScriptSecurity","ThreadSafety":"Unsafe"},{"MemberType":"Function","Name":"SetImportHeightmapPaused","Parameters":[{"Name":"paused","Type":{"Category":"Primitive","Name":"bool"}}],"ReturnType":{"Category":"Primitive","Name":"void"},"Security":"RobloxScriptSecurity","ThreadSafety":"Unsafe"},{"MemberType":"Function","Name":"GetHeightmapPreviewAsync","Parameters":[{"Name":"heightmapAssetId","Type":{"Category":"DataType","Name":"Content"}}],"ReturnType":{"Category":"Group","Name":"Tuple"},"Security":"RobloxScriptSecurity","Tags":["Yields"],"ThreadSafety":"Unsafe"},{"MemberType":"Function","Name":"ImportHeightmap","Parameters":[{"Name":"region","Type":{"Category":"DataType","Name":"Region3"}},{"Name":"heightmapAssetId","Type":{"Category":"DataType","Name":"Content"}},{"Name":"colormapAssetId","Type":{"Category":"DataType","Name":"Content"}},{"Name":"defaultMaterial","Type":{"Category":"Enum","Name":"Material"}}],"ReturnType":{"Category":"Primitive","Name":"void"},"Security":"RobloxScriptSecurity","Tags":["Yields"],"ThreadSafety":"Unsafe"},{"MemberType":"Event","Name":"ColormapHasUnknownPixels","Parameters":[],"Security":"RobloxScriptSecurity","ThreadSafety":"Unsafe"},{"MemberType":"Event","Name":"ProgressUpdate","Parameters":[{"Name":"progressRatio","Type":{"Category":"Primitive","Name":"float"}},{"Name":"operation","Type":{"Category":"Primitive","Name":"string"}}],"Security":"RobloxScriptSecurity","ThreadSafety":"Unsafe"}],"MemoryCategory":"Instances","Name":"HeightmapImporterService","Superclass":"Instance","Tags":["Service","NotReplicated"]},{"Members":[],"MemoryCategory":"Instances","Name":"HiddenSurfaceRemovalAsset","Superclass":"Instance"},{"Members":[{"Category":"Data","MemberType":"Property","Name":"Adornee","Security":{"Read":"None","Write":"None"},"Serialization":{"CanLoad":true,"CanSave":true},"ThreadSafety":"ReadSafe","ValueType":{"Category":"Class","Name":"Instance"}},{"Category":"Data","MemberType":"Property","Name":"DepthMode","Security":{"Read":"None","Write":"None"},"Serialization":{"CanLoad":true,"CanSave":true},"ThreadSafety":"ReadSafe","ValueType":{"Category":"Enum","Name":"HighlightDepthMode"}},{"Category":"Data","MemberType":"Property","Name":"Enabled","Security":{"Read":"None","Write":"None"},"Serialization":{"CanLoad":true,"CanSave":true},"ThreadSafety":"ReadSafe","ValueType":{"Category":"Primitive","Name":"bool"}},{"Category":"Data","MemberType":"Property","Name":"FillColor","Security":{"Read":"None","Write":"None"},"Serialization":{"CanLoad":true,"CanSave":true},"ThreadSafety":"ReadSafe","ValueType":{"Category":"DataType","Name":"Color3"}},{"Category":"Data","MemberType":"Property","Name":"FillTransparency","Security":{"Read":"None","Write":"None"},"Serialization":{"CanLoad":true,"CanSave":true},"ThreadSafety":"ReadSafe","ValueType":{"Category":"Primitive","Name":"float"}},{"Category":"Data","MemberType":"Property","Name":"OutlineColor","Security":{"Read":"None","Write":"None"},"Serialization":{"CanLoad":true,"CanSave":true},"ThreadSafety":"ReadSafe","ValueType":{"Category":"DataType","Name":"Color3"}},{"Category":"Data","MemberType":"Property","Name":"OutlineTransparency","Security":{"Read":"None","Write":"None"},"Serialization":{"CanLoad":true,"CanSave":true},"ThreadSafety":"ReadSafe","ValueType":{"Category":"Primitive","Name":"float"}}],"MemoryCategory":"Instances","Name":"Highlight","Superclass":"Instance"},{"Members":[],"MemoryCategory":"Instances","Name":"Hopper","Superclass":"Instance","Tags":["NotCreatable","Service","Deprecated"]},{"Members":[{"MemberType":"Function","Name":"GetDocumentationUrl","Parameters":[{"Name":"partialUrl","Type":{"Category":"Primitive","Name":"string"}}],"ReturnType":{"Category":"Primitive","Name":"string"},"Security":"RobloxScriptSecurity","ThreadSafety":"Unsafe"},{"MemberType":"Function","Name":"GetAsync","Parameters":[{"Name":"apiUrlPath","Type":{"Category":"Primitive","Name":"string"}},{"Default":"Default","Name":"priority","Type":{"Category":"Enum","Name":"ThrottlingPriority"}},{"Default":"Default","Name":"httpRequestType","Type":{"Category":"Enum","Name":"HttpRequestType"}}],"ReturnType":{"Category":"Primitive","Name":"string"},"Security":"RobloxScriptSecurity","Tags":["Yields"],"ThreadSafety":"Unsafe"},{"MemberType":"Function","Name":"GetAsyncFullUrl","Parameters":[{"Name":"apiUrl","Type":{"Category":"Primitive","Name":"string"}},{"Default":"Default","Name":"priority","Type":{"Category":"Enum","Name":"ThrottlingPriority"}},{"Default":"Default","Name":"httpRequestType","Type":{"Category":"Enum","Name":"HttpRequestType"}}],"ReturnType":{"Category":"Primitive","Name":"string"},"Security":"RobloxScriptSecurity","Tags":["Yields"],"ThreadSafety":"Unsafe"},{"MemberType":"Function","Name":"PostAsync","Parameters":[{"Name":"apiUrlPath","Type":{"Category":"Primitive","Name":"string"}},{"Name":"data","Type":{"Category":"Primitive","Name":"string"}},{"Default":"Default","Name":"priority","Type":{"Category":"Enum","Name":"ThrottlingPriority"}},{"Default":"ApplicationJson","Name":"content_type","Type":{"Category":"Enum","Name":"HttpContentType"}},{"Default":"Default","Name":"httpRequestType","Type":{"Category":"Enum","Name":"HttpRequestType"}}],"ReturnType":{"Category":"Primitive","Name":"string"},"Security":"RobloxScriptSecurity","Tags":["Yields"],"ThreadSafety":"Unsafe"},{"MemberType":"Function","Name":"PostAsyncFullUrl","Parameters":[{"Name":"apiUrl","Type":{"Category":"Primitive","Name":"string"}},{"Name":"data","Type":{"Category":"Primitive","Name":"string"}},{"Default":"Default","Name":"priority","Type":{"Category":"Enum","Name":"ThrottlingPriority"}},{"Default":"ApplicationJson","Name":"content_type","Type":{"Category":"Enum","Name":"HttpContentType"}},{"Default":"Default","Name":"httpRequestType","Type":{"Category":"Enum","Name":"HttpRequestType"}}],"ReturnType":{"Category":"Primitive","Name":"string"},"Security":"RobloxScriptSecurity","Tags":["Yields"],"ThreadSafety":"Unsafe"},{"MemberType":"Function","Name":"RequestAsync","Parameters":[{"Name":"requestOptions","Type":{"Category":"Group","Name":"Dictionary"}},{"Default":"Default","Name":"priority","Type":{"Category":"Enum","Name":"ThrottlingPriority"}},{"Default":"ApplicationJson","Name":"content_type","Type":{"Category":"Enum","Name":"HttpContentType"}},{"Default":"Default","Name":"httpRequestType","Type":{"Category":"Enum","Name":"HttpRequestType"}}],"ReturnType":{"Category":"Primitive","Name":"string"},"Security":"RobloxScriptSecurity","Tags":["Yields"],"ThreadSafety":"Unsafe"},{"MemberType":"Function","Name":"RequestLimitedAsync","Parameters":[{"Name":"requestOptions","Type":{"Category":"Group","Name":"Dictionary"}},{"Default":"Default","Name":"priority","Type":{"Category":"Enum","Name":"ThrottlingPriority"}},{"Default":"ApplicationJson","Name":"content_type","Type":{"Category":"Enum","Name":"HttpContentType"}},{"Default":"Default","Name":"httpRequestType","Type":{"Category":"Enum","Name":"HttpRequestType"}}],"ReturnType":{"Category":"Primitive","Name":"string"},"Security":"None","Tags":["Yields"],"ThreadSafety":"Unsafe"}],"MemoryCategory":"Instances","Name":"HttpRbxApiService","Superclass":"Instance","Tags":["NotCreatable","Service"]},{"Members":[{"MemberType":"Function","Name":"Cancel","Parameters":[],"ReturnType":{"Category":"Primitive","Name":"void"},"Security":"RobloxScriptSecurity","ThreadSafety":"Unsafe"},{"MemberType":"Function","Name":"Start","Parameters":[{"Name":"callback","Type":{"Category":"DataType","Name":"Function"}}],"ReturnType":{"Category":"Primitive","Name":"void"},"Security":"RobloxScriptSecurity","ThreadSafety":"Unsafe"}],"MemoryCategory":"Instances","Name":"HttpRequest","Superclass":"Instance","Tags":["NotCreatable"]},{"Members":[{"Category":"Data","MemberType":"Property","Name":"HttpEnabled","Security":{"Read":"LocalUserSecurity","Write":"LocalUserSecurity"},"Serialization":{"CanLoad":true,"CanSave":true},"ThreadSafety":"ReadSafe","ValueType":{"Category":"Primitive","Name":"bool"}},{"MemberType":"Function","Name":"GenerateGUID","Parameters":[{"Default":"true","Name":"wrapInCurlyBraces","Type":{"Category":"Primitive","Name":"bool"}}],"ReturnType":{"Category":"Primitive","Name":"string"},"Security":"None","ThreadSafety":"Unsafe"},{"MemberType":"Function","Name":"GetHttpEnabled","Parameters":[],"ReturnType":{"Category":"Primitive","Name":"bool"},"Security":"RobloxScriptSecurity","ThreadSafety":"Unsafe"},{"MemberType":"Function","Name":"GetUserAgent","Parameters":[],"ReturnType":{"Category":"Primitive","Name":"string"},"Security":"RobloxScriptSecurity","ThreadSafety":"Unsafe"},{"MemberType":"Function","Name":"JSONDecode","Parameters":[{"Name":"input","Type":{"Category":"Primitive","Name":"string"}}],"ReturnType":{"Category":"Group","Name":"Variant"},"Security":"None","ThreadSafety":"Unsafe"},{"MemberType":"Function","Name":"JSONEncode","Parameters":[{"Name":"input","Type":{"Category":"Group","Name":"Variant"}}],"ReturnType":{"Category":"Primitive","Name":"string"},"Security":"None","ThreadSafety":"Unsafe"},{"MemberType":"Function","Name":"RequestInternal","Parameters":[{"Name":"options","Type":{"Category":"Group","Name":"Dictionary"}}],"ReturnType":{"Category":"Class","Name":"Instance"},"Security":"RobloxScriptSecurity","ThreadSafety":"Unsafe"},{"MemberType":"Function","Name":"SetHttpEnabled","Parameters":[{"Name":"enabled","Type":{"Category":"Primitive","Name":"bool"}}],"ReturnType":{"Category":"Primitive","Name":"void"},"Security":"RobloxScriptSecurity","ThreadSafety":"Unsafe"},{"MemberType":"Function","Name":"UrlEncode","Parameters":[{"Name":"input","Type":{"Category":"Primitive","Name":"string"}}],"ReturnType":{"Category":"Primitive","Name":"string"},"Security":"None","ThreadSafety":"Unsafe"},{"MemberType":"Function","Name":"GetAsync","Parameters":[{"Name":"url","Type":{"Category":"Primitive","Name":"string"}},{"Default":"false","Name":"nocache","Type":{"Category":"Primitive","Name":"bool"}},{"Name":"headers","Type":{"Category":"Group","Name":"Variant"}}],"ReturnType":{"Category":"Primitive","Name":"string"},"Security":"None","Tags":["Yields"],"ThreadSafety":"Unsafe"},{"MemberType":"Function","Name":"PostAsync","Parameters":[{"Name":"url","Type":{"Category":"Primitive","Name":"string"}},{"Name":"data","Type":{"Category":"Primitive","Name":"string"}},{"Default":"ApplicationJson","Name":"content_type","Type":{"Category":"Enum","Name":"HttpContentType"}},{"Default":"false","Name":"compress","Type":{"Category":"Primitive","Name":"bool"}},{"Name":"headers","Type":{"Category":"Group","Name":"Variant"}}],"ReturnType":{"Category":"Primitive","Name":"string"},"Security":"None","Tags":["Yields"],"ThreadSafety":"Unsafe"},{"MemberType":"Function","Name":"RequestAsync","Parameters":[{"Name":"requestOptions","Type":{"Category":"Group","Name":"Dictionary"}}],"ReturnType":{"Category":"Group","Name":"Dictionary"},"Security":"None","Tags":["Yields"],"ThreadSafety":"Unsafe"}],"MemoryCategory":"Instances","Name":"HttpService","Superclass":"Instance","Tags":["NotCreatable","Service"]},{"Members":[{"Category":"Jump Settings","MemberType":"Property","Name":"AutoJumpEnabled","Security":{"Read":"None","Write":"None"},"Serialization":{"CanLoad":true,"CanSave":true},"ThreadSafety":"ReadSafe","ValueType":{"Category":"Primitive","Name":"bool"}},{"Category":"Control","MemberType":"Property","Name":"AutoRotate","Security":{"Read":"None","Write":"None"},"Serialization":{"CanLoad":true,"CanSave":true},"ThreadSafety":"ReadSafe","ValueType":{"Category":"Primitive","Name":"bool"}},{"Category":"Game","MemberType":"Property","Name":"AutomaticScalingEnabled","Security":{"Read":"None","Write":"None"},"Serialization":{"CanLoad":true,"CanSave":true},"ThreadSafety":"ReadSafe","ValueType":{"Category":"Primitive","Name":"bool"}},{"Category":"Behavior","MemberType":"Property","Name":"BreakJointsOnDeath","Security":{"Read":"None","Write":"None"},"Serialization":{"CanLoad":true,"CanSave":true},"ThreadSafety":"ReadSafe","ValueType":{"Category":"Primitive","Name":"bool"}},{"Category":"Data","MemberType":"Property","Name":"CameraOffset","Security":{"Read":"None","Write":"None"},"Serialization":{"CanLoad":false,"CanSave":false},"ThreadSafety":"ReadSafe","ValueType":{"Category":"DataType","Name":"Vector3"}},{"Category":"Behavior","MemberType":"Property","Name":"CollisionType","Security":{"Read":"None","Write":"PluginSecurity"},"Serialization":{"CanLoad":true,"CanSave":true},"Tags":["Deprecated"],"ThreadSafety":"ReadSafe","ValueType":{"Category":"Enum","Name":"HumanoidCollisionType"}},{"Category":"Data","MemberType":"Property","Name":"DisplayDistanceType","Security":{"Read":"None","Write":"None"},"Serialization":{"CanLoad":true,"CanSave":true},"ThreadSafety":"ReadSafe","ValueType":{"Category":"Enum","Name":"HumanoidDisplayDistanceType"}},{"Category":"Data","MemberType":"Property","Name":"DisplayName","Security":{"Read":"None","Write":"None"},"Serialization":{"CanLoad":true,"CanSave":true},"ThreadSafety":"ReadSafe","ValueType":{"Category":"Primitive","Name":"string"}},{"Category":"Control","MemberType":"Property","Name":"FloorMaterial","Security":{"Read":"None","Write":"None"},"Serialization":{"CanLoad":false,"CanSave":false},"Tags":["ReadOnly","NotReplicated"],"ThreadSafety":"ReadSafe","ValueType":{"Category":"Enum","Name":"Material"}},{"Category":"Game","MemberType":"Property","Name":"Health","Security":{"Read":"None","Write":"None"},"Serialization":{"CanLoad":true,"CanSave":false},"Tags":["NotReplicated"],"ThreadSafety":"ReadSafe","ValueType":{"Category":"Primitive","Name":"float"}},{"Category":"Data","MemberType":"Property","Name":"HealthDisplayDistance","Security":{"Read":"None","Write":"None"},"Serialization":{"CanLoad":true,"CanSave":true},"ThreadSafety":"ReadSafe","ValueType":{"Category":"Primitive","Name":"float"}},{"Category":"Data","MemberType":"Property","Name":"HealthDisplayType","Security":{"Read":"None","Write":"None"},"Serialization":{"CanLoad":true,"CanSave":true},"ThreadSafety":"ReadSafe","ValueType":{"Category":"Enum","Name":"HumanoidHealthDisplayType"}},{"Category":"Game","MemberType":"Property","Name":"HipHeight","Security":{"Read":"None","Write":"None"},"Serialization":{"CanLoad":true,"CanSave":true},"ThreadSafety":"ReadSafe","ValueType":{"Category":"Primitive","Name":"float"}},{"Category":"Control","MemberType":"Property","Name":"Jump","Security":{"Read":"None","Write":"None"},"Serialization":{"CanLoad":true,"CanSave":false},"Tags":["NotReplicated"],"ThreadSafety":"ReadSafe","ValueType":{"Category":"Primitive","Name":"bool"}},{"Category":"Jump Settings","MemberType":"Property","Name":"JumpHeight","Security":{"Read":"None","Write":"None"},"Serialization":{"CanLoad":true,"CanSave":true},"ThreadSafety":"ReadSafe","ValueType":{"Category":"Primitive","Name":"float"}},{"Category":"Jump Settings","MemberType":"Property","Name":"JumpPower","Security":{"Read":"None","Write":"None"},"Serialization":{"CanLoad":true,"CanSave":true},"ThreadSafety":"ReadSafe","ValueType":{"Category":"Primitive","Name":"float"}},{"Category":"Data","MemberType":"Property","Name":"LeftLeg","Security":{"Read":"None","Write":"None"},"Serialization":{"CanLoad":true,"CanSave":false},"Tags":["Hidden","NotReplicated","Deprecated"],"ThreadSafety":"ReadSafe","ValueType":{"Category":"Class","Name":"BasePart"}},{"Category":"Game","MemberType":"Property","Name":"MaxHealth","Security":{"Read":"None","Write":"None"},"Serialization":{"CanLoad":true,"CanSave":true},"ThreadSafety":"ReadSafe","ValueType":{"Category":"Primitive","Name":"float"}},{"Category":"Game","MemberType":"Property","Name":"MaxSlopeAngle","Security":{"Read":"None","Write":"None"},"Serialization":{"CanLoad":true,"CanSave":true},"ThreadSafety":"ReadSafe","ValueType":{"Category":"Primitive","Name":"float"}},{"Category":"Control","MemberType":"Property","Name":"MoveDirection","Security":{"Read":"None","Write":"None"},"Serialization":{"CanLoad":false,"CanSave":false},"Tags":["ReadOnly","NotReplicated"],"ThreadSafety":"ReadSafe","ValueType":{"Category":"DataType","Name":"Vector3"}},{"Category":"Data","MemberType":"Property","Name":"NameDisplayDistance","Security":{"Read":"None","Write":"None"},"Serialization":{"CanLoad":true,"CanSave":true},"ThreadSafety":"ReadSafe","ValueType":{"Category":"Primitive","Name":"float"}},{"Category":"Data","MemberType":"Property","Name":"NameOcclusion","Security":{"Read":"None","Write":"None"},"Serialization":{"CanLoad":true,"CanSave":true},"ThreadSafety":"ReadSafe","ValueType":{"Category":"Enum","Name":"NameOcclusion"}},{"Category":"Control","MemberType":"Property","Name":"PlatformStand","Security":{"Read":"None","Write":"None"},"Serialization":{"CanLoad":false,"CanSave":false},"ThreadSafety":"ReadSafe","ValueType":{"Category":"Primitive","Name":"bool"}},{"Category":"Behavior","MemberType":"Property","Name":"RequiresNeck","Security":{"Read":"None","Write":"None"},"Serialization":{"CanLoad":true,"CanSave":true},"ThreadSafety":"ReadSafe","ValueType":{"Category":"Primitive","Name":"bool"}},{"Category":"Data","MemberType":"Property","Name":"RigType","Security":{"Read":"None","Write":"None"},"Serialization":{"CanLoad":true,"CanSave":true},"ThreadSafety":"ReadSafe","ValueType":{"Category":"Enum","Name":"HumanoidRigType"}},{"Category":"Data","MemberType":"Property","Name":"RightLeg","Security":{"Read":"None","Write":"None"},"Serialization":{"CanLoad":true,"CanSave":false},"Tags":["Hidden","NotReplicated","Deprecated"],"ThreadSafety":"ReadSafe","ValueType":{"Category":"Class","Name":"BasePart"}},{"Category":"Data","MemberType":"Property","Name":"RootPart","Security":{"Read":"None","Write":"None"},"Serialization":{"CanLoad":false,"CanSave":true},"Tags":["ReadOnly","NotReplicated"],"ThreadSafety":"ReadSafe","ValueType":{"Category":"Class","Name":"BasePart"}},{"Category":"Control","MemberType":"Property","Name":"SeatPart","Security":{"Read":"None","Write":"None"},"Serialization":{"CanLoad":false,"CanSave":false},"Tags":["ReadOnly","NotReplicated"],"ThreadSafety":"ReadSafe","ValueType":{"Category":"Class","Name":"BasePart"}},{"Category":"Control","MemberType":"Property","Name":"Sit","Security":{"Read":"None","Write":"None"},"Serialization":{"CanLoad":false,"CanSave":false},"ThreadSafety":"ReadSafe","ValueType":{"Category":"Primitive","Name":"bool"}},{"Category":"Control","MemberType":"Property","Name":"TargetPoint","Security":{"Read":"None","Write":"None"},"Serialization":{"CanLoad":false,"CanSave":false},"ThreadSafety":"ReadSafe","ValueType":{"Category":"DataType","Name":"Vector3"}},{"Category":"Data","MemberType":"Property","Name":"Torso","Security":{"Read":"None","Write":"None"},"Serialization":{"CanLoad":true,"CanSave":false},"Tags":["Hidden","NotReplicated","Deprecated"],"ThreadSafety":"ReadSafe","ValueType":{"Category":"Class","Name":"BasePart"}},{"Category":"Jump Settings","MemberType":"Property","Name":"UseJumpPower","Security":{"Read":"None","Write":"None"},"Serialization":{"CanLoad":true,"CanSave":true},"ThreadSafety":"ReadSafe","ValueType":{"Category":"Primitive","Name":"bool"}},{"Category":"Game","MemberType":"Property","Name":"WalkSpeed","Security":{"Read":"None","Write":"None"},"Serialization":{"CanLoad":true,"CanSave":true},"ThreadSafety":"ReadSafe","ValueType":{"Category":"Primitive","Name":"float"}},{"Category":"Control","MemberType":"Property","Name":"WalkToPart","Security":{"Read":"None","Write":"None"},"Serialization":{"CanLoad":false,"CanSave":false},"ThreadSafety":"ReadSafe","ValueType":{"Category":"Class","Name":"BasePart"}},{"Category":"Control","MemberType":"Property","Name":"WalkToPoint","Security":{"Read":"None","Write":"None"},"Serialization":{"CanLoad":false,"CanSave":false},"ThreadSafety":"ReadSafe","ValueType":{"Category":"DataType","Name":"Vector3"}},{"Category":"Game","MemberType":"Property","Name":"maxHealth","Security":{"Read":"None","Write":"None"},"Serialization":{"CanLoad":true,"CanSave":false},"Tags":["NotReplicated","Deprecated"],"ThreadSafety":"ReadSafe","ValueType":{"Category":"Primitive","Name":"float"}},{"MemberType":"Function","Name":"AddAccessory","Parameters":[{"Name":"accessory","Type":{"Category":"Class","Name":"Instance"}}],"ReturnType":{"Category":"Primitive","Name":"void"},"Security":"None","ThreadSafety":"Unsafe"},{"MemberType":"Function","Name":"AddCustomStatus","Parameters":[{"Name":"status","Type":{"Category":"Primitive","Name":"string"}}],"ReturnType":{"Category":"Primitive","Name":"bool"},"Security":"None","Tags":["Deprecated"],"ThreadSafety":"Unsafe"},{"MemberType":"Function","Name":"AddStatus","Parameters":[{"Default":"Poison","Name":"status","Type":{"Category":"Enum","Name":"Status"}}],"ReturnType":{"Category":"Primitive","Name":"bool"},"Security":"None","Tags":["Deprecated"],"ThreadSafety":"Unsafe"},{"MemberType":"Function","Name":"ApplyDescriptionBlocking","Parameters":[{"Name":"humanoidDescription","Type":{"Category":"Class","Name":"HumanoidDescription"}}],"ReturnType":{"Category":"Primitive","Name":"void"},"Security":"RobloxScriptSecurity","ThreadSafety":"Unsafe"},{"MemberType":"Function","Name":"BuildRigFromAttachments","Parameters":[],"ReturnType":{"Category":"Primitive","Name":"void"},"Security":"None","ThreadSafety":"Unsafe"},{"MemberType":"Function","Name":"CacheDefaults","Parameters":[],"ReturnType":{"Category":"Primitive","Name":"void"},"Security":"RobloxScriptSecurity","ThreadSafety":"Unsafe"},{"MemberType":"Function","Name":"ChangeState","Parameters":[{"Default":"None","Name":"state","Type":{"Category":"Enum","Name":"HumanoidStateType"}}],"ReturnType":{"Category":"Primitive","Name":"void"},"Security":"None","ThreadSafety":"Unsafe"},{"MemberType":"Function","Name":"EquipTool","Parameters":[{"Name":"tool","Type":{"Category":"Class","Name":"Instance"}}],"ReturnType":{"Category":"Primitive","Name":"void"},"Security":"None","ThreadSafety":"Unsafe"},{"MemberType":"Function","Name":"GetAccessories","Parameters":[],"ReturnType":{"Category":"Group","Name":"Array"},"Security":"None","ThreadSafety":"Unsafe"},{"MemberType":"Function","Name":"GetAccessoryHandleScale","Parameters":[{"Name":"instance","Type":{"Category":"Class","Name":"Instance"}},{"Name":"partType","Type":{"Category":"Enum","Name":"BodyPartR15"}}],"ReturnType":{"Category":"DataType","Name":"Vector3"},"Security":"RobloxScriptSecurity","ThreadSafety":"Unsafe"},{"MemberType":"Function","Name":"GetAppliedDescription","Parameters":[],"ReturnType":{"Category":"Class","Name":"HumanoidDescription"},"Security":"None","ThreadSafety":"Unsafe"},{"MemberType":"Function","Name":"GetBodyPartR15","Parameters":[{"Name":"part","Type":{"Category":"Class","Name":"Instance"}}],"ReturnType":{"Category":"Enum","Name":"BodyPartR15"},"Security":"None","ThreadSafety":"Unsafe"},{"MemberType":"Function","Name":"GetLimb","Parameters":[{"Name":"part","Type":{"Category":"Class","Name":"Instance"}}],"ReturnType":{"Category":"Enum","Name":"Limb"},"Security":"None","ThreadSafety":"Unsafe"},{"MemberType":"Function","Name":"GetPlayingAnimationTracks","Parameters":[],"ReturnType":{"Category":"Group","Name":"Array"},"Security":"None","Tags":["Deprecated"],"ThreadSafety":"Unsafe"},{"MemberType":"Function","Name":"GetState","Parameters":[],"ReturnType":{"Category":"Enum","Name":"HumanoidStateType"},"Security":"None","ThreadSafety":"Unsafe"},{"MemberType":"Function","Name":"GetStateEnabled","Parameters":[{"Name":"state","Type":{"Category":"Enum","Name":"HumanoidStateType"}}],"ReturnType":{"Category":"Primitive","Name":"bool"},"Security":"None","ThreadSafety":"Unsafe"},{"MemberType":"Function","Name":"GetStatuses","Parameters":[],"ReturnType":{"Category":"Group","Name":"Array"},"Security":"None","Tags":["Deprecated"],"ThreadSafety":"Unsafe"},{"MemberType":"Function","Name":"HasCustomStatus","Parameters":[{"Name":"status","Type":{"Category":"Primitive","Name":"string"}}],"ReturnType":{"Category":"Primitive","Name":"bool"},"Security":"None","Tags":["Deprecated"],"ThreadSafety":"Unsafe"},{"MemberType":"Function","Name":"HasStatus","Parameters":[{"Default":"Poison","Name":"status","Type":{"Category":"Enum","Name":"Status"}}],"ReturnType":{"Category":"Primitive","Name":"bool"},"Security":"None","Tags":["Deprecated"],"ThreadSafety":"Unsafe"},{"MemberType":"Function","Name":"LoadAnimation","Parameters":[{"Name":"animation","Type":{"Category":"Class","Name":"Animation"}}],"ReturnType":{"Category":"Class","Name":"AnimationTrack"},"Security":"None","Tags":["Deprecated"],"ThreadSafety":"Unsafe"},{"MemberType":"Function","Name":"Move","Parameters":[{"Name":"moveDirection","Type":{"Category":"DataType","Name":"Vector3"}},{"Default":"false","Name":"relativeToCamera","Type":{"Category":"Primitive","Name":"bool"}}],"ReturnType":{"Category":"Primitive","Name":"void"},"Security":"None","ThreadSafety":"Unsafe"},{"MemberType":"Function","Name":"MoveTo","Parameters":[{"Name":"location","Type":{"Category":"DataType","Name":"Vector3"}},{"Default":"nil","Name":"part","Type":{"Category":"Class","Name":"Instance"}}],"ReturnType":{"Category":"Primitive","Name":"void"},"Security":"None","ThreadSafety":"Unsafe"},{"MemberType":"Function","Name":"RemoveAccessories","Parameters":[],"ReturnType":{"Category":"Primitive","Name":"void"},"Security":"None","ThreadSafety":"Unsafe"},{"MemberType":"Function","Name":"RemoveCustomStatus","Parameters":[{"Name":"status","Type":{"Category":"Primitive","Name":"string"}}],"ReturnType":{"Category":"Primitive","Name":"bool"},"Security":"None","Tags":["Deprecated"],"ThreadSafety":"Unsafe"},{"MemberType":"Function","Name":"RemoveStatus","Parameters":[{"Default":"Poison","Name":"status","Type":{"Category":"Enum","Name":"Status"}}],"ReturnType":{"Category":"Primitive","Name":"bool"},"Security":"None","Tags":["Deprecated"],"ThreadSafety":"Unsafe"},{"MemberType":"Function","Name":"ReplaceBodyPartR15","Parameters":[{"Name":"bodyPart","Type":{"Category":"Enum","Name":"BodyPartR15"}},{"Name":"part","Type":{"Category":"Class","Name":"BasePart"}}],"ReturnType":{"Category":"Primitive","Name":"bool"},"Security":"None","ThreadSafety":"Unsafe"},{"MemberType":"Function","Name":"SetClickToWalkEnabled","Parameters":[{"Name":"enabled","Type":{"Category":"Primitive","Name":"bool"}}],"ReturnType":{"Category":"Primitive","Name":"void"},"Security":"RobloxScriptSecurity","ThreadSafety":"Unsafe"},{"MemberType":"Function","Name":"SetStateEnabled","Parameters":[{"Name":"state","Type":{"Category":"Enum","Name":"HumanoidStateType"}},{"Name":"enabled","Type":{"Category":"Primitive","Name":"bool"}}],"ReturnType":{"Category":"Primitive","Name":"void"},"Security":"None","ThreadSafety":"Unsafe"},{"MemberType":"Function","Name":"TakeDamage","Parameters":[{"Name":"amount","Type":{"Category":"Primitive","Name":"float"}}],"ReturnType":{"Category":"Primitive","Name":"void"},"Security":"None","ThreadSafety":"Unsafe"},{"MemberType":"Function","Name":"UnequipTools","Parameters":[],"ReturnType":{"Category":"Primitive","Name":"void"},"Security":"None","ThreadSafety":"Unsafe"},{"MemberType":"Function","Name":"loadAnimation","Parameters":[{"Name":"animation","Type":{"Category":"Class","Name":"Animation"}}],"ReturnType":{"Category":"Class","Name":"AnimationTrack"},"Security":"None","Tags":["Deprecated"],"ThreadSafety":"Unsafe"},{"MemberType":"Function","Name":"takeDamage","Parameters":[{"Name":"amount","Type":{"Category":"Primitive","Name":"float"}}],"ReturnType":{"Category":"Primitive","Name":"void"},"Security":"None","Tags":["Deprecated"],"ThreadSafety":"Unsafe"},{"MemberType":"Function","Name":"ApplyDescription","Parameters":[{"Name":"humanoidDescription","Type":{"Category":"Class","Name":"HumanoidDescription"}},{"Default":"Default","Name":"assetTypeVerification","Type":{"Category":"Enum","Name":"AssetTypeVerification"}}],"ReturnType":{"Category":"Primitive","Name":"void"},"Security":"None","Tags":["Yields"],"ThreadSafety":"Unsafe"},{"MemberType":"Function","Name":"ApplyDescriptionClientServer","Parameters":[{"Name":"humanoidDescription","Type":{"Category":"Class","Name":"HumanoidDescription"}}],"ReturnType":{"Category":"Primitive","Name":"void"},"Security":"RobloxScriptSecurity","Tags":["Yields"],"ThreadSafety":"Unsafe"},{"MemberType":"Function","Name":"ApplyDescriptionReset","Parameters":[{"Name":"humanoidDescription","Type":{"Category":"Class","Name":"HumanoidDescription"}},{"Default":"Default","Name":"assetTypeVerification","Type":{"Category":"Enum","Name":"AssetTypeVerification"}}],"ReturnType":{"Category":"Primitive","Name":"void"},"Security":"None","Tags":["Yields"],"ThreadSafety":"Unsafe"},{"MemberType":"Function","Name":"PlayEmote","Parameters":[{"Name":"emoteName","Type":{"Category":"Primitive","Name":"string"}}],"ReturnType":{"Category":"Primitive","Name":"bool"},"Security":"None","Tags":["Yields"],"ThreadSafety":"Unsafe"},{"MemberType":"Function","Name":"PlayEmoteAndGetAnimTrackById","Parameters":[{"Name":"emoteId","Type":{"Category":"Primitive","Name":"int64"}}],"ReturnType":{"Category":"Group","Name":"Tuple"},"Security":"RobloxScriptSecurity","Tags":["Yields"],"ThreadSafety":"Unsafe"},{"MemberType":"Event","Name":"AnimationPlayed","Parameters":[{"Name":"animationTrack","Type":{"Category":"Class","Name":"AnimationTrack"}}],"Security":"None","Tags":["Deprecated"],"ThreadSafety":"Unsafe"},{"MemberType":"Event","Name":"Climbing","Parameters":[{"Name":"speed","Type":{"Category":"Primitive","Name":"float"}}],"Security":"None","ThreadSafety":"Unsafe"},{"MemberType":"Event","Name":"ClusterCompositionFinished","Parameters":[],"Security":"RobloxScriptSecurity","ThreadSafety":"Unsafe"},{"MemberType":"Event","Name":"CustomStatusAdded","Parameters":[{"Name":"status","Type":{"Category":"Primitive","Name":"string"}}],"Security":"None","Tags":["Deprecated"],"ThreadSafety":"Unsafe"},{"MemberType":"Event","Name":"CustomStatusRemoved","Parameters":[{"Name":"status","Type":{"Category":"Primitive","Name":"string"}}],"Security":"None","Tags":["Deprecated"],"ThreadSafety":"Unsafe"},{"MemberType":"Event","Name":"Died","Parameters":[],"Security":"None","ThreadSafety":"Unsafe"},{"MemberType":"Event","Name":"FallingDown","Parameters":[{"Name":"active","Type":{"Category":"Primitive","Name":"bool"}}],"Security":"None","ThreadSafety":"Unsafe"},{"MemberType":"Event","Name":"FreeFalling","Parameters":[{"Name":"active","Type":{"Category":"Primitive","Name":"bool"}}],"Security":"None","ThreadSafety":"Unsafe"},{"MemberType":"Event","Name":"GettingUp","Parameters":[{"Name":"active","Type":{"Category":"Primitive","Name":"bool"}}],"Security":"None","ThreadSafety":"Unsafe"},{"MemberType":"Event","Name":"HealthChanged","Parameters":[{"Name":"health","Type":{"Category":"Primitive","Name":"float"}}],"Security":"None","ThreadSafety":"Unsafe"},{"MemberType":"Event","Name":"Jumping","Parameters":[{"Name":"active","Type":{"Category":"Primitive","Name":"bool"}}],"Security":"None","ThreadSafety":"Unsafe"},{"MemberType":"Event","Name":"MoveToFinished","Parameters":[{"Name":"reached","Type":{"Category":"Primitive","Name":"bool"}}],"Security":"None","ThreadSafety":"Unsafe"},{"MemberType":"Event","Name":"PlatformStanding","Parameters":[{"Name":"active","Type":{"Category":"Primitive","Name":"bool"}}],"Security":"None","ThreadSafety":"Unsafe"},{"MemberType":"Event","Name":"Ragdoll","Parameters":[{"Name":"active","Type":{"Category":"Primitive","Name":"bool"}}],"Security":"None","ThreadSafety":"Unsafe"},{"MemberType":"Event","Name":"Running","Parameters":[{"Name":"speed","Type":{"Category":"Primitive","Name":"float"}}],"Security":"None","ThreadSafety":"Unsafe"},{"MemberType":"Event","Name":"Seated","Parameters":[{"Name":"active","Type":{"Category":"Primitive","Name":"bool"}},{"Name":"currentSeatPart","Type":{"Category":"Class","Name":"BasePart"}}],"Security":"None","ThreadSafety":"Unsafe"},{"MemberType":"Event","Name":"StateChanged","Parameters":[{"Name":"old","Type":{"Category":"Enum","Name":"HumanoidStateType"}},{"Name":"new","Type":{"Category":"Enum","Name":"HumanoidStateType"}}],"Security":"None","ThreadSafety":"Unsafe"},{"MemberType":"Event","Name":"StateEnabledChanged","Parameters":[{"Name":"state","Type":{"Category":"Enum","Name":"HumanoidStateType"}},{"Name":"isEnabled","Type":{"Category":"Primitive","Name":"bool"}}],"Security":"None","ThreadSafety":"Unsafe"},{"MemberType":"Event","Name":"StatusAdded","Parameters":[{"Name":"status","Type":{"Category":"Enum","Name":"Status"}}],"Security":"None","Tags":["Deprecated"],"ThreadSafety":"Unsafe"},{"MemberType":"Event","Name":"StatusRemoved","Parameters":[{"Name":"status","Type":{"Category":"Enum","Name":"Status"}}],"Security":"None","Tags":["Deprecated"],"ThreadSafety":"Unsafe"},{"MemberType":"Event","Name":"Strafing","Parameters":[{"Name":"active","Type":{"Category":"Primitive","Name":"bool"}}],"Security":"None","ThreadSafety":"Unsafe"},{"MemberType":"Event","Name":"Swimming","Parameters":[{"Name":"speed","Type":{"Category":"Primitive","Name":"float"}}],"Security":"None","ThreadSafety":"Unsafe"},{"MemberType":"Event","Name":"Touched","Parameters":[{"Name":"touchingPart","Type":{"Category":"Class","Name":"BasePart"}},{"Name":"humanoidPart","Type":{"Category":"Class","Name":"BasePart"}}],"Security":"None","ThreadSafety":"Unsafe"}],"MemoryCategory":"Instances","Name":"Humanoid","Superclass":"Instance"},{"Members":[{"Category":"Accessories","MemberType":"Property","Name":"AccessoryBlob","Security":{"Read":"None","Write":"None"},"Serialization":{"CanLoad":true,"CanSave":true},"Tags":["NotScriptable"],"ThreadSafety":"ReadSafe","ValueType":{"Category":"Primitive","Name":"string"}},{"Category":"Accessories","MemberType":"Property","Name":"BackAccessory","Security":{"Read":"None","Write":"None"},"Serialization":{"CanLoad":true,"CanSave":true},"ThreadSafety":"ReadSafe","ValueType":{"Category":"Primitive","Name":"string"}},{"Category":"Scale","MemberType":"Property","Name":"BodyTypeScale","Security":{"Read":"None","Write":"None"},"Serialization":{"CanLoad":true,"CanSave":true},"ThreadSafety":"ReadSafe","ValueType":{"Category":"Primitive","Name":"float"}},{"Category":"Animation","MemberType":"Property","Name":"ClimbAnimation","Security":{"Read":"None","Write":"None"},"Serialization":{"CanLoad":true,"CanSave":true},"ThreadSafety":"ReadSafe","ValueType":{"Category":"Primitive","Name":"int64"}},{"Category":"Scale","MemberType":"Property","Name":"DepthScale","Security":{"Read":"None","Write":"None"},"Serialization":{"CanLoad":true,"CanSave":true},"ThreadSafety":"ReadSafe","ValueType":{"Category":"Primitive","Name":"float"}},{"Category":"Body Parts","MemberType":"Property","Name":"Face","Security":{"Read":"None","Write":"None"},"Serialization":{"CanLoad":true,"CanSave":true},"ThreadSafety":"ReadSafe","ValueType":{"Category":"Primitive","Name":"int64"}},{"Category":"Accessories","MemberType":"Property","Name":"FaceAccessory","Security":{"Read":"None","Write":"None"},"Serialization":{"CanLoad":true,"CanSave":true},"ThreadSafety":"ReadSafe","ValueType":{"Category":"Primitive","Name":"string"}},{"Category":"Animation","MemberType":"Property","Name":"FallAnimation","Security":{"Read":"None","Write":"None"},"Serialization":{"CanLoad":true,"CanSave":true},"ThreadSafety":"ReadSafe","ValueType":{"Category":"Primitive","Name":"int64"}},{"Category":"Accessories","MemberType":"Property","Name":"FrontAccessory","Security":{"Read":"None","Write":"None"},"Serialization":{"CanLoad":true,"CanSave":true},"ThreadSafety":"ReadSafe","ValueType":{"Category":"Primitive","Name":"string"}},{"Category":"Clothes","MemberType":"Property","Name":"GraphicTShirt","Security":{"Read":"None","Write":"None"},"Serialization":{"CanLoad":true,"CanSave":true},"ThreadSafety":"ReadSafe","ValueType":{"Category":"Primitive","Name":"int64"}},{"Category":"Accessories","MemberType":"Property","Name":"HairAccessory","Security":{"Read":"None","Write":"None"},"Serialization":{"CanLoad":true,"CanSave":true},"ThreadSafety":"ReadSafe","ValueType":{"Category":"Primitive","Name":"string"}},{"Category":"Accessories","MemberType":"Property","Name":"HatAccessory","Security":{"Read":"None","Write":"None"},"Serialization":{"CanLoad":true,"CanSave":true},"ThreadSafety":"ReadSafe","ValueType":{"Category":"Primitive","Name":"string"}},{"Category":"Body Parts","MemberType":"Property","Name":"Head","Security":{"Read":"None","Write":"None"},"Serialization":{"CanLoad":true,"CanSave":true},"ThreadSafety":"ReadSafe","ValueType":{"Category":"Primitive","Name":"int64"}},{"Category":"Body Colors","MemberType":"Property","Name":"HeadColor","Security":{"Read":"None","Write":"None"},"Serialization":{"CanLoad":true,"CanSave":true},"ThreadSafety":"ReadSafe","ValueType":{"Category":"DataType","Name":"Color3"}},{"Category":"Scale","MemberType":"Property","Name":"HeadScale","Security":{"Read":"None","Write":"None"},"Serialization":{"CanLoad":true,"CanSave":true},"ThreadSafety":"ReadSafe","ValueType":{"Category":"Primitive","Name":"float"}},{"Category":"Scale","MemberType":"Property","Name":"HeightScale","Security":{"Read":"None","Write":"None"},"Serialization":{"CanLoad":true,"CanSave":true},"ThreadSafety":"ReadSafe","ValueType":{"Category":"Primitive","Name":"float"}},{"Category":"Animation","MemberType":"Property","Name":"IdleAnimation","Security":{"Read":"None","Write":"None"},"Serialization":{"CanLoad":true,"CanSave":true},"ThreadSafety":"ReadSafe","ValueType":{"Category":"Primitive","Name":"int64"}},{"Category":"Animation","MemberType":"Property","Name":"JumpAnimation","Security":{"Read":"None","Write":"None"},"Serialization":{"CanLoad":true,"CanSave":true},"ThreadSafety":"ReadSafe","ValueType":{"Category":"Primitive","Name":"int64"}},{"Category":"Body Parts","MemberType":"Property","Name":"LeftArm","Security":{"Read":"None","Write":"None"},"Serialization":{"CanLoad":true,"CanSave":true},"ThreadSafety":"ReadSafe","ValueType":{"Category":"Primitive","Name":"int64"}},{"Category":"Body Colors","MemberType":"Property","Name":"LeftArmColor","Security":{"Read":"None","Write":"None"},"Serialization":{"CanLoad":true,"CanSave":true},"ThreadSafety":"ReadSafe","ValueType":{"Category":"DataType","Name":"Color3"}},{"Category":"Body Parts","MemberType":"Property","Name":"LeftLeg","Security":{"Read":"None","Write":"None"},"Serialization":{"CanLoad":true,"CanSave":true},"ThreadSafety":"ReadSafe","ValueType":{"Category":"Primitive","Name":"int64"}},{"Category":"Body Colors","MemberType":"Property","Name":"LeftLegColor","Security":{"Read":"None","Write":"None"},"Serialization":{"CanLoad":true,"CanSave":true},"ThreadSafety":"ReadSafe","ValueType":{"Category":"DataType","Name":"Color3"}},{"Category":"Accessories","MemberType":"Property","Name":"NeckAccessory","Security":{"Read":"None","Write":"None"},"Serialization":{"CanLoad":true,"CanSave":true},"ThreadSafety":"ReadSafe","ValueType":{"Category":"Primitive","Name":"string"}},{"Category":"Animation","MemberType":"Property","Name":"NumberEmotesLoaded","Security":{"Read":"RobloxScriptSecurity","Write":"RobloxScriptSecurity"},"Serialization":{"CanLoad":false,"CanSave":false},"Tags":["Hidden"],"ThreadSafety":"ReadSafe","ValueType":{"Category":"Primitive","Name":"int"}},{"Category":"Clothes","MemberType":"Property","Name":"Pants","Security":{"Read":"None","Write":"None"},"Serialization":{"CanLoad":true,"CanSave":true},"ThreadSafety":"ReadSafe","ValueType":{"Category":"Primitive","Name":"int64"}},{"Category":"Scale","MemberType":"Property","Name":"ProportionScale","Security":{"Read":"None","Write":"None"},"Serialization":{"CanLoad":true,"CanSave":true},"ThreadSafety":"ReadSafe","ValueType":{"Category":"Primitive","Name":"float"}},{"Category":"Body Parts","MemberType":"Property","Name":"RightArm","Security":{"Read":"None","Write":"None"},"Serialization":{"CanLoad":true,"CanSave":true},"ThreadSafety":"ReadSafe","ValueType":{"Category":"Primitive","Name":"int64"}},{"Category":"Body Colors","MemberType":"Property","Name":"RightArmColor","Security":{"Read":"None","Write":"None"},"Serialization":{"CanLoad":true,"CanSave":true},"ThreadSafety":"ReadSafe","ValueType":{"Category":"DataType","Name":"Color3"}},{"Category":"Body Parts","MemberType":"Property","Name":"RightLeg","Security":{"Read":"None","Write":"None"},"Serialization":{"CanLoad":true,"CanSave":true},"ThreadSafety":"ReadSafe","ValueType":{"Category":"Primitive","Name":"int64"}},{"Category":"Body Colors","MemberType":"Property","Name":"RightLegColor","Security":{"Read":"None","Write":"None"},"Serialization":{"CanLoad":true,"CanSave":true},"ThreadSafety":"ReadSafe","ValueType":{"Category":"DataType","Name":"Color3"}},{"Category":"Animation","MemberType":"Property","Name":"RunAnimation","Security":{"Read":"None","Write":"None"},"Serialization":{"CanLoad":true,"CanSave":true},"ThreadSafety":"ReadSafe","ValueType":{"Category":"Primitive","Name":"int64"}},{"Category":"Clothes","MemberType":"Property","Name":"Shirt","Security":{"Read":"None","Write":"None"},"Serialization":{"CanLoad":true,"CanSave":true},"ThreadSafety":"ReadSafe","ValueType":{"Category":"Primitive","Name":"int64"}},{"Category":"Accessories","MemberType":"Property","Name":"ShouldersAccessory","Security":{"Read":"None","Write":"None"},"Serialization":{"CanLoad":true,"CanSave":true},"ThreadSafety":"ReadSafe","ValueType":{"Category":"Primitive","Name":"string"}},{"Category":"Animation","MemberType":"Property","Name":"SwimAnimation","Security":{"Read":"None","Write":"None"},"Serialization":{"CanLoad":true,"CanSave":true},"ThreadSafety":"ReadSafe","ValueType":{"Category":"Primitive","Name":"int64"}},{"Category":"Body Parts","MemberType":"Property","Name":"Torso","Security":{"Read":"None","Write":"None"},"Serialization":{"CanLoad":true,"CanSave":true},"ThreadSafety":"ReadSafe","ValueType":{"Category":"Primitive","Name":"int64"}},{"Category":"Body Colors","MemberType":"Property","Name":"TorsoColor","Security":{"Read":"None","Write":"None"},"Serialization":{"CanLoad":true,"CanSave":true},"ThreadSafety":"ReadSafe","ValueType":{"Category":"DataType","Name":"Color3"}},{"Category":"Accessories","MemberType":"Property","Name":"WaistAccessory","Security":{"Read":"None","Write":"None"},"Serialization":{"CanLoad":true,"CanSave":true},"ThreadSafety":"ReadSafe","ValueType":{"Category":"Primitive","Name":"string"}},{"Category":"Animation","MemberType":"Property","Name":"WalkAnimation","Security":{"Read":"None","Write":"None"},"Serialization":{"CanLoad":true,"CanSave":true},"ThreadSafety":"ReadSafe","ValueType":{"Category":"Primitive","Name":"int64"}},{"Category":"Scale","MemberType":"Property","Name":"WidthScale","Security":{"Read":"None","Write":"None"},"Serialization":{"CanLoad":true,"CanSave":true},"ThreadSafety":"ReadSafe","ValueType":{"Category":"Primitive","Name":"float"}},{"MemberType":"Function","Name":"AddEmote","Parameters":[{"Name":"name","Type":{"Category":"Primitive","Name":"string"}},{"Name":"assetId","Type":{"Category":"Primitive","Name":"int64"}}],"ReturnType":{"Category":"Primitive","Name":"void"},"Security":"None","ThreadSafety":"Unsafe"},{"MemberType":"Function","Name":"GetAccessories","Parameters":[{"Name":"includeRigidAccessories","Type":{"Category":"Primitive","Name":"bool"}}],"ReturnType":{"Category":"Group","Name":"Array"},"Security":"None","ThreadSafety":"Unsafe"},{"MemberType":"Function","Name":"GetEmotes","Parameters":[],"ReturnType":{"Category":"Group","Name":"Dictionary"},"Security":"None","ThreadSafety":"Unsafe"},{"MemberType":"Function","Name":"GetEquippedEmotes","Parameters":[],"ReturnType":{"Category":"Group","Name":"Array"},"Security":"None","ThreadSafety":"Unsafe"},{"MemberType":"Function","Name":"RemoveEmote","Parameters":[{"Name":"name","Type":{"Category":"Primitive","Name":"string"}}],"ReturnType":{"Category":"Primitive","Name":"void"},"Security":"None","ThreadSafety":"Unsafe"},{"MemberType":"Function","Name":"SetAccessories","Parameters":[{"Name":"accessories","Type":{"Category":"Group","Name":"Array"}},{"Name":"includeRigidAccessories","Type":{"Category":"Primitive","Name":"bool"}}],"ReturnType":{"Category":"Primitive","Name":"void"},"Security":"None","ThreadSafety":"Unsafe"},{"MemberType":"Function","Name":"SetEmotes","Parameters":[{"Name":"emotes","Type":{"Category":"Group","Name":"Dictionary"}}],"ReturnType":{"Category":"Primitive","Name":"void"},"Security":"None","ThreadSafety":"Unsafe"},{"MemberType":"Function","Name":"SetEquippedEmotes","Parameters":[{"Name":"equippedEmotes","Type":{"Category":"Group","Name":"Array"}}],"ReturnType":{"Category":"Primitive","Name":"void"},"Security":"None","ThreadSafety":"Unsafe"},{"MemberType":"Event","Name":"EmotesChanged","Parameters":[{"Name":"newEmotes","Type":{"Category":"Group","Name":"Dictionary"}}],"Security":"None","ThreadSafety":"Unsafe"},{"MemberType":"Event","Name":"EquippedEmotesChanged","Parameters":[{"Name":"newEquippedEmotes","Type":{"Category":"Group","Name":"Array"}}],"Security":"None","ThreadSafety":"Unsafe"}],"MemoryCategory":"Instances","Name":"HumanoidDescription","Superclass":"Instance"},{"Members":[],"MemoryCategory":"Instances","Name":"ILegacyStudioBridge","Superclass":"Instance","Tags":["NotCreatable","Service"]},{"Members":[],"MemoryCategory":"Instances","Name":"LegacyStudioBridge","Superclass":"ILegacyStudioBridge","Tags":["NotCreatable","Service","NotReplicated"]},{"Members":[{"MemberType":"Function","Name":"ClearUserLayers","Parameters":[],"ReturnType":{"Category":"Primitive","Name":"void"},"Security":"LocalUserSecurity","ThreadSafety":"Unsafe"},{"MemberType":"Function","Name":"GetBrowserTrackerLayerLoadingStatus","Parameters":[],"ReturnType":{"Category":"Enum","Name":"IXPLoadingStatus"},"Security":"LocalUserSecurity","ThreadSafety":"Unsafe"},{"MemberType":"Function","Name":"GetBrowserTrackerLayerVariables","Parameters":[{"Name":"layerName","Type":{"Category":"Primitive","Name":"string"}}],"ReturnType":{"Category":"Group","Name":"Dictionary"},"Security":"LocalUserSecurity","ThreadSafety":"Unsafe"},{"MemberType":"Function","Name":"GetUserLayerLoadingStatus","Parameters":[],"ReturnType":{"Category":"Enum","Name":"IXPLoadingStatus"},"Security":"LocalUserSecurity","ThreadSafety":"Unsafe"},{"MemberType":"Function","Name":"GetUserLayerVariables","Parameters":[{"Name":"layerName","Type":{"Category":"Primitive","Name":"string"}}],"ReturnType":{"Category":"Group","Name":"Dictionary"},"Security":"LocalUserSecurity","ThreadSafety":"Unsafe"},{"MemberType":"Function","Name":"InitializeUserLayers","Parameters":[{"Name":"userId","Type":{"Category":"Primitive","Name":"int64"}}],"ReturnType":{"Category":"Primitive","Name":"void"},"Security":"LocalUserSecurity","ThreadSafety":"Unsafe"},{"MemberType":"Function","Name":"LogBrowserTrackerLayerExposure","Parameters":[{"Name":"layerName","Type":{"Category":"Primitive","Name":"string"}}],"ReturnType":{"Category":"Primitive","Name":"void"},"Security":"LocalUserSecurity","ThreadSafety":"Unsafe"},{"MemberType":"Function","Name":"LogUserLayerExposure","Parameters":[{"Name":"layerName","Type":{"Category":"Primitive","Name":"string"}}],"ReturnType":{"Category":"Primitive","Name":"void"},"Security":"LocalUserSecurity","ThreadSafety":"Unsafe"},{"MemberType":"Function","Name":"RegisterUserLayers","Parameters":[{"Name":"userLayers","Type":{"Category":"Group","Name":"Variant"}}],"ReturnType":{"Category":"Primitive","Name":"void"},"Security":"LocalUserSecurity","ThreadSafety":"Unsafe"},{"MemberType":"Event","Name":"OnBrowserTrackerLayerLoadingStatusChanged","Parameters":[{"Name":"status","Type":{"Category":"Enum","Name":"IXPLoadingStatus"}}],"Security":"LocalUserSecurity","ThreadSafety":"Unsafe"},{"MemberType":"Event","Name":"OnUserLayerLoadingStatusChanged","Parameters":[{"Name":"status","Type":{"Category":"Enum","Name":"IXPLoadingStatus"}}],"Security":"LocalUserSecurity","ThreadSafety":"Unsafe"}],"MemoryCategory":"Instances","Name":"IXPService","Superclass":"Instance","Tags":["NotCreatable","Service","NotReplicated"]},{"Members":[{"Category":"Data","MemberType":"Property","Name":"Id","Security":{"Read":"None","Write":"None"},"Serialization":{"CanLoad":false,"CanSave":true},"Tags":["ReadOnly","NotReplicated"],"ThreadSafety":"ReadSafe","ValueType":{"Category":"Primitive","Name":"string"}},{"Category":"Data","MemberType":"Property","Name":"ImportName","Security":{"Read":"None","Write":"None"},"Serialization":{"CanLoad":true,"CanSave":true},"ThreadSafety":"ReadSafe","ValueType":{"Category":"Primitive","Name":"string"}},{"Category":"Data","MemberType":"Property","Name":"ShouldImport","Security":{"Read":"None","Write":"None"},"Serialization":{"CanLoad":true,"CanSave":true},"ThreadSafety":"ReadSafe","ValueType":{"Category":"Primitive","Name":"bool"}},{"MemberType":"Function","Name":"GetStatuses","Parameters":[],"ReturnType":{"Category":"Group","Name":"Dictionary"},"Security":"RobloxScriptSecurity","ThreadSafety":"Unsafe"}],"MemoryCategory":"Instances","Name":"ImporterBaseSettings","Superclass":"Instance","Tags":["NotCreatable","NotReplicated"]},{"Members":[],"MemoryCategory":"Instances","Name":"ImporterAnimationSettings","Superclass":"ImporterBaseSettings","Tags":["NotCreatable","NotReplicated"]},{"Members":[{"Category":"Data","MemberType":"Property","Name":"Anchored","Security":{"Read":"None","Write":"None"},"Serialization":{"CanLoad":true,"CanSave":true},"ThreadSafety":"ReadSafe","ValueType":{"Category":"Primitive","Name":"bool"}},{"Category":"Data","MemberType":"Property","Name":"ImportAsModelAsset","Security":{"Read":"None","Write":"None"},"Serialization":{"CanLoad":true,"CanSave":true},"ThreadSafety":"ReadSafe","ValueType":{"Category":"Primitive","Name":"bool"}},{"Category":"Data","MemberType":"Property","Name":"InsertInWorkspace","Security":{"Read":"None","Write":"None"},"Serialization":{"CanLoad":true,"CanSave":true},"ThreadSafety":"ReadSafe","ValueType":{"Category":"Primitive","Name":"bool"}}],"MemoryCategory":"Instances","Name":"ImporterGroupSettings","Superclass":"ImporterBaseSettings","Tags":["NotCreatable","NotReplicated"]},{"Members":[],"MemoryCategory":"Instances","Name":"ImporterJointSettings","Superclass":"ImporterBaseSettings","Tags":["NotCreatable","NotReplicated"]},{"Members":[{"Category":"Data","MemberType":"Property","Name":"DiffuseFilePath","Security":{"Read":"None","Write":"None"},"Serialization":{"CanLoad":false,"CanSave":true},"Tags":["ReadOnly","NotReplicated"],"ThreadSafety":"ReadSafe","ValueType":{"Category":"Primitive","Name":"string"}},{"Category":"Data","MemberType":"Property","Name":"IsPbr","Security":{"Read":"None","Write":"None"},"Serialization":{"CanLoad":false,"CanSave":true},"Tags":["ReadOnly","NotReplicated"],"ThreadSafety":"ReadSafe","ValueType":{"Category":"Primitive","Name":"bool"}},{"Category":"Data","MemberType":"Property","Name":"MetalnessFilePath","Security":{"Read":"None","Write":"None"},"Serialization":{"CanLoad":false,"CanSave":true},"Tags":["ReadOnly","NotReplicated"],"ThreadSafety":"ReadSafe","ValueType":{"Category":"Primitive","Name":"string"}},{"Category":"Data","MemberType":"Property","Name":"NormalFilePath","Security":{"Read":"None","Write":"None"},"Serialization":{"CanLoad":false,"CanSave":true},"Tags":["ReadOnly","NotReplicated"],"ThreadSafety":"ReadSafe","ValueType":{"Category":"Primitive","Name":"string"}},{"Category":"Data","MemberType":"Property","Name":"RoughnessFilePath","Security":{"Read":"None","Write":"None"},"Serialization":{"CanLoad":false,"CanSave":true},"Tags":["ReadOnly","NotReplicated"],"ThreadSafety":"ReadSafe","ValueType":{"Category":"Primitive","Name":"string"}}],"MemoryCategory":"Instances","Name":"ImporterMaterialSettings","Superclass":"ImporterBaseSettings","Tags":["NotCreatable","NotReplicated"]},{"Members":[{"Category":"Data","MemberType":"Property","Name":"Anchored","Security":{"Read":"None","Write":"None"},"Serialization":{"CanLoad":true,"CanSave":true},"ThreadSafety":"ReadSafe","ValueType":{"Category":"Primitive","Name":"bool"}},{"Category":"Data","MemberType":"Property","Name":"Dimensions","Security":{"Read":"None","Write":"None"},"Serialization":{"CanLoad":false,"CanSave":true},"Tags":["ReadOnly","NotReplicated"],"ThreadSafety":"ReadSafe","ValueType":{"Category":"DataType","Name":"Vector3"}},{"Category":"Data","MemberType":"Property","Name":"DoubleSided","Security":{"Read":"None","Write":"None"},"Serialization":{"CanLoad":true,"CanSave":true},"ThreadSafety":"ReadSafe","ValueType":{"Category":"Primitive","Name":"bool"}},{"Category":"Data","MemberType":"Property","Name":"IgnoreVertexColors","Security":{"Read":"None","Write":"None"},"Serialization":{"CanLoad":true,"CanSave":true},"ThreadSafety":"ReadSafe","ValueType":{"Category":"Primitive","Name":"bool"}},{"Category":"Data","MemberType":"Property","Name":"Manifold","Security":{"Read":"None","Write":"None"},"Serialization":{"CanLoad":false,"CanSave":true},"Tags":["ReadOnly","NotReplicated"],"ThreadSafety":"ReadSafe","ValueType":{"Category":"Primitive","Name":"bool"}},{"Category":"Data","MemberType":"Property","Name":"PolygonCount","Security":{"Read":"None","Write":"None"},"Serialization":{"CanLoad":false,"CanSave":true},"Tags":["ReadOnly","NotReplicated"],"ThreadSafety":"ReadSafe","ValueType":{"Category":"Primitive","Name":"float"}}],"MemoryCategory":"Instances","Name":"ImporterMeshSettings","Superclass":"ImporterBaseSettings","Tags":["NotCreatable","NotReplicated"]},{"Members":[{"Category":"Data","MemberType":"Property","Name":"Anchored","Security":{"Read":"None","Write":"None"},"Serialization":{"CanLoad":true,"CanSave":true},"ThreadSafety":"ReadSafe","ValueType":{"Category":"Primitive","Name":"bool"}},{"Category":"Data","MemberType":"Property","Name":"FileDimensions","Security":{"Read":"None","Write":"None"},"Serialization":{"CanLoad":false,"CanSave":true},"Tags":["ReadOnly","NotReplicated"],"ThreadSafety":"ReadSafe","ValueType":{"Category":"DataType","Name":"Vector3"}},{"Category":"Data","MemberType":"Property","Name":"ImportAsModelAsset","Security":{"Read":"None","Write":"None"},"Serialization":{"CanLoad":true,"CanSave":true},"ThreadSafety":"ReadSafe","ValueType":{"Category":"Primitive","Name":"bool"}},{"Category":"Data","MemberType":"Property","Name":"InsertInWorkspace","Security":{"Read":"None","Write":"None"},"Serialization":{"CanLoad":true,"CanSave":true},"ThreadSafety":"ReadSafe","ValueType":{"Category":"Primitive","Name":"bool"}},{"Category":"Data","MemberType":"Property","Name":"InvertNegativeFaces","Security":{"Read":"None","Write":"None"},"Serialization":{"CanLoad":true,"CanSave":true},"ThreadSafety":"ReadSafe","ValueType":{"Category":"Primitive","Name":"bool"}},{"Category":"Data","MemberType":"Property","Name":"MergeMeshes","Security":{"Read":"None","Write":"None"},"Serialization":{"CanLoad":true,"CanSave":true},"ThreadSafety":"ReadSafe","ValueType":{"Category":"Primitive","Name":"bool"}},{"Category":"Data","MemberType":"Property","Name":"PolygonCount","Security":{"Read":"None","Write":"None"},"Serialization":{"CanLoad":false,"CanSave":true},"Tags":["ReadOnly","NotReplicated"],"ThreadSafety":"ReadSafe","ValueType":{"Category":"Primitive","Name":"float"}},{"Category":"Data","MemberType":"Property","Name":"RigType","Security":{"Read":"None","Write":"None"},"Serialization":{"CanLoad":true,"CanSave":true},"ThreadSafety":"ReadSafe","ValueType":{"Category":"Enum","Name":"RigType"}},{"Category":"Data","MemberType":"Property","Name":"ScaleUnit","Security":{"Read":"None","Write":"None"},"Serialization":{"CanLoad":true,"CanSave":true},"ThreadSafety":"ReadSafe","ValueType":{"Category":"Enum","Name":"MeshScaleUnit"}},{"Category":"Data","MemberType":"Property","Name":"WorldForward","Security":{"Read":"None","Write":"None"},"Serialization":{"CanLoad":true,"CanSave":true},"ThreadSafety":"ReadSafe","ValueType":{"Category":"Enum","Name":"NormalId"}},{"Category":"Data","MemberType":"Property","Name":"WorldUp","Security":{"Read":"None","Write":"None"},"Serialization":{"CanLoad":true,"CanSave":true},"ThreadSafety":"ReadSafe","ValueType":{"Category":"Enum","Name":"NormalId"}}],"MemoryCategory":"Instances","Name":"ImporterRootSettings","Superclass":"ImporterBaseSettings","Tags":["NotCreatable","NotReplicated"]},{"Members":[{"Category":"Data","MemberType":"Property","Name":"FilePath","Security":{"Read":"None","Write":"None"},"Serialization":{"CanLoad":false,"CanSave":true},"Tags":["ReadOnly","NotReplicated"],"ThreadSafety":"ReadSafe","ValueType":{"Category":"Primitive","Name":"string"}}],"MemoryCategory":"Instances","Name":"ImporterTextureSettings","Superclass":"ImporterBaseSettings","Tags":["NotCreatable","NotReplicated"]},{"Members":[],"MemoryCategory":"Instances","Name":"IncrementalPatchBuilder","Superclass":"Instance","Tags":["NotCreatable","Service","NotReplicated"]},{"Members":[{"Category":"Data","MemberType":"Property","Name":"Delta","Security":{"Read":"None","Write":"None"},"Serialization":{"CanLoad":false,"CanSave":false},"ThreadSafety":"ReadSafe","ValueType":{"Category":"DataType","Name":"Vector3"}},{"Category":"Data","MemberType":"Property","Name":"KeyCode","Security":{"Read":"None","Write":"None"},"Serialization":{"CanLoad":false,"CanSave":false},"ThreadSafety":"ReadSafe","ValueType":{"Category":"Enum","Name":"KeyCode"}},{"Category":"Data","MemberType":"Property","Name":"Position","Security":{"Read":"None","Write":"None"},"Serialization":{"CanLoad":false,"CanSave":false},"ThreadSafety":"ReadSafe","ValueType":{"Category":"DataType","Name":"Vector3"}},{"Category":"State","MemberType":"Property","Name":"UserInputState","Security":{"Read":"None","Write":"None"},"Serialization":{"CanLoad":false,"CanSave":false},"ThreadSafety":"ReadSafe","ValueType":{"Category":"Enum","Name":"UserInputState"}},{"Category":"Data","MemberType":"Property","Name":"UserInputType","Security":{"Read":"None","Write":"None"},"Serialization":{"CanLoad":false,"CanSave":false},"ThreadSafety":"ReadSafe","ValueType":{"Category":"Enum","Name":"UserInputType"}},{"MemberType":"Function","Name":"IsModifierKeyDown","Parameters":[{"Name":"modifierKey","Type":{"Category":"Enum","Name":"ModifierKey"}}],"ReturnType":{"Category":"Primitive","Name":"bool"},"Security":"None","ThreadSafety":"Unsafe"}],"MemoryCategory":"Instances","Name":"InputObject","Superclass":"Instance","Tags":["NotCreatable"]},{"Members":[{"Category":"Behavior","MemberType":"Property","Name":"AllowClientInsertModels","Security":{"Read":"None","Write":"None"},"Serialization":{"CanLoad":true,"CanSave":true},"Tags":["NotScriptable"],"ThreadSafety":"ReadSafe","ValueType":{"Category":"Primitive","Name":"bool"}},{"Category":"Behavior","MemberType":"Property","Name":"AllowInsertFreeModels","Security":{"Read":"None","Write":"None"},"Serialization":{"CanLoad":true,"CanSave":true},"Tags":["NotReplicated","NotBrowsable","Deprecated"],"ThreadSafety":"ReadSafe","ValueType":{"Category":"Primitive","Name":"bool"}},{"MemberType":"Function","Name":"ApproveAssetId","Parameters":[{"Name":"assetId","Type":{"Category":"Primitive","Name":"int64"}}],"ReturnType":{"Category":"Primitive","Name":"void"},"Security":"None","Tags":["Deprecated"],"ThreadSafety":"Unsafe"},{"MemberType":"Function","Name":"ApproveAssetVersionId","Parameters":[{"Name":"assetVersionId","Type":{"Category":"Primitive","Name":"int64"}}],"ReturnType":{"Category":"Primitive","Name":"void"},"Security":"None","Tags":["Deprecated"],"ThreadSafety":"Unsafe"},{"MemberType":"Function","Name":"Insert","Parameters":[{"Name":"instance","Type":{"Category":"Class","Name":"Instance"}}],"ReturnType":{"Category":"Primitive","Name":"void"},"Security":"None","Tags":["Deprecated"],"ThreadSafety":"Unsafe"},{"MemberType":"Function","Name":"LoadLocalAsset","Parameters":[{"Name":"assetPath","Type":{"Category":"Primitive","Name":"string"}}],"ReturnType":{"Category":"Class","Name":"Instance"},"Security":"RobloxScriptSecurity","ThreadSafety":"Unsafe"},{"MemberType":"Function","Name":"LoadPackageAsset","Parameters":[{"Name":"url","Type":{"Category":"DataType","Name":"Content"}}],"ReturnType":{"Category":"DataType","Name":"Objects"},"Security":"RobloxScriptSecurity","ThreadSafety":"Unsafe"},{"MemberType":"Function","Name":"CreateMeshPartAsync","Parameters":[{"Name":"meshId","Type":{"Category":"DataType","Name":"Content"}},{"Name":"collisionFidelity","Type":{"Category":"Enum","Name":"CollisionFidelity"}},{"Name":"renderFidelity","Type":{"Category":"Enum","Name":"RenderFidelity"}}],"ReturnType":{"Category":"Class","Name":"MeshPart"},"Security":"PluginSecurity","Tags":["Yields"],"ThreadSafety":"Unsafe"},{"MemberType":"Function","Name":"GetBaseCategories","Parameters":[],"ReturnType":{"Category":"Group","Name":"Array"},"Security":"None","Tags":["Yields","Deprecated"],"ThreadSafety":"Unsafe"},{"MemberType":"Function","Name":"GetBaseSets","Parameters":[],"ReturnType":{"Category":"Group","Name":"Array"},"Security":"None","Tags":["Yields"],"ThreadSafety":"Unsafe"},{"MemberType":"Function","Name":"GetCollection","Parameters":[{"Name":"categoryId","Type":{"Category":"Primitive","Name":"int64"}}],"ReturnType":{"Category":"Group","Name":"Array"},"Security":"None","Tags":["Yields"],"ThreadSafety":"Unsafe"},{"MemberType":"Function","Name":"GetFreeDecals","Parameters":[{"Name":"searchText","Type":{"Category":"Primitive","Name":"string"}},{"Name":"pageNum","Type":{"Category":"Primitive","Name":"int"}}],"ReturnType":{"Category":"Group","Name":"Array"},"Security":"None","Tags":["Yields"],"ThreadSafety":"Unsafe"},{"MemberType":"Function","Name":"GetFreeModels","Parameters":[{"Name":"searchText","Type":{"Category":"Primitive","Name":"string"}},{"Name":"pageNum","Type":{"Category":"Primitive","Name":"int"}}],"ReturnType":{"Category":"Group","Name":"Array"},"Security":"None","Tags":["Yields"],"ThreadSafety":"Unsafe"},{"MemberType":"Function","Name":"GetLatestAssetVersionAsync","Parameters":[{"Name":"assetId","Type":{"Category":"Primitive","Name":"int64"}}],"ReturnType":{"Category":"Primitive","Name":"int64"},"Security":"None","Tags":["Yields"],"ThreadSafety":"Unsafe"},{"MemberType":"Function","Name":"GetUserCategories","Parameters":[{"Name":"userId","Type":{"Category":"Primitive","Name":"int64"}}],"ReturnType":{"Category":"Group","Name":"Array"},"Security":"None","Tags":["Yields","Deprecated"],"ThreadSafety":"Unsafe"},{"MemberType":"Function","Name":"GetUserSets","Parameters":[{"Name":"userId","Type":{"Category":"Primitive","Name":"int64"}}],"ReturnType":{"Category":"Group","Name":"Array"},"Security":"None","Tags":["Yields"],"ThreadSafety":"Unsafe"},{"MemberType":"Function","Name":"LoadAsset","Parameters":[{"Name":"assetId","Type":{"Category":"Primitive","Name":"int64"}}],"ReturnType":{"Category":"Class","Name":"Instance"},"Security":"None","Tags":["Yields"],"ThreadSafety":"Unsafe"},{"MemberType":"Function","Name":"LoadAssetVersion","Parameters":[{"Name":"assetVersionId","Type":{"Category":"Primitive","Name":"int64"}}],"ReturnType":{"Category":"Class","Name":"Instance"},"Security":"None","Tags":["Yields"],"ThreadSafety":"Unsafe"},{"MemberType":"Function","Name":"LoadPackageAssetAsync","Parameters":[{"Name":"url","Type":{"Category":"DataType","Name":"Content"}}],"ReturnType":{"Category":"DataType","Name":"Objects"},"Security":"RobloxScriptSecurity","Tags":["Yields"],"ThreadSafety":"Unsafe"},{"MemberType":"Function","Name":"loadAsset","Parameters":[{"Name":"assetId","Type":{"Category":"Primitive","Name":"int64"}}],"ReturnType":{"Category":"Class","Name":"Instance"},"Security":"None","Tags":["Yields","Deprecated"],"ThreadSafety":"Unsafe"}],"MemoryCategory":"Instances","Name":"InsertService","Superclass":"Instance","Tags":["NotCreatable","Service"]},{"Members":[{"Category":"Behavior","MemberType":"Property","Name":"Active","Security":{"Read":"None","Write":"None"},"Serialization":{"CanLoad":false,"CanSave":false},"Tags":["ReadOnly","NotReplicated"],"ThreadSafety":"ReadSafe","ValueType":{"Category":"Primitive","Name":"bool"}},{"Category":"Data","MemberType":"Property","Name":"C0","Security":{"Read":"None","Write":"None"},"Serialization":{"CanLoad":true,"CanSave":true},"ThreadSafety":"ReadSafe","ValueType":{"Category":"DataType","Name":"CFrame"}},{"Category":"Data","MemberType":"Property","Name":"C1","Security":{"Read":"None","Write":"None"},"Serialization":{"CanLoad":true,"CanSave":true},"ThreadSafety":"ReadSafe","ValueType":{"Category":"DataType","Name":"CFrame"}},{"Category":"Behavior","MemberType":"Property","Name":"Enabled","Security":{"Read":"None","Write":"None"},"Serialization":{"CanLoad":true,"CanSave":true},"ThreadSafety":"ReadSafe","ValueType":{"Category":"Primitive","Name":"bool"}},{"Category":"Data","MemberType":"Property","Name":"Part0","Security":{"Read":"None","Write":"None"},"Serialization":{"CanLoad":true,"CanSave":true},"ThreadSafety":"ReadSafe","ValueType":{"Category":"Class","Name":"BasePart"}},{"Category":"Data","MemberType":"Property","Name":"Part1","Security":{"Read":"None","Write":"None"},"Serialization":{"CanLoad":true,"CanSave":true},"ThreadSafety":"ReadSafe","ValueType":{"Category":"Class","Name":"BasePart"}},{"Category":"Data","MemberType":"Property","Name":"part1","Security":{"Read":"None","Write":"None"},"Serialization":{"CanLoad":false,"CanSave":false},"Tags":["Hidden","NotReplicated","Deprecated"],"ThreadSafety":"ReadSafe","ValueType":{"Category":"Class","Name":"BasePart"}}],"MemoryCategory":"PhysicsParts","Name":"JointInstance","Superclass":"Instance","Tags":["NotCreatable"]},{"Members":[{"Category":"Data","MemberType":"Property","Name":"BaseAngle","Security":{"Read":"None","Write":"None"},"Serialization":{"CanLoad":true,"CanSave":true},"ThreadSafety":"ReadSafe","ValueType":{"Category":"Primitive","Name":"float"}}],"MemoryCategory":"PhysicsParts","Name":"DynamicRotate","Superclass":"JointInstance","Tags":["NotCreatable"]},{"Members":[],"MemoryCategory":"PhysicsParts","Name":"RotateP","Superclass":"DynamicRotate","Tags":["Deprecated"]},{"Members":[],"MemoryCategory":"PhysicsParts","Name":"RotateV","Superclass":"DynamicRotate","Tags":["Deprecated"]},{"Members":[{"Category":"Data","MemberType":"Property","Name":"F0","Security":{"Read":"None","Write":"None"},"Serialization":{"CanLoad":true,"CanSave":true},"ThreadSafety":"ReadSafe","ValueType":{"Category":"DataType","Name":"Vector3"}},{"Category":"Data","MemberType":"Property","Name":"F1","Security":{"Read":"None","Write":"None"},"Serialization":{"CanLoad":true,"CanSave":true},"ThreadSafety":"ReadSafe","ValueType":{"Category":"DataType","Name":"Vector3"}},{"Category":"Data","MemberType":"Property","Name":"F2","Security":{"Read":"None","Write":"None"},"Serialization":{"CanLoad":true,"CanSave":true},"ThreadSafety":"ReadSafe","ValueType":{"Category":"DataType","Name":"Vector3"}},{"Category":"Data","MemberType":"Property","Name":"F3","Security":{"Read":"None","Write":"None"},"Serialization":{"CanLoad":true,"CanSave":true},"ThreadSafety":"ReadSafe","ValueType":{"Category":"DataType","Name":"Vector3"}}],"MemoryCategory":"PhysicsParts","Name":"Glue","Superclass":"JointInstance","Tags":["Deprecated"]},{"Members":[],"MemoryCategory":"PhysicsParts","Name":"ManualSurfaceJointInstance","Superclass":"JointInstance","Tags":["NotCreatable","Deprecated"]},{"Members":[],"MemoryCategory":"PhysicsParts","Name":"ManualGlue","Superclass":"ManualSurfaceJointInstance","Tags":["Deprecated"]},{"Members":[],"MemoryCategory":"PhysicsParts","Name":"ManualWeld","Superclass":"ManualSurfaceJointInstance","Tags":["Deprecated"]},{"Members":[{"Category":"Data","MemberType":"Property","Name":"CurrentAngle","Security":{"Read":"None","Write":"None"},"Serialization":{"CanLoad":true,"CanSave":false},"Tags":["NotReplicated"],"ThreadSafety":"ReadSafe","ValueType":{"Category":"Primitive","Name":"float"}},{"Category":"Data","MemberType":"Property","Name":"DesiredAngle","Security":{"Read":"None","Write":"None"},"Serialization":{"CanLoad":true,"CanSave":true},"ThreadSafety":"ReadSafe","ValueType":{"Category":"Primitive","Name":"float"}},{"Category":"Data","MemberType":"Property","Name":"MaxVelocity","Security":{"Read":"None","Write":"None"},"Serialization":{"CanLoad":true,"CanSave":true},"ThreadSafety":"ReadSafe","ValueType":{"Category":"Primitive","Name":"float"}},{"MemberType":"Function","Name":"SetDesiredAngle","Parameters":[{"Name":"value","Type":{"Category":"Primitive","Name":"float"}}],"ReturnType":{"Category":"Primitive","Name":"void"},"Security":"None","ThreadSafety":"Unsafe"}],"MemoryCategory":"PhysicsParts","Name":"Motor","Superclass":"JointInstance"},{"Members":[{"Category":"Animatable","MemberType":"Property","Name":"ChildName","Security":{"Read":"None","Write":"None"},"Serialization":{"CanLoad":false,"CanSave":false},"Tags":["ReadOnly","NotReplicated","NotScriptable"],"ThreadSafety":"ReadSafe","ValueType":{"Category":"Primitive","Name":"string"}},{"Category":"Animatable","MemberType":"Property","Name":"ParentName","Security":{"Read":"None","Write":"None"},"Serialization":{"CanLoad":false,"CanSave":false},"Tags":["ReadOnly","NotReplicated","NotScriptable"],"ThreadSafety":"ReadSafe","ValueType":{"Category":"Primitive","Name":"string"}},{"Category":"Data","MemberType":"Property","Name":"Transform","Security":{"Read":"None","Write":"None"},"Serialization":{"CanLoad":false,"CanSave":false},"Tags":["Hidden","NotReplicated"],"ThreadSafety":"ReadSafe","ValueType":{"Category":"DataType","Name":"CFrame"}}],"MemoryCategory":"PhysicsParts","Name":"Motor6D","Superclass":"Motor"},{"Members":[],"MemoryCategory":"PhysicsParts","Name":"Rotate","Superclass":"JointInstance","Tags":["Deprecated"]},{"Members":[],"MemoryCategory":"PhysicsParts","Name":"Snap","Superclass":"JointInstance","Tags":["Deprecated"]},{"Members":[{"Category":"Data","MemberType":"Property","Name":"CurrentAngle","Security":{"Read":"None","Write":"None"},"Serialization":{"CanLoad":true,"CanSave":true},"ThreadSafety":"ReadSafe","ValueType":{"Category":"Primitive","Name":"float"}},{"Category":"Data","MemberType":"Property","Name":"DesiredAngle","Security":{"Read":"None","Write":"None"},"Serialization":{"CanLoad":true,"CanSave":true},"ThreadSafety":"ReadSafe","ValueType":{"Category":"Primitive","Name":"float"}},{"Category":"Data","MemberType":"Property","Name":"Hole","Security":{"Read":"None","Write":"None"},"Serialization":{"CanLoad":true,"CanSave":true},"ThreadSafety":"ReadSafe","ValueType":{"Category":"Class","Name":"Hole"}},{"Category":"Data","MemberType":"Property","Name":"MaxVelocity","Security":{"Read":"None","Write":"None"},"Serialization":{"CanLoad":true,"CanSave":true},"ThreadSafety":"ReadSafe","ValueType":{"Category":"Primitive","Name":"float"}}],"MemoryCategory":"PhysicsParts","Name":"VelocityMotor","Superclass":"JointInstance"},{"Members":[],"MemoryCategory":"PhysicsParts","Name":"Weld","Superclass":"JointInstance"},{"Members":[{"MemberType":"Function","Name":"ClearJoinAfterMoveJoints","Parameters":[],"ReturnType":{"Category":"Primitive","Name":"void"},"Security":"None","ThreadSafety":"Unsafe"},{"MemberType":"Function","Name":"CreateJoinAfterMoveJoints","Parameters":[],"ReturnType":{"Category":"Primitive","Name":"void"},"Security":"None","ThreadSafety":"Unsafe"},{"MemberType":"Function","Name":"SetJoinAfterMoveInstance","Parameters":[{"Name":"joinInstance","Type":{"Category":"Class","Name":"Instance"}}],"ReturnType":{"Category":"Primitive","Name":"void"},"Security":"None","ThreadSafety":"Unsafe"},{"MemberType":"Function","Name":"SetJoinAfterMoveTarget","Parameters":[{"Name":"joinTarget","Type":{"Category":"Class","Name":"Instance"}}],"ReturnType":{"Category":"Primitive","Name":"void"},"Security":"None","ThreadSafety":"Unsafe"},{"MemberType":"Function","Name":"ShowPermissibleJoints","Parameters":[],"ReturnType":{"Category":"Primitive","Name":"void"},"Security":"None","ThreadSafety":"Unsafe"}],"MemoryCategory":"Instances","Name":"JointsService","Superclass":"Instance","Tags":["NotCreatable","Service","Deprecated"]},{"Members":[],"MemoryCategory":"Instances","Name":"KeyboardService","Superclass":"Instance","Tags":["NotCreatable","Service"]},{"Members":[{"Category":"Data","MemberType":"Property","Name":"Time","Security":{"Read":"None","Write":"None"},"Serialization":{"CanLoad":true,"CanSave":true},"ThreadSafety":"ReadSafe","ValueType":{"Category":"Primitive","Name":"float"}},{"MemberType":"Function","Name":"AddMarker","Parameters":[{"Name":"marker","Type":{"Category":"Class","Name":"Instance"}}],"ReturnType":{"Category":"Primitive","Name":"void"},"Security":"None","ThreadSafety":"Unsafe"},{"MemberType":"Function","Name":"AddPose","Parameters":[{"Name":"pose","Type":{"Category":"Class","Name":"Instance"}}],"ReturnType":{"Category":"Primitive","Name":"void"},"Security":"None","ThreadSafety":"Unsafe"},{"MemberType":"Function","Name":"GetMarkers","Parameters":[],"ReturnType":{"Category":"DataType","Name":"Objects"},"Security":"None","ThreadSafety":"Unsafe"},{"MemberType":"Function","Name":"GetPoses","Parameters":[],"ReturnType":{"Category":"DataType","Name":"Objects"},"Security":"None","ThreadSafety":"Unsafe"},{"MemberType":"Function","Name":"RemoveMarker","Parameters":[{"Name":"marker","Type":{"Category":"Class","Name":"Instance"}}],"ReturnType":{"Category":"Primitive","Name":"void"},"Security":"None","ThreadSafety":"Unsafe"},{"MemberType":"Function","Name":"RemovePose","Parameters":[{"Name":"pose","Type":{"Category":"Class","Name":"Instance"}}],"ReturnType":{"Category":"Primitive","Name":"void"},"Security":"None","ThreadSafety":"Unsafe"}],"MemoryCategory":"Animation","Name":"Keyframe","Superclass":"Instance"},{"Members":[{"Category":"Data","MemberType":"Property","Name":"Value","Security":{"Read":"None","Write":"None"},"Serialization":{"CanLoad":true,"CanSave":true},"ThreadSafety":"ReadSafe","ValueType":{"Category":"Primitive","Name":"string"}}],"MemoryCategory":"Animation","Name":"KeyframeMarker","Superclass":"Instance"},{"Members":[{"MemberType":"Function","Name":"GetKeyframeSequence","Parameters":[{"Name":"assetId","Type":{"Category":"DataType","Name":"Content"}}],"ReturnType":{"Category":"Class","Name":"Instance"},"Security":"PluginSecurity","Tags":["Deprecated"],"ThreadSafety":"Unsafe"},{"MemberType":"Function","Name":"GetKeyframeSequenceById","Parameters":[{"Name":"assetId","Type":{"Category":"Primitive","Name":"int64"}},{"Name":"useCache","Type":{"Category":"Primitive","Name":"bool"}}],"ReturnType":{"Category":"Class","Name":"Instance"},"Security":"PluginSecurity","Tags":["Deprecated"],"ThreadSafety":"Unsafe"},{"MemberType":"Function","Name":"GetMemStats","Parameters":[],"ReturnType":{"Category":"Group","Name":"Dictionary"},"Security":"RobloxScriptSecurity","ThreadSafety":"Unsafe"},{"MemberType":"Function","Name":"RegisterActiveKeyframeSequence","Parameters":[{"Name":"keyframeSequence","Type":{"Category":"Class","Name":"Instance"}}],"ReturnType":{"Category":"DataType","Name":"Content"},"Security":"None","ThreadSafety":"Unsafe"},{"MemberType":"Function","Name":"RegisterKeyframeSequence","Parameters":[{"Name":"keyframeSequence","Type":{"Category":"Class","Name":"Instance"}}],"ReturnType":{"Category":"DataType","Name":"Content"},"Security":"None","ThreadSafety":"Unsafe"},{"MemberType":"Function","Name":"GetAnimations","Parameters":[{"Name":"userId","Type":{"Category":"Primitive","Name":"int64"}}],"ReturnType":{"Category":"Class","Name":"Instance"},"Security":"None","Tags":["Yields"],"ThreadSafety":"Unsafe"},{"MemberType":"Function","Name":"GetKeyframeSequenceAsync","Parameters":[{"Name":"assetId","Type":{"Category":"DataType","Name":"Content"}}],"ReturnType":{"Category":"Class","Name":"Instance"},"Security":"None","Tags":["Yields"],"ThreadSafety":"Unsafe"}],"MemoryCategory":"Animation","Name":"KeyframeSequenceProvider","Superclass":"Instance","Tags":["NotCreatable","Service","NotReplicated"]},{"Members":[{"MemberType":"Function","Name":"RegisterLSPCallback","Parameters":[{"Name":"methodToOverride","Type":{"Category":"Enum","Name":"LSPMethodType"}},{"Name":"callbackFunction","Type":{"Category":"DataType","Name":"Function"}}],"ReturnType":{"Category":"Primitive","Name":"void"},"Security":"RobloxScriptSecurity","ThreadSafety":"Unsafe"}],"MemoryCategory":"Instances","Name":"LSPService","Superclass":"Instance","Tags":["Service","NotReplicated"]},{"Members":[],"MemoryCategory":"Instances","Name":"LanguageService","Superclass":"Instance","Tags":["NotCreatable","Service","NotReplicated"]},{"Members":[{"Category":"Appearance","MemberType":"Property","Name":"Brightness","Security":{"Read":"None","Write":"None"},"Serialization":{"CanLoad":true,"CanSave":true},"ThreadSafety":"ReadSafe","ValueType":{"Category":"Primitive","Name":"float"}},{"Category":"Appearance","MemberType":"Property","Name":"Color","Security":{"Read":"None","Write":"None"},"Serialization":{"CanLoad":true,"CanSave":true},"ThreadSafety":"ReadSafe","ValueType":{"Category":"DataType","Name":"Color3"}},{"Category":"Appearance","MemberType":"Property","Name":"Enabled","Security":{"Read":"None","Write":"None"},"Serialization":{"CanLoad":true,"CanSave":true},"ThreadSafety":"ReadSafe","ValueType":{"Category":"Primitive","Name":"bool"}},{"Category":"Appearance","MemberType":"Property","Name":"Shadows","Security":{"Read":"None","Write":"None"},"Serialization":{"CanLoad":true,"CanSave":true},"ThreadSafety":"ReadSafe","ValueType":{"Category":"Primitive","Name":"bool"}}],"MemoryCategory":"Instances","Name":"Light","Superclass":"Instance","Tags":["NotCreatable"]},{"Members":[{"Category":"Appearance","MemberType":"Property","Name":"Range","Security":{"Read":"None","Write":"None"},"Serialization":{"CanLoad":true,"CanSave":true},"ThreadSafety":"ReadSafe","ValueType":{"Category":"Primitive","Name":"float"}}],"MemoryCategory":"Instances","Name":"PointLight","Superclass":"Light"},{"Members":[{"Category":"Appearance","MemberType":"Property","Name":"Angle","Security":{"Read":"None","Write":"None"},"Serialization":{"CanLoad":true,"CanSave":true},"ThreadSafety":"ReadSafe","ValueType":{"Category":"Primitive","Name":"float"}},{"Category":"Appearance","MemberType":"Property","Name":"Face","Security":{"Read":"None","Write":"None"},"Serialization":{"CanLoad":true,"CanSave":true},"ThreadSafety":"ReadSafe","ValueType":{"Category":"Enum","Name":"NormalId"}},{"Category":"Appearance","MemberType":"Property","Name":"Range","Security":{"Read":"None","Write":"None"},"Serialization":{"CanLoad":true,"CanSave":true},"ThreadSafety":"ReadSafe","ValueType":{"Category":"Primitive","Name":"float"}}],"MemoryCategory":"Instances","Name":"SpotLight","Superclass":"Light"},{"Members":[{"Category":"Appearance","MemberType":"Property","Name":"Angle","Security":{"Read":"None","Write":"None"},"Serialization":{"CanLoad":true,"CanSave":true},"ThreadSafety":"ReadSafe","ValueType":{"Category":"Primitive","Name":"float"}},{"Category":"Appearance","MemberType":"Property","Name":"Face","Security":{"Read":"None","Write":"None"},"Serialization":{"CanLoad":true,"CanSave":true},"ThreadSafety":"ReadSafe","ValueType":{"Category":"Enum","Name":"NormalId"}},{"Category":"Appearance","MemberType":"Property","Name":"Range","Security":{"Read":"None","Write":"None"},"Serialization":{"CanLoad":true,"CanSave":true},"ThreadSafety":"ReadSafe","ValueType":{"Category":"Primitive","Name":"float"}}],"MemoryCategory":"Instances","Name":"SurfaceLight","Superclass":"Light"}]}