{"Classes":[{"Members":[{"Category":"Behavior","MemberType":"Property","Name":"Enabled","Security":{"Read":"None","Write":"None"},"Serialization":{"CanLoad":true,"CanSave":true},"ThreadSafety":"ReadSafe","ValueType":{"Category":"Primitive","Name":"bool"}},{"Category":"Parts","MemberType":"Property","Name":"Part0","Security":{"Read":"None","Write":"None"},"Serialization":{"CanLoad":true,"CanSave":true},"ThreadSafety":"ReadSafe","ValueType":{"Category":"Class","Name":"BasePart"}},{"Category":"Parts","MemberType":"Property","Name":"Part1","Security":{"Read":"None","Write":"None"},"Serialization":{"CanLoad":true,"CanSave":true},"ThreadSafety":"ReadSafe","ValueType":{"Category":"Class","Name":"BasePart"}}],"MemoryCategory":"PhysicsParts","Name":"NoCollisionConstraint","Superclass":"Instance"},{"Members":[{"Category":"Behavior","MemberType":"Property","Name":"IsLuaChatEnabled","Security":{"Read":"RobloxScriptSecurity","Write":"RobloxScriptSecurity"},"Serialization":{"CanLoad":false,"CanSave":false},"Tags":["Hidden","ReadOnly","NotReplicated"],"ThreadSafety":"ReadSafe","ValueType":{"Category":"Primitive","Name":"bool"}},{"Category":"Behavior","MemberType":"Property","Name":"IsLuaGameDetailsEnabled","Security":{"Read":"RobloxScriptSecurity","Write":"RobloxScriptSecurity"},"Serialization":{"CanLoad":false,"CanSave":false},"Tags":["ReadOnly","NotReplicated"],"ThreadSafety":"ReadSafe","ValueType":{"Category":"Primitive","Name":"bool"}},{"Category":"Behavior","MemberType":"Property","Name":"SelectedTheme","Security":{"Read":"RobloxScriptSecurity","Write":"RobloxScriptSecurity"},"Serialization":{"CanLoad":true,"CanSave":false},"Tags":["NotReplicated"],"ThreadSafety":"ReadSafe","ValueType":{"Category":"Primitive","Name":"string"}},{"MemberType":"Function","Name":"ActionEnabled","Parameters":[{"Name":"actionType","Type":{"Category":"Enum","Name":"AppShellActionType"}}],"ReturnType":{"Category":"Primitive","Name":"void"},"Security":"RobloxScriptSecurity","ThreadSafety":"Unsafe"},{"MemberType":"Function","Name":"ActionTaken","Parameters":[{"Name":"actionType","Type":{"Category":"Enum","Name":"AppShellActionType"}}],"ReturnType":{"Category":"Primitive","Name":"void"},"Security":"RobloxScriptSecurity","ThreadSafety":"Unsafe"},{"MemberType":"Function","Name":"CancelAllNotification","Parameters":[{"Name":"userId","Type":{"Category":"Primitive","Name":"int64"}}],"ReturnType":{"Category":"Primitive","Name":"void"},"Security":"LocalUserSecurity","ThreadSafety":"Unsafe"},{"MemberType":"Function","Name":"CancelNotification","Parameters":[{"Name":"userId","Type":{"Category":"Primitive","Name":"int64"}},{"Name":"alertId","Type":{"Category":"Primitive","Name":"int"}}],"ReturnType":{"Category":"Primitive","Name":"void"},"Security":"LocalUserSecurity","ThreadSafety":"Unsafe"},{"MemberType":"Function","Name":"ScheduleNotification","Parameters":[{"Name":"userId","Type":{"Category":"Primitive","Name":"int64"}},{"Name":"alertId","Type":{"Category":"Primitive","Name":"int"}},{"Name":"alertMsg","Type":{"Category":"Primitive","Name":"string"}},{"Name":"minutesToFire","Type":{"Category":"Primitive","Name":"int"}}],"ReturnType":{"Category":"Primitive","Name":"void"},"Security":"LocalUserSecurity","ThreadSafety":"Unsafe"},{"MemberType":"Function","Name":"SwitchedToAppShellFeature","Parameters":[{"Name":"appShellFeature","Type":{"Category":"Enum","Name":"AppShellFeature"}}],"ReturnType":{"Category":"Primitive","Name":"void"},"Security":"RobloxScriptSecurity","ThreadSafety":"Unsafe"},{"MemberType":"Function","Name":"GetScheduledNotifications","Parameters":[{"Name":"userId","Type":{"Category":"Primitive","Name":"int64"}}],"ReturnType":{"Category":"Group","Name":"Array"},"Security":"LocalUserSecurity","Tags":["Yields"],"ThreadSafety":"Unsafe"},{"MemberType":"Event","Name":"Roblox17sConnectionChanged","Parameters":[{"Name":"connectionName","Type":{"Category":"Primitive","Name":"string"}},{"Name":"connectionState","Type":{"Category":"Enum","Name":"ConnectionState"}},{"Name":"namespaceSequenceNumbers","Type":{"Category":"Primitive","Name":"string"}}],"Security":"None","ThreadSafety":"Unsafe"},{"MemberType":"Event","Name":"Roblox17sEventReceived","Parameters":[{"Name":"eventData","Type":{"Category":"Group","Name":"Map"}}],"Security":"None","ThreadSafety":"Unsafe"},{"MemberType":"Event","Name":"RobloxConnectionChanged","Parameters":[{"Name":"connectionName","Type":{"Category":"Primitive","Name":"string"}},{"Name":"connectionState","Type":{"Category":"Enum","Name":"ConnectionState"}},{"Name":"sequenceNumber","Type":{"Category":"Primitive","Name":"string"}},{"Name":"namespaceSequenceNumbers","Type":{"Category":"Primitive","Name":"string"}}],"Security":"RobloxScriptSecurity","ThreadSafety":"Unsafe"},{"MemberType":"Event","Name":"RobloxEventReceived","Parameters":[{"Name":"eventData","Type":{"Category":"Group","Name":"Map"}}],"Security":"RobloxScriptSecurity","ThreadSafety":"Unsafe"}],"MemoryCategory":"Instances","Name":"NotificationService","Superclass":"Instance","Tags":["NotCreatable","Service"]},{"Members":[{"Category":"Transform","MemberType":"Property","Name":"Origin Orientation","Security":{"Read":"None","Write":"None"},"Serialization":{"CanLoad":false,"CanSave":false},"Tags":["NotReplicated","NotScriptable"],"ThreadSafety":"ReadSafe","ValueType":{"Category":"DataType","Name":"Vector3"}},{"Category":"Transform","MemberType":"Property","Name":"Origin Position","Security":{"Read":"None","Write":"None"},"Serialization":{"CanLoad":false,"CanSave":false},"Tags":["NotReplicated","NotScriptable"],"ThreadSafety":"ReadSafe","ValueType":{"Category":"DataType","Name":"Vector3"}},{"Category":"Pivot","MemberType":"Property","Name":"Pivot Offset Orientation","Security":{"Read":"None","Write":"None"},"Serialization":{"CanLoad":false,"CanSave":false},"Tags":["NotReplicated","NotScriptable"],"ThreadSafety":"ReadSafe","ValueType":{"Category":"DataType","Name":"Vector3"}},{"Category":"Pivot","MemberType":"Property","Name":"Pivot Offset Position","Security":{"Read":"None","Write":"None"},"Serialization":{"CanLoad":false,"CanSave":false},"Tags":["NotReplicated","NotScriptable"],"ThreadSafety":"ReadSafe","ValueType":{"Category":"DataType","Name":"Vector3"}},{"MemberType":"Function","Name":"GetPivot","Parameters":[],"ReturnType":{"Category":"DataType","Name":"CFrame"},"Security":"None","ThreadSafety":"Unsafe"},{"MemberType":"Function","Name":"PivotTo","Parameters":[{"Name":"targetCFrame","Type":{"Category":"DataType","Name":"CFrame"}}],"ReturnType":{"Category":"Primitive","Name":"void"},"Security":"None","ThreadSafety":"Unsafe"}],"MemoryCategory":"Instances","Name":"PVInstance","Superclass":"Instance","Tags":["NotCreatable","NotBrowsable"]},{"Members":[{"Category":"Part","MemberType":"Property","Name":"Anchored","Security":{"Read":"None","Write":"None"},"Serialization":{"CanLoad":true,"CanSave":true},"ThreadSafety":"ReadSafe","ValueType":{"Category":"Primitive","Name":"bool"}},{"Category":"Assembly","MemberType":"Property","Name":"AssemblyAngularVelocity","Security":{"Read":"None","Write":"None"},"Serialization":{"CanLoad":true,"CanSave":false},"Tags":["NotReplicated"],"ThreadSafety":"ReadSafe","ValueType":{"Category":"DataType","Name":"Vector3"}},{"Category":"Assembly","MemberType":"Property","Name":"AssemblyCenterOfMass","Security":{"Read":"None","Write":"None"},"Serialization":{"CanLoad":false,"CanSave":false},"Tags":["ReadOnly","NotReplicated"],"ThreadSafety":"ReadSafe","ValueType":{"Category":"DataType","Name":"Vector3"}},{"Category":"Assembly","MemberType":"Property","Name":"AssemblyLinearVelocity","Security":{"Read":"None","Write":"None"},"Serialization":{"CanLoad":true,"CanSave":false},"Tags":["NotReplicated"],"ThreadSafety":"ReadSafe","ValueType":{"Category":"DataType","Name":"Vector3"}},{"Category":"Assembly","MemberType":"Property","Name":"AssemblyMass","Security":{"Read":"None","Write":"None"},"Serialization":{"CanLoad":false,"CanSave":false},"Tags":["ReadOnly","NotReplicated"],"ThreadSafety":"ReadSafe","ValueType":{"Category":"Primitive","Name":"float"}},{"Category":"Assembly","MemberType":"Property","Name":"AssemblyRootPart","Security":{"Read":"None","Write":"None"},"Serialization":{"CanLoad":false,"CanSave":false},"Tags":["ReadOnly","NotReplicated"],"ThreadSafety":"ReadSafe","ValueType":{"Category":"Class","Name":"BasePart"}},{"Category":"Surface Inputs","MemberType":"Property","Name":"BackParamA","Security":{"Read":"None","Write":"None"},"Serialization":{"CanLoad":true,"CanSave":true},"Tags":["Hidden","Deprecated"],"ThreadSafety":"ReadSafe","ValueType":{"Category":"Primitive","Name":"float"}},{"Category":"Surface Inputs","MemberType":"Property","Name":"BackParamB","Security":{"Read":"None","Write":"None"},"Serialization":{"CanLoad":true,"CanSave":true},"Tags":["Hidden","Deprecated"],"ThreadSafety":"ReadSafe","ValueType":{"Category":"Primitive","Name":"float"}},{"Category":"Surface","MemberType":"Property","Name":"BackSurface","Security":{"Read":"None","Write":"None"},"Serialization":{"CanLoad":true,"CanSave":true},"ThreadSafety":"ReadSafe","ValueType":{"Category":"Enum","Name":"SurfaceType"}},{"Category":"Surface Inputs","MemberType":"Property","Name":"BackSurfaceInput","Security":{"Read":"None","Write":"None"},"Serialization":{"CanLoad":true,"CanSave":true},"Tags":["Hidden","Deprecated"],"ThreadSafety":"ReadSafe","ValueType":{"Category":"Enum","Name":"InputType"}},{"Category":"Surface Inputs","MemberType":"Property","Name":"BottomParamA","Security":{"Read":"None","Write":"None"},"Serialization":{"CanLoad":true,"CanSave":true},"Tags":["Hidden","Deprecated"],"ThreadSafety":"ReadSafe","ValueType":{"Category":"Primitive","Name":"float"}},{"Category":"Surface Inputs","MemberType":"Property","Name":"BottomParamB","Security":{"Read":"None","Write":"None"},"Serialization":{"CanLoad":true,"CanSave":true},"Tags":["Hidden","Deprecated"],"ThreadSafety":"ReadSafe","ValueType":{"Category":"Primitive","Name":"float"}},{"Category":"Surface","MemberType":"Property","Name":"BottomSurface","Security":{"Read":"None","Write":"None"},"Serialization":{"CanLoad":true,"CanSave":true},"ThreadSafety":"ReadSafe","ValueType":{"Category":"Enum","Name":"SurfaceType"}},{"Category":"Surface Inputs","MemberType":"Property","Name":"BottomSurfaceInput","Security":{"Read":"None","Write":"None"},"Serialization":{"CanLoad":true,"CanSave":true},"Tags":["Hidden","Deprecated"],"ThreadSafety":"ReadSafe","ValueType":{"Category":"Enum","Name":"InputType"}},{"Category":"Appearance","MemberType":"Property","Name":"BrickColor","Security":{"Read":"None","Write":"None"},"Serialization":{"CanLoad":true,"CanSave":false},"Tags":["NotReplicated"],"ThreadSafety":"ReadSafe","ValueType":{"Category":"DataType","Name":"BrickColor"}},{"Category":"Data","MemberType":"Property","Name":"CFrame","Security":{"Read":"None","Write":"None"},"Serialization":{"CanLoad":true,"CanSave":true},"ThreadSafety":"ReadSafe","ValueType":{"Category":"DataType","Name":"CFrame"}},{"Category":"Collision","MemberType":"Property","Name":"CanCollide","Security":{"Read":"None","Write":"None"},"Serialization":{"CanLoad":true,"CanSave":true},"ThreadSafety":"ReadSafe","ValueType":{"Category":"Primitive","Name":"bool"}},{"Category":"Collision","MemberType":"Property","Name":"CanQuery","Security":{"Read":"None","Write":"None"},"Serialization":{"CanLoad":true,"CanSave":true},"ThreadSafety":"ReadSafe","ValueType":{"Category":"Primitive","Name":"bool"}},{"Category":"Collision","MemberType":"Property","Name":"CanTouch","Security":{"Read":"None","Write":"None"},"Serialization":{"CanLoad":true,"CanSave":true},"ThreadSafety":"ReadSafe","ValueType":{"Category":"Primitive","Name":"bool"}},{"Category":"Appearance","MemberType":"Property","Name":"CastShadow","Security":{"Read":"None","Write":"None"},"Serialization":{"CanLoad":true,"CanSave":true},"ThreadSafety":"ReadSafe","ValueType":{"Category":"Primitive","Name":"bool"}},{"Category":"Part","MemberType":"Property","Name":"CenterOfMass","Security":{"Read":"None","Write":"None"},"Serialization":{"CanLoad":false,"CanSave":false},"Tags":["ReadOnly","NotReplicated"],"ThreadSafety":"ReadSafe","ValueType":{"Category":"DataType","Name":"Vector3"}},{"Category":"Collision","MemberType":"Property","Name":"CollisionGroupId","Security":{"Read":"None","Write":"None"},"Serialization":{"CanLoad":true,"CanSave":true},"ThreadSafety":"ReadSafe","ValueType":{"Category":"Primitive","Name":"int"}},{"Category":"Appearance","MemberType":"Property","Name":"Color","Security":{"Read":"None","Write":"None"},"Serialization":{"CanLoad":true,"CanSave":false},"Tags":["NotReplicated"],"ThreadSafety":"ReadSafe","ValueType":{"Category":"DataType","Name":"Color3"}},{"Category":"Part","MemberType":"Property","Name":"CustomPhysicalProperties","Security":{"Read":"None","Write":"None"},"Serialization":{"CanLoad":true,"CanSave":true},"ThreadSafety":"ReadSafe","ValueType":{"Category":"DataType","Name":"PhysicalProperties"}},{"Category":"Part","MemberType":"Property","Name":"Elasticity","Security":{"Read":"None","Write":"None"},"Serialization":{"CanLoad":true,"CanSave":false},"Tags":["Hidden","NotReplicated","Deprecated"],"ThreadSafety":"ReadSafe","ValueType":{"Category":"Primitive","Name":"float"}},{"Category":"Part","MemberType":"Property","Name":"Friction","Security":{"Read":"None","Write":"None"},"Serialization":{"CanLoad":true,"CanSave":false},"Tags":["Hidden","NotReplicated","Deprecated"],"ThreadSafety":"ReadSafe","ValueType":{"Category":"Primitive","Name":"float"}},{"Category":"Surface Inputs","MemberType":"Property","Name":"FrontParamA","Security":{"Read":"None","Write":"None"},"Serialization":{"CanLoad":true,"CanSave":true},"Tags":["Hidden","Deprecated"],"ThreadSafety":"ReadSafe","ValueType":{"Category":"Primitive","Name":"float"}},{"Category":"Surface Inputs","MemberType":"Property","Name":"FrontParamB","Security":{"Read":"None","Write":"None"},"Serialization":{"CanLoad":true,"CanSave":true},"Tags":["Hidden","Deprecated"],"ThreadSafety":"ReadSafe","ValueType":{"Category":"Primitive","Name":"float"}},{"Category":"Surface","MemberType":"Property","Name":"FrontSurface","Security":{"Read":"None","Write":"None"},"Serialization":{"CanLoad":true,"CanSave":true},"ThreadSafety":"ReadSafe","ValueType":{"Category":"Enum","Name":"SurfaceType"}},{"Category":"Surface Inputs","MemberType":"Property","Name":"FrontSurfaceInput","Security":{"Read":"None","Write":"None"},"Serialization":{"CanLoad":true,"CanSave":true},"Tags":["Hidden","Deprecated"],"ThreadSafety":"ReadSafe","ValueType":{"Category":"Enum","Name":"InputType"}},{"Category":"Surface Inputs","MemberType":"Property","Name":"LeftParamA","Security":{"Read":"None","Write":"None"},"Serialization":{"CanLoad":true,"CanSave":true},"Tags":["Hidden","Deprecated"],"ThreadSafety":"ReadSafe","ValueType":{"Category":"Primitive","Name":"float"}},{"Category":"Surface Inputs","MemberType":"Property","Name":"LeftParamB","Security":{"Read":"None","Write":"None"},"Serialization":{"CanLoad":true,"CanSave":true},"Tags":["Hidden","Deprecated"],"ThreadSafety":"ReadSafe","ValueType":{"Category":"Primitive","Name":"float"}},{"Category":"Surface","MemberType":"Property","Name":"LeftSurface","Security":{"Read":"None","Write":"None"},"Serialization":{"CanLoad":true,"CanSave":true},"ThreadSafety":"ReadSafe","ValueType":{"Category":"Enum","Name":"SurfaceType"}},{"Category":"Surface Inputs","MemberType":"Property","Name":"LeftSurfaceInput","Security":{"Read":"None","Write":"None"},"Serialization":{"CanLoad":true,"CanSave":true},"Tags":["Hidden","Deprecated"],"ThreadSafety":"ReadSafe","ValueType":{"Category":"Enum","Name":"InputType"}},{"Category":"Data","MemberType":"Property","Name":"LocalTransparencyModifier","Security":{"Read":"None","Write":"None"},"Serialization":{"CanLoad":false,"CanSave":false},"Tags":["Hidden","NotReplicated"],"ThreadSafety":"ReadSafe","ValueType":{"Category":"Primitive","Name":"float"}},{"Category":"Data","MemberType":"Property","Name":"Locked","Security":{"Read":"None","Write":"None"},"Serialization":{"CanLoad":true,"CanSave":true},"ThreadSafety":"ReadSafe","ValueType":{"Category":"Primitive","Name":"bool"}},{"Category":"Part","MemberType":"Property","Name":"Mass","Security":{"Read":"None","Write":"None"},"Serialization":{"CanLoad":false,"CanSave":false},"Tags":["ReadOnly","NotReplicated"],"ThreadSafety":"ReadSafe","ValueType":{"Category":"Primitive","Name":"float"}},{"Category":"Part","MemberType":"Property","Name":"Massless","Security":{"Read":"None","Write":"None"},"Serialization":{"CanLoad":true,"CanSave":true},"ThreadSafety":"ReadSafe","ValueType":{"Category":"Primitive","Name":"bool"}},{"Category":"Appearance","MemberType":"Property","Name":"Material","Security":{"Read":"None","Write":"None"},"Serialization":{"CanLoad":true,"CanSave":true},"ThreadSafety":"ReadSafe","ValueType":{"Category":"Enum","Name":"Material"}},{"Category":"Appearance","MemberType":"Property","Name":"MaterialVariant","Security":{"Read":"None","Write":"None"},"Serialization":{"CanLoad":false,"CanSave":false},"Tags":["NotReplicated"],"ThreadSafety":"ReadSafe","ValueType":{"Category":"Primitive","Name":"string"}},{"Category":"Data","MemberType":"Property","Name":"Orientation","Security":{"Read":"None","Write":"None"},"Serialization":{"CanLoad":true,"CanSave":false},"Tags":["NotReplicated"],"ThreadSafety":"ReadSafe","ValueType":{"Category":"DataType","Name":"Vector3"}},{"Category":"Transform","MemberType":"Property","Name":"PivotOffset","Security":{"Read":"None","Write":"None"},"Serialization":{"CanLoad":true,"CanSave":true},"ThreadSafety":"ReadSafe","ValueType":{"Category":"DataType","Name":"CFrame"}},{"Category":"Data","MemberType":"Property","Name":"Position","Security":{"Read":"None","Write":"None"},"Serialization":{"CanLoad":true,"CanSave":false},"Tags":["NotReplicated"],"ThreadSafety":"ReadSafe","ValueType":{"Category":"DataType","Name":"Vector3"}},{"Category":"Part","MemberType":"Property","Name":"ReceiveAge","Security":{"Read":"None","Write":"None"},"Serialization":{"CanLoad":false,"CanSave":false},"Tags":["Hidden","ReadOnly","NotReplicated"],"ThreadSafety":"ReadSafe","ValueType":{"Category":"Primitive","Name":"float"}},{"Category":"Appearance","MemberType":"Property","Name":"Reflectance","Security":{"Read":"None","Write":"None"},"Serialization":{"CanLoad":true,"CanSave":true},"ThreadSafety":"ReadSafe","ValueType":{"Category":"Primitive","Name":"float"}},{"Category":"Data","MemberType":"Property","Name":"ResizeIncrement","Security":{"Read":"None","Write":"None"},"Serialization":{"CanLoad":false,"CanSave":false},"Tags":["ReadOnly","NotReplicated"],"ThreadSafety":"ReadSafe","ValueType":{"Category":"Primitive","Name":"int"}},{"Category":"Data","MemberType":"Property","Name":"ResizeableFaces","Security":{"Read":"None","Write":"None"},"Serialization":{"CanLoad":false,"CanSave":false},"Tags":["ReadOnly","NotReplicated"],"ThreadSafety":"ReadSafe","ValueType":{"Category":"DataType","Name":"Faces"}},{"Category":"Surface Inputs","MemberType":"Property","Name":"RightParamA","Security":{"Read":"None","Write":"None"},"Serialization":{"CanLoad":true,"CanSave":true},"Tags":["Hidden","Deprecated"],"ThreadSafety":"ReadSafe","ValueType":{"Category":"Primitive","Name":"float"}},{"Category":"Surface Inputs","MemberType":"Property","Name":"RightParamB","Security":{"Read":"None","Write":"None"},"Serialization":{"CanLoad":true,"CanSave":true},"Tags":["Hidden","Deprecated"],"ThreadSafety":"ReadSafe","ValueType":{"Category":"Primitive","Name":"float"}},{"Category":"Surface","MemberType":"Property","Name":"RightSurface","Security":{"Read":"None","Write":"None"},"Serialization":{"CanLoad":true,"CanSave":true},"ThreadSafety":"ReadSafe","ValueType":{"Category":"Enum","Name":"SurfaceType"}},{"Category":"Surface Inputs","MemberType":"Property","Name":"RightSurfaceInput","Security":{"Read":"None","Write":"None"},"Serialization":{"CanLoad":true,"CanSave":true},"Tags":["Hidden","Deprecated"],"ThreadSafety":"ReadSafe","ValueType":{"Category":"Enum","Name":"InputType"}},{"Category":"Part","MemberType":"Property","Name":"RootPriority","Security":{"Read":"None","Write":"None"},"Serialization":{"CanLoad":true,"CanSave":true},"ThreadSafety":"ReadSafe","ValueType":{"Category":"Primitive","Name":"int"}},{"Category":"Data","MemberType":"Property","Name":"RotVelocity","Security":{"Read":"None","Write":"None"},"Serialization":{"CanLoad":true,"CanSave":true},"Tags":["Hidden","Deprecated"],"ThreadSafety":"ReadSafe","ValueType":{"Category":"DataType","Name":"Vector3"}},{"Category":"Data","MemberType":"Property","Name":"Rotation","Security":{"Read":"None","Write":"None"},"Serialization":{"CanLoad":true,"CanSave":false},"Tags":["NotReplicated"],"ThreadSafety":"ReadSafe","ValueType":{"Category":"DataType","Name":"Vector3"}},{"Category":"Part","MemberType":"Property","Name":"Size","Security":{"Read":"None","Write":"None"},"Serialization":{"CanLoad":true,"CanSave":false},"Tags":["NotReplicated"],"ThreadSafety":"ReadSafe","ValueType":{"Category":"DataType","Name":"Vector3"}},{"Category":"Data","MemberType":"Property","Name":"SpecificGravity","Security":{"Read":"None","Write":"None"},"Serialization":{"CanLoad":false,"CanSave":false},"Tags":["ReadOnly","NotReplicated","Deprecated"],"ThreadSafety":"ReadSafe","ValueType":{"Category":"Primitive","Name":"float"}},{"Category":"Surface Inputs","MemberType":"Property","Name":"TopParamA","Security":{"Read":"None","Write":"None"},"Serialization":{"CanLoad":true,"CanSave":true},"Tags":["Hidden","Deprecated"],"ThreadSafety":"ReadSafe","ValueType":{"Category":"Primitive","Name":"float"}},{"Category":"Surface Inputs","MemberType":"Property","Name":"TopParamB","Security":{"Read":"None","Write":"None"},"Serialization":{"CanLoad":true,"CanSave":true},"Tags":["Hidden","Deprecated"],"ThreadSafety":"ReadSafe","ValueType":{"Category":"Primitive","Name":"float"}},{"Category":"Surface","MemberType":"Property","Name":"TopSurface","Security":{"Read":"None","Write":"None"},"Serialization":{"CanLoad":true,"CanSave":true},"ThreadSafety":"ReadSafe","ValueType":{"Category":"Enum","Name":"SurfaceType"}},{"Category":"Surface Inputs","MemberType":"Property","Name":"TopSurfaceInput","Security":{"Read":"None","Write":"None"},"Serialization":{"CanLoad":true,"CanSave":true},"Tags":["Hidden","Deprecated"],"ThreadSafety":"ReadSafe","ValueType":{"Category":"Enum","Name":"InputType"}},{"Category":"Appearance","MemberType":"Property","Name":"Transparency","Security":{"Read":"None","Write":"None"},"Serialization":{"CanLoad":true,"CanSave":true},"ThreadSafety":"ReadSafe","ValueType":{"Category":"Primitive","Name":"float"}},{"Category":"Data","MemberType":"Property","Name":"Velocity","Security":{"Read":"None","Write":"None"},"Serialization":{"CanLoad":true,"CanSave":true},"Tags":["Hidden","Deprecated"],"ThreadSafety":"ReadSafe","ValueType":{"Category":"DataType","Name":"Vector3"}},{"Category":"Appearance","MemberType":"Property","Name":"brickColor","Security":{"Read":"None","Write":"None"},"Serialization":{"CanLoad":true,"CanSave":false},"Tags":["NotReplicated","Deprecated"],"ThreadSafety":"ReadSafe","ValueType":{"Category":"DataType","Name":"BrickColor"}},{"MemberType":"Function","Name":"ApplyAngularImpulse","Parameters":[{"Name":"impulse","Type":{"Category":"DataType","Name":"Vector3"}}],"ReturnType":{"Category":"Primitive","Name":"void"},"Security":"None","ThreadSafety":"Unsafe"},{"MemberType":"Function","Name":"ApplyImpulse","Parameters":[{"Name":"impulse","Type":{"Category":"DataType","Name":"Vector3"}}],"ReturnType":{"Category":"Primitive","Name":"void"},"Security":"None","ThreadSafety":"Unsafe"},{"MemberType":"Function","Name":"ApplyImpulseAtPosition","Parameters":[{"Name":"impulse","Type":{"Category":"DataType","Name":"Vector3"}},{"Name":"position","Type":{"Category":"DataType","Name":"Vector3"}}],"ReturnType":{"Category":"Primitive","Name":"void"},"Security":"None","ThreadSafety":"Unsafe"},{"MemberType":"Function","Name":"BreakJoints","Parameters":[],"ReturnType":{"Category":"Primitive","Name":"void"},"Security":"None","ThreadSafety":"Unsafe"},{"MemberType":"Function","Name":"CanCollideWith","Parameters":[{"Name":"part","Type":{"Category":"Class","Name":"BasePart"}}],"ReturnType":{"Category":"Primitive","Name":"bool"},"Security":"None","ThreadSafety":"Unsafe"},{"MemberType":"Function","Name":"CanSetNetworkOwnership","Parameters":[],"ReturnType":{"Category":"Group","Name":"Tuple"},"Security":"None","ThreadSafety":"Unsafe"},{"MemberType":"Function","Name":"GetConnectedParts","Parameters":[{"Default":"false","Name":"recursive","Type":{"Category":"Primitive","Name":"bool"}}],"ReturnType":{"Category":"DataType","Name":"Objects"},"Security":"None","ThreadSafety":"Safe"},{"MemberType":"Function","Name":"GetJoints","Parameters":[],"ReturnType":{"Category":"DataType","Name":"Objects"},"Security":"None","ThreadSafety":"Safe"},{"MemberType":"Function","Name":"GetMass","Parameters":[],"ReturnType":{"Category":"Primitive","Name":"float"},"Security":"None","ThreadSafety":"Safe"},{"MemberType":"Function","Name":"GetNetworkOwner","Parameters":[],"ReturnType":{"Category":"Class","Name":"Instance"},"Security":"None","ThreadSafety":"Unsafe"},{"MemberType":"Function","Name":"GetNetworkOwnershipAuto","Parameters":[],"ReturnType":{"Category":"Primitive","Name":"bool"},"Security":"None","ThreadSafety":"Unsafe"},{"MemberType":"Function","Name":"GetRenderCFrame","Parameters":[],"ReturnType":{"Category":"DataType","Name":"CFrame"},"Security":"None","Tags":["Deprecated"],"ThreadSafety":"Unsafe"},{"MemberType":"Function","Name":"GetRootPart","Parameters":[],"ReturnType":{"Category":"Class","Name":"Instance"},"Security":"None","ThreadSafety":"Safe"},{"MemberType":"Function","Name":"GetTouchingParts","Parameters":[],"ReturnType":{"Category":"DataType","Name":"Objects"},"Security":"None","ThreadSafety":"Unsafe"},{"MemberType":"Function","Name":"GetVelocityAtPosition","Parameters":[{"Name":"position","Type":{"Category":"DataType","Name":"Vector3"}}],"ReturnType":{"Category":"DataType","Name":"Vector3"},"Security":"None","ThreadSafety":"Unsafe"},{"MemberType":"Function","Name":"IsGrounded","Parameters":[],"ReturnType":{"Category":"Primitive","Name":"bool"},"Security":"None","ThreadSafety":"Safe"},{"MemberType":"Function","Name":"MakeJoints","Parameters":[],"ReturnType":{"Category":"Primitive","Name":"void"},"Security":"None","ThreadSafety":"Unsafe"},{"MemberType":"Function","Name":"Resize","Parameters":[{"Name":"normalId","Type":{"Category":"Enum","Name":"NormalId"}},{"Name":"deltaAmount","Type":{"Category":"Primitive","Name":"int"}}],"ReturnType":{"Category":"Primitive","Name":"bool"},"Security":"None","ThreadSafety":"Unsafe"},{"MemberType":"Function","Name":"SetNetworkOwner","Parameters":[{"Default":"nil","Name":"playerInstance","Type":{"Category":"Class","Name":"Player"}}],"ReturnType":{"Category":"Primitive","Name":"void"},"Security":"None","ThreadSafety":"Unsafe"},{"MemberType":"Function","Name":"SetNetworkOwnershipAuto","Parameters":[],"ReturnType":{"Category":"Primitive","Name":"void"},"Security":"None","ThreadSafety":"Unsafe"},{"MemberType":"Function","Name":"breakJoints","Parameters":[],"ReturnType":{"Category":"Primitive","Name":"void"},"Security":"None","Tags":["Deprecated"],"ThreadSafety":"Unsafe"},{"MemberType":"Function","Name":"getMass","Parameters":[],"ReturnType":{"Category":"Primitive","Name":"float"},"Security":"None","Tags":["Deprecated"],"ThreadSafety":"Unsafe"},{"MemberType":"Function","Name":"makeJoints","Parameters":[],"ReturnType":{"Category":"Primitive","Name":"void"},"Security":"None","Tags":["Deprecated"],"ThreadSafety":"Unsafe"},{"MemberType":"Function","Name":"resize","Parameters":[{"Name":"normalId","Type":{"Category":"Enum","Name":"NormalId"}},{"Name":"deltaAmount","Type":{"Category":"Primitive","Name":"int"}}],"ReturnType":{"Category":"Primitive","Name":"bool"},"Security":"None","Tags":["Deprecated"],"ThreadSafety":"Unsafe"},{"MemberType":"Function","Name":"SubtractAsync","Parameters":[{"Name":"parts","Type":{"Category":"DataType","Name":"Objects"}},{"Default":"Default","Name":"collisionfidelity","Type":{"Category":"Enum","Name":"CollisionFidelity"}},{"Default":"Automatic","Name":"renderFidelity","Type":{"Category":"Enum","Name":"RenderFidelity"}}],"ReturnType":{"Category":"Class","Name":"Instance"},"Security":"None","Tags":["Yields"],"ThreadSafety":"Unsafe"},{"MemberType":"Function","Name":"UnionAsync","Parameters":[{"Name":"parts","Type":{"Category":"DataType","Name":"Objects"}},{"Default":"Default","Name":"collisionfidelity","Type":{"Category":"Enum","Name":"CollisionFidelity"}},{"Default":"Automatic","Name":"renderFidelity","Type":{"Category":"Enum","Name":"RenderFidelity"}}],"ReturnType":{"Category":"Class","Name":"Instance"},"Security":"None","Tags":["Yields"],"ThreadSafety":"Unsafe"},{"MemberType":"Event","Name":"LocalSimulationTouched","Parameters":[{"Name":"part","Type":{"Category":"Class","Name":"BasePart"}}],"Security":"None","Tags":["Deprecated"],"ThreadSafety":"Unsafe"},{"MemberType":"Event","Name":"OutfitChanged","Parameters":[],"Security":"None","Tags":["Deprecated"],"ThreadSafety":"Unsafe"},{"MemberType":"Event","Name":"StoppedTouching","Parameters":[{"Name":"otherPart","Type":{"Category":"Class","Name":"BasePart"}}],"Security":"None","Tags":["Deprecated"],"ThreadSafety":"Unsafe"},{"MemberType":"Event","Name":"TouchEnded","Parameters":[{"Name":"otherPart","Type":{"Category":"Class","Name":"BasePart"}}],"Security":"None","ThreadSafety":"Unsafe"},{"MemberType":"Event","Name":"Touched","Parameters":[{"Name":"otherPart","Type":{"Category":"Class","Name":"BasePart"}}],"Security":"None","ThreadSafety":"Unsafe"}],"MemoryCategory":"Instances","Name":"BasePart","Superclass":"PVInstance","Tags":["NotCreatable","NotBrowsable"]},{"Members":[],"MemoryCategory":"Instances","Name":"CornerWedgePart","Superclass":"BasePart"},{"Members":[{"Category":"Part","MemberType":"Property","Name":"FormFactor","Security":{"Read":"None","Write":"None"},"Serialization":{"CanLoad":true,"CanSave":false},"Tags":["NotReplicated","Deprecated"],"ThreadSafety":"ReadSafe","ValueType":{"Category":"Enum","Name":"FormFactor"}},{"Category":"Part","MemberType":"Property","Name":"formFactor","Security":{"Read":"None","Write":"None"},"Serialization":{"CanLoad":true,"CanSave":false},"Tags":["Hidden","NotReplicated","Deprecated"],"ThreadSafety":"ReadSafe","ValueType":{"Category":"Enum","Name":"FormFactor"}}],"MemoryCategory":"Instances","Name":"FormFactorPart","Superclass":"BasePart","Tags":["NotCreatable"]},{"Members":[{"Category":"Part","MemberType":"Property","Name":"Shape","Security":{"Read":"None","Write":"None"},"Serialization":{"CanLoad":true,"CanSave":false},"Tags":["NotReplicated"],"ThreadSafety":"ReadSafe","ValueType":{"Category":"Enum","Name":"PartType"}}],"MemoryCategory":"PhysicsParts","Name":"Part","Superclass":"FormFactorPart"},{"Members":[{"Category":"Data","MemberType":"Property","Name":"TeamColor","Security":{"Read":"None","Write":"None"},"Serialization":{"CanLoad":true,"CanSave":true},"ThreadSafety":"ReadSafe","ValueType":{"Category":"DataType","Name":"BrickColor"}},{"MemberType":"Event","Name":"FlagCaptured","Parameters":[{"Name":"player","Type":{"Category":"Class","Name":"Instance"}}],"Security":"None","ThreadSafety":"Unsafe"}],"MemoryCategory":"PhysicsParts","Name":"FlagStand","Superclass":"Part","Tags":["Deprecated"]},{"Members":[],"MemoryCategory":"PhysicsParts","Name":"Platform","Superclass":"Part","Tags":["NotCreatable"]},{"Members":[{"Category":"Control","MemberType":"Property","Name":"Disabled","Security":{"Read":"None","Write":"None"},"Serialization":{"CanLoad":true,"CanSave":true},"ThreadSafety":"ReadSafe","ValueType":{"Category":"Primitive","Name":"bool"}},{"Category":"Control","MemberType":"Property","Name":"Occupant","Security":{"Read":"None","Write":"None"},"Serialization":{"CanLoad":false,"CanSave":false},"Tags":["ReadOnly","NotReplicated"],"ThreadSafety":"ReadSafe","ValueType":{"Category":"Class","Name":"Humanoid"}},{"MemberType":"Function","Name":"Sit","Parameters":[{"Name":"humanoid","Type":{"Category":"Class","Name":"Instance"}}],"ReturnType":{"Category":"Primitive","Name":"void"},"Security":"None","ThreadSafety":"Unsafe"}],"MemoryCategory":"PhysicsParts","Name":"Seat","Superclass":"Part"},{"Members":[{"Category":"Control","MemberType":"Property","Name":"Controller","Security":{"Read":"None","Write":"None"},"Serialization":{"CanLoad":false,"CanSave":false},"Tags":["ReadOnly","NotReplicated"],"ThreadSafety":"ReadSafe","ValueType":{"Category":"Class","Name":"SkateboardController"}},{"Category":"Control","MemberType":"Property","Name":"ControllingHumanoid","Security":{"Read":"None","Write":"None"},"Serialization":{"CanLoad":false,"CanSave":false},"Tags":["ReadOnly","NotReplicated"],"ThreadSafety":"ReadSafe","ValueType":{"Category":"Class","Name":"Humanoid"}},{"Category":"Control","MemberType":"Property","Name":"Steer","Security":{"Read":"None","Write":"None"},"Serialization":{"CanLoad":true,"CanSave":true},"ThreadSafety":"ReadSafe","ValueType":{"Category":"Primitive","Name":"int"}},{"Category":"Control","MemberType":"Property","Name":"StickyWheels","Security":{"Read":"None","Write":"None"},"Serialization":{"CanLoad":true,"CanSave":true},"ThreadSafety":"ReadSafe","ValueType":{"Category":"Primitive","Name":"bool"}},{"Category":"Control","MemberType":"Property","Name":"Throttle","Security":{"Read":"None","Write":"None"},"Serialization":{"CanLoad":true,"CanSave":true},"ThreadSafety":"ReadSafe","ValueType":{"Category":"Primitive","Name":"int"}},{"MemberType":"Function","Name":"ApplySpecificImpulse","Parameters":[{"Name":"impulseWorld","Type":{"Category":"DataType","Name":"Vector3"}}],"ReturnType":{"Category":"Primitive","Name":"void"},"Security":"None","ThreadSafety":"Unsafe"},{"MemberType":"Event","Name":"Equipped","Parameters":[{"Name":"humanoid","Type":{"Category":"Class","Name":"Instance"}},{"Name":"skateboardController","Type":{"Category":"Class","Name":"Instance"}}],"Security":"None","ThreadSafety":"Unsafe"},{"MemberType":"Event","Name":"MoveStateChanged","Parameters":[{"Name":"newState","Type":{"Category":"Enum","Name":"MoveState"}},{"Name":"oldState","Type":{"Category":"Enum","Name":"MoveState"}}],"Security":"None","ThreadSafety":"Unsafe"},{"MemberType":"Event","Name":"Unequipped","Parameters":[{"Name":"humanoid","Type":{"Category":"Class","Name":"Instance"}}],"Security":"None","ThreadSafety":"Unsafe"},{"MemberType":"Event","Name":"equipped","Parameters":[{"Name":"humanoid","Type":{"Category":"Class","Name":"Instance"}},{"Name":"skateboardController","Type":{"Category":"Class","Name":"Instance"}}],"Security":"None","Tags":["Deprecated"],"ThreadSafety":"Unsafe"},{"MemberType":"Event","Name":"unequipped","Parameters":[{"Name":"humanoid","Type":{"Category":"Class","Name":"Instance"}}],"Security":"None","Tags":["Deprecated"],"ThreadSafety":"Unsafe"}],"MemoryCategory":"PhysicsParts","Name":"SkateboardPlatform","Superclass":"Part","Tags":["Deprecated"]},{"Members":[{"Category":"Teams","MemberType":"Property","Name":"AllowTeamChangeOnTouch","Security":{"Read":"None","Write":"None"},"Serialization":{"CanLoad":true,"CanSave":true},"ThreadSafety":"ReadSafe","ValueType":{"Category":"Primitive","Name":"bool"}},{"Category":"Forcefield","MemberType":"Property","Name":"Duration","Security":{"Read":"None","Write":"None"},"Serialization":{"CanLoad":true,"CanSave":true},"ThreadSafety":"ReadSafe","ValueType":{"Category":"Primitive","Name":"int"}},{"Category":"Behavior","MemberType":"Property","Name":"Enabled","Security":{"Read":"None","Write":"None"},"Serialization":{"CanLoad":true,"CanSave":true},"ThreadSafety":"ReadSafe","ValueType":{"Category":"Primitive","Name":"bool"}},{"Category":"Teams","MemberType":"Property","Name":"Neutral","Security":{"Read":"None","Write":"None"},"Serialization":{"CanLoad":true,"CanSave":true},"ThreadSafety":"ReadSafe","ValueType":{"Category":"Primitive","Name":"bool"}},{"Category":"Teams","MemberType":"Property","Name":"TeamColor","Security":{"Read":"None","Write":"None"},"Serialization":{"CanLoad":true,"CanSave":true},"ThreadSafety":"ReadSafe","ValueType":{"Category":"DataType","Name":"BrickColor"}}],"MemoryCategory":"PhysicsParts","Name":"SpawnLocation","Superclass":"Part"},{"Members":[],"MemoryCategory":"Instances","Name":"WedgePart","Superclass":"FormFactorPart"},{"Members":[{"Category":"Appearance","MemberType":"Property","Name":"Decoration","Security":{"Read":"None","Write":"None"},"Serialization":{"CanLoad":true,"CanSave":true},"Tags":["NotScriptable"],"ThreadSafety":"ReadSafe","ValueType":{"Category":"Primitive","Name":"bool"}},{"Category":"Data","MemberType":"Property","Name":"IsSmooth","Security":{"Read":"None","Write":"None"},"Serialization":{"CanLoad":false,"CanSave":false},"Tags":["ReadOnly","NotReplicated","Deprecated"],"ThreadSafety":"ReadSafe","ValueType":{"Category":"Primitive","Name":"bool"}},{"Category":"Data","MemberType":"Property","Name":"LastUsedModificationMethod","Security":{"Read":"RobloxScriptSecurity","Write":"RobloxScriptSecurity"},"Serialization":{"CanLoad":false,"CanSave":false},"Tags":["Hidden","NotReplicated"],"ThreadSafety":"ReadSafe","ValueType":{"Category":"Enum","Name":"TerrainAcquisitionMethod"}},{"Category":"Appearance","MemberType":"Property","Name":"MaterialColors","Security":{"Read":"None","Write":"None"},"Serialization":{"CanLoad":true,"CanSave":true},"Tags":["NotScriptable"],"ThreadSafety":"ReadSafe","ValueType":{"Category":"DataType","Name":"BinaryString"}},{"Category":"Data","MemberType":"Property","Name":"MaxExtents","Security":{"Read":"None","Write":"None"},"Serialization":{"CanLoad":false,"CanSave":false},"Tags":["ReadOnly","NotReplicated"],"ThreadSafety":"ReadSafe","ValueType":{"Category":"DataType","Name":"Region3int16"}},{"Category":"Appearance","MemberType":"Property","Name":"WaterColor","Security":{"Read":"None","Write":"None"},"Serialization":{"CanLoad":true,"CanSave":true},"ThreadSafety":"ReadSafe","ValueType":{"Category":"DataType","Name":"Color3"}},{"Category":"Appearance","MemberType":"Property","Name":"WaterReflectance","Security":{"Read":"None","Write":"None"},"Serialization":{"CanLoad":true,"CanSave":true},"ThreadSafety":"ReadSafe","ValueType":{"Category":"Primitive","Name":"float"}},{"Category":"Appearance","MemberType":"Property","Name":"WaterTransparency","Security":{"Read":"None","Write":"None"},"Serialization":{"CanLoad":true,"CanSave":true},"ThreadSafety":"ReadSafe","ValueType":{"Category":"Primitive","Name":"float"}},{"Category":"Appearance","MemberType":"Property","Name":"WaterWaveSize","Security":{"Read":"None","Write":"None"},"Serialization":{"CanLoad":true,"CanSave":true},"ThreadSafety":"ReadSafe","ValueType":{"Category":"Primitive","Name":"float"}},{"Category":"Appearance","MemberType":"Property","Name":"WaterWaveSpeed","Security":{"Read":"None","Write":"None"},"Serialization":{"CanLoad":true,"CanSave":true},"ThreadSafety":"ReadSafe","ValueType":{"Category":"Primitive","Name":"float"}},{"MemberType":"Function","Name":"AutowedgeCell","Parameters":[{"Name":"x","Type":{"Category":"Primitive","Name":"int"}},{"Name":"y","Type":{"Category":"Primitive","Name":"int"}},{"Name":"z","Type":{"Category":"Primitive","Name":"int"}}],"ReturnType":{"Category":"Primitive","Name":"bool"},"Security":"None","Tags":["Deprecated"],"ThreadSafety":"Unsafe"},{"MemberType":"Function","Name":"AutowedgeCells","Parameters":[{"Name":"region","Type":{"Category":"DataType","Name":"Region3int16"}}],"ReturnType":{"Category":"Primitive","Name":"void"},"Security":"None","Tags":["Deprecated"],"ThreadSafety":"Unsafe"},{"MemberType":"Function","Name":"CellCenterToWorld","Parameters":[{"Name":"x","Type":{"Category":"Primitive","Name":"int"}},{"Name":"y","Type":{"Category":"Primitive","Name":"int"}},{"Name":"z","Type":{"Category":"Primitive","Name":"int"}}],"ReturnType":{"Category":"DataType","Name":"Vector3"},"Security":"None","ThreadSafety":"Unsafe"},{"MemberType":"Function","Name":"CellCornerToWorld","Parameters":[{"Name":"x","Type":{"Category":"Primitive","Name":"int"}},{"Name":"y","Type":{"Category":"Primitive","Name":"int"}},{"Name":"z","Type":{"Category":"Primitive","Name":"int"}}],"ReturnType":{"Category":"DataType","Name":"Vector3"},"Security":"None","ThreadSafety":"Unsafe"},{"MemberType":"Function","Name":"Clear","Parameters":[],"ReturnType":{"Category":"Primitive","Name":"void"},"Security":"None","ThreadSafety":"Unsafe"},{"MemberType":"Function","Name":"ConvertToSmooth","Parameters":[],"ReturnType":{"Category":"Primitive","Name":"void"},"Security":"PluginSecurity","Tags":["Deprecated"],"ThreadSafety":"Unsafe"},{"MemberType":"Function","Name":"CopyRegion","Parameters":[{"Name":"region","Type":{"Category":"DataType","Name":"Region3int16"}}],"ReturnType":{"Category":"Class","Name":"TerrainRegion"},"Security":"None","ThreadSafety":"Unsafe"},{"MemberType":"Function","Name":"CountCells","Parameters":[],"ReturnType":{"Category":"Primitive","Name":"int"},"Security":"None","ThreadSafety":"Unsafe"},{"MemberType":"Function","Name":"FillBall","Parameters":[{"Name":"center","Type":{"Category":"DataType","Name":"Vector3"}},{"Name":"radius","Type":{"Category":"Primitive","Name":"float"}},{"Name":"material","Type":{"Category":"Enum","Name":"Material"}}],"ReturnType":{"Category":"Primitive","Name":"void"},"Security":"None","ThreadSafety":"Unsafe"},{"MemberType":"Function","Name":"FillBlock","Parameters":[{"Name":"cframe","Type":{"Category":"DataType","Name":"CFrame"}},{"Name":"size","Type":{"Category":"DataType","Name":"Vector3"}},{"Name":"material","Type":{"Category":"Enum","Name":"Material"}}],"ReturnType":{"Category":"Primitive","Name":"void"},"Security":"None","ThreadSafety":"Unsafe"},{"MemberType":"Function","Name":"FillCylinder","Parameters":[{"Name":"cframe","Type":{"Category":"DataType","Name":"CFrame"}},{"Name":"height","Type":{"Category":"Primitive","Name":"float"}},{"Name":"radius","Type":{"Category":"Primitive","Name":"float"}},{"Name":"material","Type":{"Category":"Enum","Name":"Material"}}],"ReturnType":{"Category":"Primitive","Name":"void"},"Security":"None","ThreadSafety":"Unsafe"},{"MemberType":"Function","Name":"FillRegion","Parameters":[{"Name":"region","Type":{"Category":"DataType","Name":"Region3"}},{"Name":"resolution","Type":{"Category":"Primitive","Name":"float"}},{"Name":"material","Type":{"Category":"Enum","Name":"Material"}}],"ReturnType":{"Category":"Primitive","Name":"void"},"Security":"None","ThreadSafety":"Unsafe"},{"MemberType":"Function","Name":"FillWedge","Parameters":[{"Name":"cframe","Type":{"Category":"DataType","Name":"CFrame"}},{"Name":"size","Type":{"Category":"DataType","Name":"Vector3"}},{"Name":"material","Type":{"Category":"Enum","Name":"Material"}}],"ReturnType":{"Category":"Primitive","Name":"void"},"Security":"None","ThreadSafety":"Unsafe"},{"MemberType":"Function","Name":"GetCell","Parameters":[{"Name":"x","Type":{"Category":"Primitive","Name":"int"}},{"Name":"y","Type":{"Category":"Primitive","Name":"int"}},{"Name":"z","Type":{"Category":"Primitive","Name":"int"}}],"ReturnType":{"Category":"Group","Name":"Tuple"},"Security":"None","Tags":["Deprecated"],"ThreadSafety":"Unsafe"},{"MemberType":"Function","Name":"GetMaterialColor","Parameters":[{"Name":"material","Type":{"Category":"Enum","Name":"Material"}}],"ReturnType":{"Category":"DataType","Name":"Color3"},"Security":"None","ThreadSafety":"Unsafe"},{"MemberType":"Function","Name":"GetWaterCell","Parameters":[{"Name":"x","Type":{"Category":"Primitive","Name":"int"}},{"Name":"y","Type":{"Category":"Primitive","Name":"int"}},{"Name":"z","Type":{"Category":"Primitive","Name":"int"}}],"ReturnType":{"Category":"Group","Name":"Tuple"},"Security":"None","Tags":["Deprecated"],"ThreadSafety":"Unsafe"},{"MemberType":"Function","Name":"PasteRegion","Parameters":[{"Name":"region","Type":{"Category":"Class","Name":"TerrainRegion"}},{"Name":"corner","Type":{"Category":"DataType","Name":"Vector3int16"}},{"Name":"pasteEmptyCells","Type":{"Category":"Primitive","Name":"bool"}}],"ReturnType":{"Category":"Primitive","Name":"void"},"Security":"None","ThreadSafety":"Unsafe"},{"MemberType":"Function","Name":"ReadVoxels","Parameters":[{"Name":"region","Type":{"Category":"DataType","Name":"Region3"}},{"Name":"resolution","Type":{"Category":"Primitive","Name":"float"}}],"ReturnType":{"Category":"Group","Name":"Tuple"},"Security":"None","Tags":["CustomLuaState"],"ThreadSafety":"Safe"},{"MemberType":"Function","Name":"ReplaceMaterial","Parameters":[{"Name":"region","Type":{"Category":"DataType","Name":"Region3"}},{"Name":"resolution","Type":{"Category":"Primitive","Name":"float"}},{"Name":"sourceMaterial","Type":{"Category":"Enum","Name":"Material"}},{"Name":"targetMaterial","Type":{"Category":"Enum","Name":"Material"}}],"ReturnType":{"Category":"Primitive","Name":"void"},"Security":"None","ThreadSafety":"Unsafe"},{"MemberType":"Function","Name":"SetCell","Parameters":[{"Name":"x","Type":{"Category":"Primitive","Name":"int"}},{"Name":"y","Type":{"Category":"Primitive","Name":"int"}},{"Name":"z","Type":{"Category":"Primitive","Name":"int"}},{"Name":"material","Type":{"Category":"Enum","Name":"CellMaterial"}},{"Name":"block","Type":{"Category":"Enum","Name":"CellBlock"}},{"Name":"orientation","Type":{"Category":"Enum","Name":"CellOrientation"}}],"ReturnType":{"Category":"Primitive","Name":"void"},"Security":"None","Tags":["Deprecated"],"ThreadSafety":"Unsafe"},{"MemberType":"Function","Name":"SetCells","Parameters":[{"Name":"region","Type":{"Category":"DataType","Name":"Region3int16"}},{"Name":"material","Type":{"Category":"Enum","Name":"CellMaterial"}},{"Name":"block","Type":{"Category":"Enum","Name":"CellBlock"}},{"Name":"orientation","Type":{"Category":"Enum","Name":"CellOrientation"}}],"ReturnType":{"Category":"Primitive","Name":"void"},"Security":"None","Tags":["Deprecated"],"ThreadSafety":"Unsafe"},{"MemberType":"Function","Name":"SetMaterialColor","Parameters":[{"Name":"material","Type":{"Category":"Enum","Name":"Material"}},{"Name":"value","Type":{"Category":"DataType","Name":"Color3"}}],"ReturnType":{"Category":"Primitive","Name":"void"},"Security":"None","ThreadSafety":"Unsafe"},{"MemberType":"Function","Name":"SetWaterCell","Parameters":[{"Name":"x","Type":{"Category":"Primitive","Name":"int"}},{"Name":"y","Type":{"Category":"Primitive","Name":"int"}},{"Name":"z","Type":{"Category":"Primitive","Name":"int"}},{"Name":"force","Type":{"Category":"Enum","Name":"WaterForce"}},{"Name":"direction","Type":{"Category":"Enum","Name":"WaterDirection"}}],"ReturnType":{"Category":"Primitive","Name":"void"},"Security":"None","Tags":["Deprecated"],"ThreadSafety":"Unsafe"},{"MemberType":"Function","Name":"WorldToCell","Parameters":[{"Name":"position","Type":{"Category":"DataType","Name":"Vector3"}}],"ReturnType":{"Category":"DataType","Name":"Vector3"},"Security":"None","ThreadSafety":"Unsafe"},{"MemberType":"Function","Name":"WorldToCellPreferEmpty","Parameters":[{"Name":"position","Type":{"Category":"DataType","Name":"Vector3"}}],"ReturnType":{"Category":"DataType","Name":"Vector3"},"Security":"None","ThreadSafety":"Unsafe"},{"MemberType":"Function","Name":"WorldToCellPreferSolid","Parameters":[{"Name":"position","Type":{"Category":"DataType","Name":"Vector3"}}],"ReturnType":{"Category":"DataType","Name":"Vector3"},"Security":"None","ThreadSafety":"Unsafe"},{"MemberType":"Function","Name":"WriteVoxels","Parameters":[{"Name":"region","Type":{"Category":"DataType","Name":"Region3"}},{"Name":"resolution","Type":{"Category":"Primitive","Name":"float"}},{"Name":"materials","Type":{"Category":"Group","Name":"Array"}},{"Name":"occupancy","Type":{"Category":"Group","Name":"Array"}}],"ReturnType":{"Category":"Primitive","Name":"void"},"Security":"None","Tags":["CustomLuaState"],"ThreadSafety":"Unsafe"}],"MemoryCategory":"Instances","Name":"Terrain","Superclass":"BasePart","Tags":["NotCreatable"]},{"Members":[{"Category":"Collision","MemberType":"Property","Name":"CollisionFidelity","Security":{"Read":"None","Write":"PluginSecurity"},"Serialization":{"CanLoad":true,"CanSave":false},"Tags":["NotReplicated"],"ThreadSafety":"ReadSafe","ValueType":{"Category":"Enum","Name":"CollisionFidelity"}}],"MemoryCategory":"Instances","Name":"TriangleMeshPart","Superclass":"BasePart","Tags":["NotCreatable"]},{"Members":[{"Category":"Appearance","MemberType":"Property","Name":"DoubleSided","Security":{"Read":"None","Write":"PluginSecurity"},"Serialization":{"CanLoad":true,"CanSave":true},"ThreadSafety":"ReadSafe","ValueType":{"Category":"Primitive","Name":"bool"}},{"Category":"Appearance","MemberType":"Property","Name":"HasJointOffset","Security":{"Read":"None","Write":"NotAccessibleSecurity"},"Serialization":{"CanLoad":true,"CanSave":true},"Tags":["Hidden"],"ThreadSafety":"ReadSafe","ValueType":{"Category":"Primitive","Name":"bool"}},{"Category":"Appearance","MemberType":"Property","Name":"HasSkinnedMesh","Security":{"Read":"None","Write":"NotAccessibleSecurity"},"Serialization":{"CanLoad":true,"CanSave":true},"Tags":["Hidden"],"ThreadSafety":"ReadSafe","ValueType":{"Category":"Primitive","Name":"bool"}},{"Category":"Data","MemberType":"Property","Name":"JointOffset","Security":{"Read":"None","Write":"NotAccessibleSecurity"},"Serialization":{"CanLoad":true,"CanSave":true},"Tags":["Hidden"],"ThreadSafety":"ReadSafe","ValueType":{"Category":"DataType","Name":"Vector3"}},{"Category":"Appearance","MemberType":"Property","Name":"MeshID","Security":{"Read":"None","Write":"None"},"Serialization":{"CanLoad":true,"CanSave":true},"Tags":["NotScriptable","Deprecated"],"ThreadSafety":"ReadSafe","ValueType":{"Category":"DataType","Name":"Content"}},{"Category":"Appearance","MemberType":"Property","Name":"MeshId","Security":{"Read":"None","Write":"NotAccessibleSecurity"},"Serialization":{"CanLoad":true,"CanSave":true},"ThreadSafety":"ReadSafe","ValueType":{"Category":"DataType","Name":"Content"}},{"Category":"Data","MemberType":"Property","Name":"MeshSize","Security":{"Read":"None","Write":"None"},"Serialization":{"CanLoad":false,"CanSave":false},"Tags":["ReadOnly","NotReplicated"],"ThreadSafety":"ReadSafe","ValueType":{"Category":"DataType","Name":"Vector3"}},{"Category":"Appearance","MemberType":"Property","Name":"RenderFidelity","Security":{"Read":"None","Write":"PluginSecurity"},"Serialization":{"CanLoad":true,"CanSave":true},"Tags":["NotReplicated"],"ThreadSafety":"ReadSafe","ValueType":{"Category":"Enum","Name":"RenderFidelity"}},{"Category":"Appearance","MemberType":"Property","Name":"TextureID","Security":{"Read":"None","Write":"None"},"Serialization":{"CanLoad":true,"CanSave":true},"ThreadSafety":"ReadSafe","ValueType":{"Category":"DataType","Name":"Content"}},{"MemberType":"Function","Name":"ApplyMesh","Parameters":[{"Name":"meshPart","Type":{"Category":"Class","Name":"Instance"}}],"ReturnType":{"Category":"Primitive","Name":"void"},"Security":"None","ThreadSafety":"Unsafe"}],"MemoryCategory":"PhysicsParts","Name":"MeshPart","Superclass":"TriangleMeshPart"},{"Members":[{"Category":"Appearance","MemberType":"Property","Name":"RenderFidelity","Security":{"Read":"None","Write":"PluginSecurity"},"Serialization":{"CanLoad":true,"CanSave":true},"ThreadSafety":"ReadSafe","ValueType":{"Category":"Enum","Name":"RenderFidelity"}},{"Category":"Appearance","MemberType":"Property","Name":"SmoothingAngle","Security":{"Read":"None","Write":"PluginSecurity"},"Serialization":{"CanLoad":true,"CanSave":true},"ThreadSafety":"ReadSafe","ValueType":{"Category":"Primitive","Name":"float"}},{"Category":"Data","MemberType":"Property","Name":"TriangleCount","Security":{"Read":"None","Write":"None"},"Serialization":{"CanLoad":false,"CanSave":true},"Tags":["ReadOnly","NotReplicated"],"ThreadSafety":"ReadSafe","ValueType":{"Category":"Primitive","Name":"int"}},{"Category":"Data","MemberType":"Property","Name":"UsePartColor","Security":{"Read":"None","Write":"None"},"Serialization":{"CanLoad":true,"CanSave":true},"ThreadSafety":"ReadSafe","ValueType":{"Category":"Primitive","Name":"bool"}}],"MemoryCategory":"Instances","Name":"PartOperation","Superclass":"TriangleMeshPart"},{"Members":[],"MemoryCategory":"Instances","Name":"NegateOperation","Superclass":"PartOperation"},{"Members":[],"MemoryCategory":"Instances","Name":"UnionOperation","Superclass":"PartOperation"},{"Members":[{"Category":"Part","MemberType":"Property","Name":"Style","Security":{"Read":"None","Write":"None"},"Serialization":{"CanLoad":true,"CanSave":false},"Tags":["NotReplicated"],"ThreadSafety":"ReadSafe","ValueType":{"Category":"Enum","Name":"Style"}}],"MemoryCategory":"Instances","Name":"TrussPart","Superclass":"BasePart"},{"Members":[{"Category":"Control","MemberType":"Property","Name":"AreHingesDetected","Security":{"Read":"None","Write":"None"},"Serialization":{"CanLoad":false,"CanSave":false},"Tags":["ReadOnly","NotReplicated"],"ThreadSafety":"ReadSafe","ValueType":{"Category":"Primitive","Name":"int"}},{"Category":"Control","MemberType":"Property","Name":"Disabled","Security":{"Read":"None","Write":"None"},"Serialization":{"CanLoad":true,"CanSave":true},"ThreadSafety":"ReadSafe","ValueType":{"Category":"Primitive","Name":"bool"}},{"Category":"Control","MemberType":"Property","Name":"HeadsUpDisplay","Security":{"Read":"None","Write":"None"},"Serialization":{"CanLoad":true,"CanSave":true},"ThreadSafety":"ReadSafe","ValueType":{"Category":"Primitive","Name":"bool"}},{"Category":"Control","MemberType":"Property","Name":"MaxSpeed","Security":{"Read":"None","Write":"None"},"Serialization":{"CanLoad":true,"CanSave":true},"ThreadSafety":"ReadSafe","ValueType":{"Category":"Primitive","Name":"float"}},{"Category":"Control","MemberType":"Property","Name":"Occupant","Security":{"Read":"None","Write":"None"},"Serialization":{"CanLoad":false,"CanSave":false},"Tags":["ReadOnly","NotReplicated"],"ThreadSafety":"ReadSafe","ValueType":{"Category":"Class","Name":"Humanoid"}},{"Category":"Control","MemberType":"Property","Name":"Steer","Security":{"Read":"None","Write":"None"},"Serialization":{"CanLoad":true,"CanSave":true},"ThreadSafety":"ReadSafe","ValueType":{"Category":"Primitive","Name":"int"}},{"Category":"Control","MemberType":"Property","Name":"SteerFloat","Security":{"Read":"None","Write":"None"},"Serialization":{"CanLoad":true,"CanSave":true},"ThreadSafety":"ReadSafe","ValueType":{"Category":"Primitive","Name":"float"}},{"Category":"Control","MemberType":"Property","Name":"Throttle","Security":{"Read":"None","Write":"None"},"Serialization":{"CanLoad":true,"CanSave":true},"ThreadSafety":"ReadSafe","ValueType":{"Category":"Primitive","Name":"int"}},{"Category":"Control","MemberType":"Property","Name":"ThrottleFloat","Security":{"Read":"None","Write":"None"},"Serialization":{"CanLoad":true,"CanSave":true},"ThreadSafety":"ReadSafe","ValueType":{"Category":"Primitive","Name":"float"}},{"Category":"Control","MemberType":"Property","Name":"Torque","Security":{"Read":"None","Write":"None"},"Serialization":{"CanLoad":true,"CanSave":true},"ThreadSafety":"ReadSafe","ValueType":{"Category":"Primitive","Name":"float"}},{"Category":"Control","MemberType":"Property","Name":"TurnSpeed","Security":{"Read":"None","Write":"None"},"Serialization":{"CanLoad":true,"CanSave":true},"ThreadSafety":"ReadSafe","ValueType":{"Category":"Primitive","Name":"float"}},{"MemberType":"Function","Name":"Sit","Parameters":[{"Name":"humanoid","Type":{"Category":"Class","Name":"Instance"}}],"ReturnType":{"Category":"Primitive","Name":"void"},"Security":"None","ThreadSafety":"Unsafe"}],"MemoryCategory":"Instances","Name":"VehicleSeat","Superclass":"BasePart"},{"Members":[{"Category":"Appearance","MemberType":"Property","Name":"LevelOfDetail","Security":{"Read":"PluginSecurity","Write":"PluginSecurity"},"Serialization":{"CanLoad":true,"CanSave":true},"ThreadSafety":"ReadSafe","ValueType":{"Category":"Enum","Name":"ModelLevelOfDetail"}},{"Category":"Data","MemberType":"Property","Name":"PrimaryPart","Security":{"Read":"None","Write":"None"},"Serialization":{"CanLoad":true,"CanSave":true},"ThreadSafety":"ReadSafe","ValueType":{"Category":"Class","Name":"BasePart"}},{"Category":"Pivot","MemberType":"Property","Name":"World Pivot Orientation","Security":{"Read":"None","Write":"None"},"Serialization":{"CanLoad":false,"CanSave":false},"Tags":["NotReplicated","NotScriptable"],"ThreadSafety":"ReadSafe","ValueType":{"Category":"DataType","Name":"Vector3"}},{"Category":"Pivot","MemberType":"Property","Name":"World Pivot Position","Security":{"Read":"None","Write":"None"},"Serialization":{"CanLoad":false,"CanSave":false},"Tags":["NotReplicated","NotScriptable"],"ThreadSafety":"ReadSafe","ValueType":{"Category":"DataType","Name":"Vector3"}},{"Category":"Pivot","MemberType":"Property","Name":"WorldPivot","Security":{"Read":"None","Write":"None"},"Serialization":{"CanLoad":false,"CanSave":false},"Tags":["NotReplicated"],"ThreadSafety":"ReadSafe","ValueType":{"Category":"DataType","Name":"CFrame"}},{"MemberType":"Function","Name":"BreakJoints","Parameters":[],"ReturnType":{"Category":"Primitive","Name":"void"},"Security":"None","ThreadSafety":"Unsafe"},{"MemberType":"Function","Name":"GetBoundingBox","Parameters":[],"ReturnType":{"Category":"Group","Name":"Tuple"},"Security":"None","ThreadSafety":"Unsafe"},{"MemberType":"Function","Name":"GetExtentsSize","Parameters":[],"ReturnType":{"Category":"DataType","Name":"Vector3"},"Security":"None","ThreadSafety":"Unsafe"},{"MemberType":"Function","Name":"GetModelCFrame","Parameters":[],"ReturnType":{"Category":"DataType","Name":"CFrame"},"Security":"None","Tags":["Deprecated"],"ThreadSafety":"Unsafe"},{"MemberType":"Function","Name":"GetModelSize","Parameters":[],"ReturnType":{"Category":"DataType","Name":"Vector3"},"Security":"None","Tags":["Deprecated"],"ThreadSafety":"Unsafe"},{"MemberType":"Function","Name":"GetPrimaryPartCFrame","Parameters":[],"ReturnType":{"Category":"DataType","Name":"CFrame"},"Security":"None","ThreadSafety":"Unsafe"},{"MemberType":"Function","Name":"MakeJoints","Parameters":[],"ReturnType":{"Category":"Primitive","Name":"void"},"Security":"None","ThreadSafety":"Unsafe"},{"MemberType":"Function","Name":"MoveTo","Parameters":[{"Name":"position","Type":{"Category":"DataType","Name":"Vector3"}}],"ReturnType":{"Category":"Primitive","Name":"void"},"Security":"None","ThreadSafety":"Unsafe"},{"MemberType":"Function","Name":"ResetOrientationToIdentity","Parameters":[],"ReturnType":{"Category":"Primitive","Name":"void"},"Security":"None","Tags":["Deprecated"],"ThreadSafety":"Unsafe"},{"MemberType":"Function","Name":"SetIdentityOrientation","Parameters":[],"ReturnType":{"Category":"Primitive","Name":"void"},"Security":"None","Tags":["Deprecated"],"ThreadSafety":"Unsafe"},{"MemberType":"Function","Name":"SetPrimaryPartCFrame","Parameters":[{"Name":"cframe","Type":{"Category":"DataType","Name":"CFrame"}}],"ReturnType":{"Category":"Primitive","Name":"void"},"Security":"None","ThreadSafety":"Unsafe"},{"MemberType":"Function","Name":"TranslateBy","Parameters":[{"Name":"delta","Type":{"Category":"DataType","Name":"Vector3"}}],"ReturnType":{"Category":"Primitive","Name":"void"},"Security":"None","ThreadSafety":"Unsafe"},{"MemberType":"Function","Name":"breakJoints","Parameters":[],"ReturnType":{"Category":"Primitive","Name":"void"},"Security":"None","Tags":["Deprecated"],"ThreadSafety":"Unsafe"},{"MemberType":"Function","Name":"makeJoints","Parameters":[],"ReturnType":{"Category":"Primitive","Name":"void"},"Security":"None","Tags":["Deprecated"],"ThreadSafety":"Unsafe"},{"MemberType":"Function","Name":"move","Parameters":[{"Name":"location","Type":{"Category":"DataType","Name":"Vector3"}}],"ReturnType":{"Category":"Primitive","Name":"void"},"Security":"None","Tags":["Deprecated"],"ThreadSafety":"Unsafe"},{"MemberType":"Function","Name":"moveTo","Parameters":[{"Name":"location","Type":{"Category":"DataType","Name":"Vector3"}}],"ReturnType":{"Category":"Primitive","Name":"void"},"Security":"None","Tags":["Deprecated"],"ThreadSafety":"Unsafe"}],"MemoryCategory":"PhysicsParts","Name":"Model","Superclass":"PVInstance"},{"Members":[],"MemoryCategory":"PhysicsParts","Name":"Actor","Superclass":"Model"},{"Members":[],"MemoryCategory":"PhysicsParts","Name":"Status","Superclass":"Model","Tags":["NotCreatable","Deprecated"]},{"Members":[{"MemberType":"Function","Name":"ArePartsTouchingOthers","Parameters":[{"Name":"partList","Type":{"Category":"DataType","Name":"Objects"}},{"Default":"0.000199999995","Name":"overlapIgnored","Type":{"Category":"Primitive","Name":"float"}}],"ReturnType":{"Category":"Primitive","Name":"bool"},"Security":"None","ThreadSafety":"Unsafe"},{"MemberType":"Function","Name":"BulkMoveTo","Parameters":[{"Name":"partList","Type":{"Category":"DataType","Name":"Objects"}},{"Name":"cframeList","Type":{"Category":"Group","Name":"Array"}},{"Default":"FireAllEvents","Name":"eventMode","Type":{"Category":"Enum","Name":"BulkMoveMode"}}],"ReturnType":{"Category":"Primitive","Name":"void"},"Security":"None","ThreadSafety":"Unsafe"},{"MemberType":"Function","Name":"FindPartOnRay","Parameters":[{"Name":"ray","Type":{"Category":"DataType","Name":"Ray"}},{"Default":"nil","Name":"ignoreDescendantsInstance","Type":{"Category":"Class","Name":"Instance"}},{"Default":"false","Name":"terrainCellsAreCubes","Type":{"Category":"Primitive","Name":"bool"}},{"Default":"false","Name":"ignoreWater","Type":{"Category":"Primitive","Name":"bool"}}],"ReturnType":{"Category":"Group","Name":"Tuple"},"Security":"None","Tags":["Deprecated"],"ThreadSafety":"Unsafe"},{"MemberType":"Function","Name":"FindPartOnRayWithIgnoreList","Parameters":[{"Name":"ray","Type":{"Category":"DataType","Name":"Ray"}},{"Name":"ignoreDescendantsTable","Type":{"Category":"DataType","Name":"Objects"}},{"Default":"false","Name":"terrainCellsAreCubes","Type":{"Category":"Primitive","Name":"bool"}},{"Default":"false","Name":"ignoreWater","Type":{"Category":"Primitive","Name":"bool"}}],"ReturnType":{"Category":"Group","Name":"Tuple"},"Security":"None","Tags":["Deprecated"],"ThreadSafety":"Unsafe"},{"MemberType":"Function","Name":"FindPartOnRayWithWhitelist","Parameters":[{"Name":"ray","Type":{"Category":"DataType","Name":"Ray"}},{"Name":"whitelistDescendantsTable","Type":{"Category":"DataType","Name":"Objects"}},{"Default":"false","Name":"ignoreWater","Type":{"Category":"Primitive","Name":"bool"}}],"ReturnType":{"Category":"Group","Name":"Tuple"},"Security":"None","Tags":["Deprecated"],"ThreadSafety":"Unsafe"},{"MemberType":"Function","Name":"FindPartsInRegion3","Parameters":[{"Name":"region","Type":{"Category":"DataType","Name":"Region3"}},{"Default":"nil","Name":"ignoreDescendantsInstance","Type":{"Category":"Class","Name":"Instance"}},{"Default":"20","Name":"maxParts","Type":{"Category":"Primitive","Name":"int"}}],"ReturnType":{"Category":"DataType","Name":"Objects"},"Security":"None","Tags":["Deprecated"],"ThreadSafety":"Unsafe"},{"MemberType":"Function","Name":"FindPartsInRegion3WithIgnoreList","Parameters":[{"Name":"region","Type":{"Category":"DataType","Name":"Region3"}},{"Name":"ignoreDescendantsTable","Type":{"Category":"DataType","Name":"Objects"}},{"Default":"20","Name":"maxParts","Type":{"Category":"Primitive","Name":"int"}}],"ReturnType":{"Category":"DataType","Name":"Objects"},"Security":"None","Tags":["Deprecated"],"ThreadSafety":"Unsafe"},{"MemberType":"Function","Name":"FindPartsInRegion3WithWhiteList","Parameters":[{"Name":"region","Type":{"Category":"DataType","Name":"Region3"}},{"Name":"whitelistDescendantsTable","Type":{"Category":"DataType","Name":"Objects"}},{"Default":"20","Name":"maxParts","Type":{"Category":"Primitive","Name":"int"}}],"ReturnType":{"Category":"DataType","Name":"Objects"},"Security":"None","Tags":["Deprecated"],"ThreadSafety":"Unsafe"},{"MemberType":"Function","Name":"GetPartBoundsInBox","Parameters":[{"Name":"cframe","Type":{"Category":"DataType","Name":"CFrame"}},{"Name":"size","Type":{"Category":"DataType","Name":"Vector3"}},{"Default":"OverlapParams{MaxParts=false, BruteForceAllSlow=false, CollisionGroup=Default, FilterDescendantsInstances={}}","Name":"overlapParams","Type":{"Category":"DataType","Name":"OverlapParams"}}],"ReturnType":{"Category":"DataType","Name":"Objects"},"Security":"None","ThreadSafety":"Safe"},{"MemberType":"Function","Name":"GetPartBoundsInRadius","Parameters":[{"Name":"position","Type":{"Category":"DataType","Name":"Vector3"}},{"Name":"radius","Type":{"Category":"Primitive","Name":"float"}},{"Default":"OverlapParams{MaxParts=false, BruteForceAllSlow=false, CollisionGroup=Default, FilterDescendantsInstances={}}","Name":"overlapParams","Type":{"Category":"DataType","Name":"OverlapParams"}}],"ReturnType":{"Category":"DataType","Name":"Objects"},"Security":"None","ThreadSafety":"Safe"},{"MemberType":"Function","Name":"GetPartsInPart","Parameters":[{"Name":"part","Type":{"Category":"Class","Name":"BasePart"}},{"Default":"OverlapParams{MaxParts=false, BruteForceAllSlow=false, CollisionGroup=Default, FilterDescendantsInstances={}}","Name":"overlapParams","Type":{"Category":"DataType","Name":"OverlapParams"}}],"ReturnType":{"Category":"DataType","Name":"Objects"},"Security":"None","ThreadSafety":"Safe"},{"MemberType":"Function","Name":"IKMoveTo","Parameters":[{"Name":"part","Type":{"Category":"Class","Name":"BasePart"}},{"Name":"target","Type":{"Category":"DataType","Name":"CFrame"}},{"Default":"0.5","Name":"translateStiffness","Type":{"Category":"Primitive","Name":"float"}},{"Default":"0.5","Name":"rotateStiffness","Type":{"Category":"Primitive","Name":"float"}},{"Default":"OtherMechanismsAnchored","Name":"collisionsMode","Type":{"Category":"Enum","Name":"IKCollisionsMode"}}],"ReturnType":{"Category":"Primitive","Name":"void"},"Security":"PluginSecurity","ThreadSafety":"Unsafe"},{"MemberType":"Function","Name":"IsRegion3Empty","Parameters":[{"Name":"region","Type":{"Category":"DataType","Name":"Region3"}},{"Default":"nil","Name":"ignoreDescendentsInstance","Type":{"Category":"Class","Name":"Instance"}}],"ReturnType":{"Category":"Primitive","Name":"bool"},"Security":"None","Tags":["Deprecated"],"ThreadSafety":"Unsafe"},{"MemberType":"Function","Name":"IsRegion3EmptyWithIgnoreList","Parameters":[{"Name":"region","Type":{"Category":"DataType","Name":"Region3"}},{"Name":"ignoreDescendentsTable","Type":{"Category":"DataType","Name":"Objects"}}],"ReturnType":{"Category":"Primitive","Name":"bool"},"Security":"None","Tags":["Deprecated"],"ThreadSafety":"Unsafe"},{"MemberType":"Function","Name":"Raycast","Parameters":[{"Name":"origin","Type":{"Category":"DataType","Name":"Vector3"}},{"Name":"direction","Type":{"Category":"DataType","Name":"Vector3"}},{"Default":"RaycastParams{IgnoreWater=false, BruteForceAllSlow=false, CollisionGroup=Default, FilterDescendantsInstances={}}","Name":"raycastParams","Type":{"Category":"DataType","Name":"RaycastParams"}}],"ReturnType":{"Category":"DataType","Name":"RaycastResult"},"Security":"None","ThreadSafety":"Safe"},{"MemberType":"Function","Name":"SetInsertPoint","Parameters":[{"Name":"point","Type":{"Category":"DataType","Name":"Vector3"}},{"Default":"false","Name":"ignoreGrid","Type":{"Category":"Primitive","Name":"bool"}}],"ReturnType":{"Category":"Primitive","Name":"void"},"Security":"RobloxScriptSecurity","ThreadSafety":"Unsafe"},{"MemberType":"Function","Name":"findPartOnRay","Parameters":[{"Name":"ray","Type":{"Category":"DataType","Name":"Ray"}},{"Default":"nil","Name":"ignoreDescendantsInstance","Type":{"Category":"Class","Name":"Instance"}},{"Default":"false","Name":"terrainCellsAreCubes","Type":{"Category":"Primitive","Name":"bool"}},{"Default":"false","Name":"ignoreWater","Type":{"Category":"Primitive","Name":"bool"}}],"ReturnType":{"Category":"Group","Name":"Tuple"},"Security":"None","Tags":["Deprecated"],"ThreadSafety":"Unsafe"},{"MemberType":"Function","Name":"findPartsInRegion3","Parameters":[{"Name":"region","Type":{"Category":"DataType","Name":"Region3"}},{"Default":"nil","Name":"ignoreDescendantsInstance","Type":{"Category":"Class","Name":"Instance"}},{"Default":"20","Name":"maxParts","Type":{"Category":"Primitive","Name":"int"}}],"ReturnType":{"Category":"DataType","Name":"Objects"},"Security":"None","Tags":["Deprecated"],"ThreadSafety":"Unsafe"}],"MemoryCategory":"PhysicsParts","Name":"WorldRoot","Superclass":"Model","Tags":["NotCreatable"]},{"Members":[{"Category":"Behavior","MemberType":"Property","Name":"AllowThirdPartySales","Security":{"Read":"None","Write":"None"},"Serialization":{"CanLoad":true,"CanSave":true},"Tags":["NotReplicated"],"ThreadSafety":"ReadSafe","ValueType":{"Category":"Primitive","Name":"bool"}},{"Category":"Behavior","MemberType":"Property","Name":"AnimationWeightedBlendFix","Security":{"Read":"None","Write":"None"},"Serialization":{"CanLoad":true,"CanSave":true},"Tags":["NotScriptable"],"ThreadSafety":"ReadSafe","ValueType":{"Category":"Enum","Name":"NewAnimationRuntimeSetting"}},{"Category":"Behavior","MemberType":"Property","Name":"ClientAnimatorThrottling","Security":{"Read":"None","Write":"None"},"Serialization":{"CanLoad":true,"CanSave":true},"ThreadSafety":"ReadSafe","ValueType":{"Category":"Enum","Name":"ClientAnimatorThrottlingMode"}},{"Category":"Data","MemberType":"Property","Name":"CurrentCamera","Security":{"Read":"None","Write":"None"},"Serialization":{"CanLoad":true,"CanSave":true},"Tags":["NotReplicated"],"ThreadSafety":"ReadSafe","ValueType":{"Category":"Class","Name":"Camera"}},{"Category":"Data","MemberType":"Property","Name":"DistributedGameTime","Security":{"Read":"None","Write":"None"},"Serialization":{"CanLoad":true,"CanSave":true},"Tags":["NotReplicated"],"ThreadSafety":"ReadSafe","ValueType":{"Category":"Primitive","Name":"double"}},{"Category":"Behavior","MemberType":"Property","Name":"FallenPartsDestroyHeight","Security":{"Read":"None","Write":"PluginSecurity"},"Serialization":{"CanLoad":true,"CanSave":true},"ThreadSafety":"ReadSafe","ValueType":{"Category":"Primitive","Name":"float"}},{"Category":"Behavior","MemberType":"Property","Name":"FilteringEnabled","Security":{"Read":"None","Write":"PluginSecurity"},"Serialization":{"CanLoad":false,"CanSave":false},"Tags":["Hidden","NotReplicated","Deprecated"],"ThreadSafety":"ReadSafe","ValueType":{"Category":"Primitive","Name":"bool"}},{"Category":"Behavior","MemberType":"Property","Name":"GlobalWind","Security":{"Read":"None","Write":"None"},"Serialization":{"CanLoad":true,"CanSave":true},"ThreadSafety":"ReadSafe","ValueType":{"Category":"DataType","Name":"Vector3"}},{"Category":"Behavior","MemberType":"Property","Name":"Gravity","Security":{"Read":"None","Write":"None"},"Serialization":{"CanLoad":true,"CanSave":true},"ThreadSafety":"ReadSafe","ValueType":{"Category":"Primitive","Name":"float"}},{"Category":"Behavior","MemberType":"Property","Name":"HumanoidOnlySetCollisionsOnStateChange","Security":{"Read":"None","Write":"None"},"Serialization":{"CanLoad":true,"CanSave":true},"Tags":["NotScriptable"],"ThreadSafety":"ReadSafe","ValueType":{"Category":"Enum","Name":"HumanoidOnlySetCollisionsOnStateChange"}},{"Category":"Behavior","MemberType":"Property","Name":"InterpolationThrottling","Security":{"Read":"None","Write":"PluginSecurity"},"Serialization":{"CanLoad":true,"CanSave":true},"ThreadSafety":"ReadSafe","ValueType":{"Category":"Enum","Name":"InterpolationThrottlingMode"}},{"Category":"Behavior","MemberType":"Property","Name":"MeshPartHeadsAndAccessories","Security":{"Read":"None","Write":"None"},"Serialization":{"CanLoad":true,"CanSave":true},"Tags":["NotScriptable"],"ThreadSafety":"ReadSafe","ValueType":{"Category":"Enum","Name":"MeshPartHeadsAndAccessories"}},{"Category":"Behavior","MemberType":"Property","Name":"PhysicsSimulationRate","Security":{"Read":"None","Write":"None"},"Serialization":{"CanLoad":false,"CanSave":false},"Tags":["Hidden","NotReplicated"],"ThreadSafety":"ReadSafe","ValueType":{"Category":"Enum","Name":"PhysicsSimulationRate"}},{"Category":"Behavior","MemberType":"Property","Name":"PhysicsSteppingMethod","Security":{"Read":"None","Write":"None"},"Serialization":{"CanLoad":true,"CanSave":true},"Tags":["NotScriptable"],"ThreadSafety":"ReadSafe","ValueType":{"Category":"Enum","Name":"PhysicsSteppingMethod"}},{"Category":"Behavior","MemberType":"Property","Name":"ReplicateInstanceDestroySetting","Security":{"Read":"None","Write":"None"},"Serialization":{"CanLoad":true,"CanSave":true},"Tags":["NotScriptable"],"ThreadSafety":"ReadSafe","ValueType":{"Category":"Enum","Name":"ReplicateInstanceDestroySetting"}},{"Category":"Behavior","MemberType":"Property","Name":"Retargeting","Security":{"Read":"None","Write":"None"},"Serialization":{"CanLoad":true,"CanSave":true},"ThreadSafety":"ReadSafe","ValueType":{"Category":"Enum","Name":"AnimatorRetargetingMode"}},{"Category":"Behavior","MemberType":"Property","Name":"SignalBehavior","Security":{"Read":"None","Write":"None"},"Serialization":{"CanLoad":true,"CanSave":true},"Tags":["NotScriptable"],"ThreadSafety":"ReadSafe","ValueType":{"Category":"Enum","Name":"SignalBehavior"}},{"Category":"Streaming","MemberType":"Property","Name":"StreamOutBehavior","Security":{"Read":"None","Write":"None"},"Serialization":{"CanLoad":true,"CanSave":true},"Tags":["NotScriptable"],"ThreadSafety":"ReadSafe","ValueType":{"Category":"Enum","Name":"StreamOutBehavior"}},{"Category":"Streaming","MemberType":"Property","Name":"StreamingEnabled","Security":{"Read":"None","Write":"PluginSecurity"},"Serialization":{"CanLoad":true,"CanSave":true},"ThreadSafety":"ReadSafe","ValueType":{"Category":"Primitive","Name":"bool"}},{"Category":"Streaming","MemberType":"Property","Name":"StreamingMinRadius","Security":{"Read":"None","Write":"None"},"Serialization":{"CanLoad":true,"CanSave":true},"Tags":["NotScriptable"],"ThreadSafety":"ReadSafe","ValueType":{"Category":"Primitive","Name":"int"}},{"Category":"Streaming","MemberType":"Property","Name":"StreamingPauseMode","Security":{"Read":"None","Write":"None"},"Serialization":{"CanLoad":true,"CanSave":true},"Tags":["NotScriptable"],"ThreadSafety":"ReadSafe","ValueType":{"Category":"Enum","Name":"StreamingPauseMode"}},{"Category":"Streaming","MemberType":"Property","Name":"StreamingTargetRadius","Security":{"Read":"None","Write":"None"},"Serialization":{"CanLoad":true,"CanSave":true},"Tags":["NotScriptable"],"ThreadSafety":"ReadSafe","ValueType":{"Category":"Primitive","Name":"int"}},{"Category":"Behavior","MemberType":"Property","Name":"Terrain","Security":{"Read":"None","Write":"None"},"Serialization":{"CanLoad":false,"CanSave":false},"Tags":["ReadOnly","NotReplicated"],"ThreadSafety":"ReadSafe","ValueType":{"Category":"Class","Name":"Terrain"}},{"Category":"Behavior","MemberType":"Property","Name":"TouchesUseCollisionGroups","Security":{"Read":"None","Write":"None"},"Serialization":{"CanLoad":true,"CanSave":true},"Tags":["NotScriptable"],"ThreadSafety":"ReadSafe","ValueType":{"Category":"Primitive","Name":"bool"}},{"MemberType":"Function","Name":"BreakJoints","Parameters":[{"Name":"objects","Type":{"Category":"DataType","Name":"Objects"}}],"ReturnType":{"Category":"Primitive","Name":"void"},"Security":"PluginSecurity","ThreadSafety":"Unsafe"},{"MemberType":"Function","Name":"CalculateJumpDistance","Parameters":[{"Name":"gravity","Type":{"Category":"Primitive","Name":"float"}},{"Name":"jumpPower","Type":{"Category":"Primitive","Name":"float"}},{"Name":"walkSpeed","Type":{"Category":"Primitive","Name":"float"}}],"ReturnType":{"Category":"Primitive","Name":"float"},"Security":"RobloxScriptSecurity","ThreadSafety":"Unsafe"},{"MemberType":"Function","Name":"CalculateJumpHeight","Parameters":[{"Name":"gravity","Type":{"Category":"Primitive","Name":"float"}},{"Name":"jumpPower","Type":{"Category":"Primitive","Name":"float"}}],"ReturnType":{"Category":"Primitive","Name":"float"},"Security":"RobloxScriptSecurity","ThreadSafety":"Unsafe"},{"MemberType":"Function","Name":"CalculateJumpPower","Parameters":[{"Name":"gravity","Type":{"Category":"Primitive","Name":"float"}},{"Name":"jumpHeight","Type":{"Category":"Primitive","Name":"float"}}],"ReturnType":{"Category":"Primitive","Name":"float"},"Security":"RobloxScriptSecurity","ThreadSafety":"Unsafe"},{"MemberType":"Function","Name":"ExperimentalSolverIsEnabled","Parameters":[],"ReturnType":{"Category":"Primitive","Name":"bool"},"Security":"LocalUserSecurity","ThreadSafety":"Unsafe"},{"MemberType":"Function","Name":"GetNumAwakeParts","Parameters":[],"ReturnType":{"Category":"Primitive","Name":"int"},"Security":"None","ThreadSafety":"Unsafe"},{"MemberType":"Function","Name":"GetPhysicsThrottling","Parameters":[],"ReturnType":{"Category":"Primitive","Name":"int"},"Security":"None","ThreadSafety":"Unsafe"},{"MemberType":"Function","Name":"GetRealPhysicsFPS","Parameters":[],"ReturnType":{"Category":"Primitive","Name":"double"},"Security":"None","ThreadSafety":"Unsafe"},{"MemberType":"Function","Name":"GetServerTimeNow","Parameters":[],"ReturnType":{"Category":"Primitive","Name":"double"},"Security":"None","ThreadSafety":"Unsafe"},{"MemberType":"Function","Name":"JoinToOutsiders","Parameters":[{"Name":"objects","Type":{"Category":"DataType","Name":"Objects"}},{"Name":"jointType","Type":{"Category":"Enum","Name":"JointCreationMode"}}],"ReturnType":{"Category":"Primitive","Name":"void"},"Security":"None","ThreadSafety":"Unsafe"},{"MemberType":"Function","Name":"MakeJoints","Parameters":[{"Name":"objects","Type":{"Category":"DataType","Name":"Objects"}}],"ReturnType":{"Category":"Primitive","Name":"void"},"Security":"PluginSecurity","ThreadSafety":"Unsafe"},{"MemberType":"Function","Name":"PGSIsEnabled","Parameters":[],"ReturnType":{"Category":"Primitive","Name":"bool"},"Security":"None","ThreadSafety":"Unsafe"},{"MemberType":"Function","Name":"SetMeshPartHeadsAndAccessories","Parameters":[{"Name":"value","Type":{"Category":"Enum","Name":"MeshPartHeadsAndAccessories"}}],"ReturnType":{"Category":"Primitive","Name":"void"},"Security":"RobloxScriptSecurity","ThreadSafety":"Unsafe"},{"MemberType":"Function","Name":"SetPhysicsThrottleEnabled","Parameters":[{"Name":"value","Type":{"Category":"Primitive","Name":"bool"}}],"ReturnType":{"Category":"Primitive","Name":"void"},"Security":"LocalUserSecurity","ThreadSafety":"Unsafe"},{"MemberType":"Function","Name":"UnjoinFromOutsiders","Parameters":[{"Name":"objects","Type":{"Category":"DataType","Name":"Objects"}}],"ReturnType":{"Category":"Primitive","Name":"void"},"Security":"None","ThreadSafety":"Unsafe"},{"MemberType":"Function","Name":"ZoomToExtents","Parameters":[],"ReturnType":{"Category":"Primitive","Name":"void"},"Security":"PluginSecurity","ThreadSafety":"Unsafe"}],"MemoryCategory":"PhysicsParts","Name":"Workspace","Superclass":"WorldRoot","Tags":["NotCreatable","Service"]},{"Members":[],"MemoryCategory":"PhysicsParts","Name":"WorldModel","Superclass":"WorldRoot"},{"Members":[{"Category":"Link","MemberType":"Property","Name":"AutoUpdate","Security":{"Read":"None","Write":"None"},"Serialization":{"CanLoad":true,"CanSave":true},"Tags":["NotScriptable"],"ThreadSafety":"ReadSafe","ValueType":{"Category":"Primitive","Name":"bool"}},{"Category":"Data","MemberType":"Property","Name":"Creator","Security":{"Read":"None","Write":"None"},"Serialization":{"CanLoad":false,"CanSave":false},"Tags":["ReadOnly","NotReplicated","NotScriptable"],"ThreadSafety":"ReadSafe","ValueType":{"Category":"Primitive","Name":"string"}},{"Category":"Data","MemberType":"Property","Name":"PackageAssetName","Security":{"Read":"None","Write":"None"},"Serialization":{"CanLoad":false,"CanSave":false},"Tags":["ReadOnly","NotReplicated","NotScriptable"],"ThreadSafety":"ReadSafe","ValueType":{"Category":"Primitive","Name":"string"}},{"Category":"Link","MemberType":"Property","Name":"PackageId","Security":{"Read":"None","Write":"None"},"Serialization":{"CanLoad":false,"CanSave":true},"Tags":["ReadOnly","NotReplicated"],"ThreadSafety":"ReadSafe","ValueType":{"Category":"DataType","Name":"Content"}},{"Category":"Data","MemberType":"Property","Name":"PermissionLevel","Security":{"Read":"None","Write":"None"},"Serialization":{"CanLoad":false,"CanSave":false},"Tags":["ReadOnly","NotReplicated","NotScriptable"],"ThreadSafety":"ReadSafe","ValueType":{"Category":"Enum","Name":"PackagePermission"}},{"Category":"Link","MemberType":"Property","Name":"Status","Security":{"Read":"RobloxScriptSecurity","Write":"RobloxScriptSecurity"},"Serialization":{"CanLoad":false,"CanSave":false},"Tags":["ReadOnly","NotReplicated"],"ThreadSafety":"ReadSafe","ValueType":{"Category":"Primitive","Name":"string"}},{"Category":"Link","MemberType":"Property","Name":"VersionNumber","Security":{"Read":"None","Write":"NotAccessibleSecurity"},"Serialization":{"CanLoad":true,"CanSave":false},"Tags":["NotReplicated"],"ThreadSafety":"ReadSafe","ValueType":{"Category":"Primitive","Name":"int64"}}],"MemoryCategory":"Instances","Name":"PackageLink","Superclass":"Instance","Tags":["NotCreatable","NotBrowsable"]},{"Members":[],"MemoryCategory":"Instances","Name":"PackageService","Superclass":"Instance","Tags":["NotCreatable","Service","NotReplicated"]},{"Members":[{"MemberType":"Function","Name":"ConvertToPackageUpload","Parameters":[{"Name":"uploadUrl","Type":{"Category":"Primitive","Name":"string"}},{"Name":"cloneInstances","Type":{"Category":"DataType","Name":"Objects"}},{"Name":"originalInstances","Type":{"Category":"DataType","Name":"Objects"}}],"ReturnType":{"Category":"Primitive","Name":"void"},"Security":"RobloxScriptSecurity","ThreadSafety":"Unsafe"},{"MemberType":"Event","Name":"OnConvertToPackageResult","Parameters":[{"Name":"isSuccessful","Type":{"Category":"Primitive","Name":"bool"}},{"Name":"errorMessage","Type":{"Category":"Primitive","Name":"string"}}],"Security":"RobloxScriptSecurity","ThreadSafety":"Unsafe"},{"MemberType":"Event","Name":"OnOpenConvertToPackagePlugin","Parameters":[{"Name":"instances","Type":{"Category":"DataType","Name":"Objects"}},{"Name":"name","Type":{"Category":"Primitive","Name":"string"}},{"Name":"cloneInstances","Type":{"Category":"DataType","Name":"Objects"}}],"Security":"RobloxScriptSecurity","ThreadSafety":"Unsafe"}],"MemoryCategory":"Instances","Name":"PackageUIService","Superclass":"Instance","Tags":["NotCreatable","Service","NotReplicated"]},{"Members":[{"Category":"Data","MemberType":"Property","Name":"IsFinished","Security":{"Read":"None","Write":"None"},"Serialization":{"CanLoad":false,"CanSave":false},"Tags":["ReadOnly","NotReplicated"],"ThreadSafety":"ReadSafe","ValueType":{"Category":"Primitive","Name":"bool"}},{"MemberType":"Function","Name":"GetCurrentPage","Parameters":[],"ReturnType":{"Category":"Group","Name":"Array"},"Security":"None","ThreadSafety":"Unsafe"},{"MemberType":"Function","Name":"AdvanceToNextPageAsync","Parameters":[],"ReturnType":{"Category":"Primitive","Name":"void"},"Security":"None","Tags":["Yields"],"ThreadSafety":"Unsafe"}],"MemoryCategory":"Instances","Name":"Pages","Superclass":"Instance","Tags":["NotCreatable","NotReplicated"]},{"Members":[],"MemoryCategory":"Instances","Name":"CatalogPages","Superclass":"Pages","Tags":["NotCreatable","NotReplicated"]},{"Members":[],"MemoryCategory":"Instances","Name":"DataStoreKeyPages","Superclass":"Pages","Tags":["NotCreatable","NotReplicated"]},{"Members":[],"MemoryCategory":"Instances","Name":"DataStoreListingPages","Superclass":"Pages","Tags":["NotCreatable","NotReplicated"]},{"Members":[],"MemoryCategory":"Instances","Name":"DataStorePages","Superclass":"Pages","Tags":["NotCreatable","NotReplicated"]},{"Members":[],"MemoryCategory":"Instances","Name":"DataStoreVersionPages","Superclass":"Pages","Tags":["NotCreatable","NotReplicated"]},{"Members":[],"MemoryCategory":"Instances","Name":"FriendPages","Superclass":"Pages","Tags":["NotCreatable","NotReplicated"]},{"Members":[],"MemoryCategory":"Instances","Name":"InventoryPages","Superclass":"Pages","Tags":["NotCreatable","NotReplicated"]},{"Members":[],"MemoryCategory":"Instances","Name":"EmotesPages","Superclass":"InventoryPages","Tags":["NotCreatable","NotReplicated"]},{"Members":[],"MemoryCategory":"Instances","Name":"OutfitPages","Superclass":"Pages","Tags":["NotCreatable","NotReplicated"]},{"Members":[],"MemoryCategory":"Instances","Name":"StandardPages","Superclass":"Pages","Tags":["NotCreatable","NotReplicated"]},{"Members":[],"MemoryCategory":"Instances","Name":"PartOperationAsset","Superclass":"Instance"},{"Members":[{"Category":"Motion","MemberType":"Property","Name":"Acceleration","Security":{"Read":"None","Write":"None"},"Serialization":{"CanLoad":true,"CanSave":true},"ThreadSafety":"ReadSafe","ValueType":{"Category":"DataType","Name":"Vector3"}},{"Category":"Appearance","MemberType":"Property","Name":"Brightness","Security":{"Read":"None","Write":"None"},"Serialization":{"CanLoad":true,"CanSave":true},"ThreadSafety":"ReadSafe","ValueType":{"Category":"Primitive","Name":"float"}},{"Category":"Appearance","MemberType":"Property","Name":"Color","Security":{"Read":"None","Write":"None"},"Serialization":{"CanLoad":true,"CanSave":true},"ThreadSafety":"ReadSafe","ValueType":{"Category":"DataType","Name":"ColorSequence"}},{"Category":"Particles","MemberType":"Property","Name":"Drag","Security":{"Read":"None","Write":"None"},"Serialization":{"CanLoad":true,"CanSave":true},"ThreadSafety":"ReadSafe","ValueType":{"Category":"Primitive","Name":"float"}},{"Category":"Emission","MemberType":"Property","Name":"EmissionDirection","Security":{"Read":"None","Write":"None"},"Serialization":{"CanLoad":true,"CanSave":true},"ThreadSafety":"ReadSafe","ValueType":{"Category":"Enum","Name":"NormalId"}},{"Category":"Emission","MemberType":"Property","Name":"Enabled","Security":{"Read":"None","Write":"None"},"Serialization":{"CanLoad":true,"CanSave":true},"ThreadSafety":"ReadSafe","ValueType":{"Category":"Primitive","Name":"bool"}},{"Category":"Flipbook","MemberType":"Property","Name":"FlipbookFramerate","Security":{"Read":"None","Write":"None"},"Serialization":{"CanLoad":true,"CanSave":true},"ThreadSafety":"ReadSafe","ValueType":{"Category":"DataType","Name":"NumberRange"}},{"Category":"Flipbook","MemberType":"Property","Name":"FlipbookIncompatible","Security":{"Read":"None","Write":"None"},"Serialization":{"CanLoad":true,"CanSave":true},"ThreadSafety":"ReadSafe","ValueType":{"Category":"Primitive","Name":"string"}},{"Category":"Flipbook","MemberType":"Property","Name":"FlipbookLayout","Security":{"Read":"None","Write":"None"},"Serialization":{"CanLoad":true,"CanSave":true},"ThreadSafety":"ReadSafe","ValueType":{"Category":"Enum","Name":"ParticleFlipbookLayout"}},{"Category":"Flipbook","MemberType":"Property","Name":"FlipbookMode","Security":{"Read":"None","Write":"None"},"Serialization":{"CanLoad":true,"CanSave":true},"ThreadSafety":"ReadSafe","ValueType":{"Category":"Enum","Name":"ParticleFlipbookMode"}},{"Category":"Flipbook","MemberType":"Property","Name":"FlipbookStartRandom","Security":{"Read":"None","Write":"None"},"Serialization":{"CanLoad":true,"CanSave":true},"ThreadSafety":"ReadSafe","ValueType":{"Category":"Primitive","Name":"bool"}},{"Category":"Emission","MemberType":"Property","Name":"Lifetime","Security":{"Read":"None","Write":"None"},"Serialization":{"CanLoad":true,"CanSave":true},"ThreadSafety":"ReadSafe","ValueType":{"Category":"DataType","Name":"NumberRange"}},{"Category":"Appearance","MemberType":"Property","Name":"LightEmission","Security":{"Read":"None","Write":"None"},"Serialization":{"CanLoad":true,"CanSave":true},"ThreadSafety":"ReadSafe","ValueType":{"Category":"Primitive","Name":"float"}},{"Category":"Appearance","MemberType":"Property","Name":"LightInfluence","Security":{"Read":"None","Write":"None"},"Serialization":{"CanLoad":true,"CanSave":true},"ThreadSafety":"ReadSafe","ValueType":{"Category":"Primitive","Name":"float"}},{"Category":"Particles","MemberType":"Property","Name":"LockedToPart","Security":{"Read":"None","Write":"None"},"Serialization":{"CanLoad":true,"CanSave":true},"ThreadSafety":"ReadSafe","ValueType":{"Category":"Primitive","Name":"bool"}},{"Category":"Appearance","MemberType":"Property","Name":"Orientation","Security":{"Read":"None","Write":"None"},"Serialization":{"CanLoad":true,"CanSave":true},"ThreadSafety":"ReadSafe","ValueType":{"Category":"Enum","Name":"ParticleOrientation"}},{"Category":"Emission","MemberType":"Property","Name":"Rate","Security":{"Read":"None","Write":"None"},"Serialization":{"CanLoad":true,"CanSave":true},"ThreadSafety":"ReadSafe","ValueType":{"Category":"Primitive","Name":"float"}},{"Category":"Emission","MemberType":"Property","Name":"RotSpeed","Security":{"Read":"None","Write":"None"},"Serialization":{"CanLoad":true,"CanSave":true},"ThreadSafety":"ReadSafe","ValueType":{"Category":"DataType","Name":"NumberRange"}},{"Category":"Emission","MemberType":"Property","Name":"Rotation","Security":{"Read":"None","Write":"None"},"Serialization":{"CanLoad":true,"CanSave":true},"ThreadSafety":"ReadSafe","ValueType":{"Category":"DataType","Name":"NumberRange"}},{"Category":"EmitterShape","MemberType":"Property","Name":"Shape","Security":{"Read":"None","Write":"None"},"Serialization":{"CanLoad":true,"CanSave":true},"ThreadSafety":"ReadSafe","ValueType":{"Category":"Enum","Name":"ParticleEmitterShape"}},{"Category":"EmitterShape","MemberType":"Property","Name":"ShapeInOut","Security":{"Read":"None","Write":"None"},"Serialization":{"CanLoad":true,"CanSave":true},"ThreadSafety":"ReadSafe","ValueType":{"Category":"Enum","Name":"ParticleEmitterShapeInOut"}},{"Category":"EmitterShape","MemberType":"Property","Name":"ShapePartial","Security":{"Read":"None","Write":"None"},"Serialization":{"CanLoad":true,"CanSave":true},"ThreadSafety":"ReadSafe","ValueType":{"Category":"Primitive","Name":"float"}},{"Category":"EmitterShape","MemberType":"Property","Name":"ShapeStyle","Security":{"Read":"None","Write":"None"},"Serialization":{"CanLoad":true,"CanSave":true},"ThreadSafety":"ReadSafe","ValueType":{"Category":"Enum","Name":"ParticleEmitterShapeStyle"}},{"Category":"Appearance","MemberType":"Property","Name":"Size","Security":{"Read":"None","Write":"None"},"Serialization":{"CanLoad":true,"CanSave":true},"ThreadSafety":"ReadSafe","ValueType":{"Category":"DataType","Name":"NumberSequence"}},{"Category":"Emission","MemberType":"Property","Name":"Speed","Security":{"Read":"None","Write":"None"},"Serialization":{"CanLoad":true,"CanSave":true},"ThreadSafety":"ReadSafe","ValueType":{"Category":"DataType","Name":"NumberRange"}},{"Category":"Emission","MemberType":"Property","Name":"SpreadAngle","Security":{"Read":"None","Write":"None"},"Serialization":{"CanLoad":true,"CanSave":true},"ThreadSafety":"ReadSafe","ValueType":{"Category":"DataType","Name":"Vector2"}},{"Category":"Appearance","MemberType":"Property","Name":"Squash","Security":{"Read":"None","Write":"None"},"Serialization":{"CanLoad":true,"CanSave":true},"ThreadSafety":"ReadSafe","ValueType":{"Category":"DataType","Name":"NumberSequence"}},{"Category":"Appearance","MemberType":"Property","Name":"Texture","Security":{"Read":"None","Write":"None"},"Serialization":{"CanLoad":true,"CanSave":true},"ThreadSafety":"ReadSafe","ValueType":{"Category":"DataType","Name":"Content"}},{"Category":"Particles","MemberType":"Property","Name":"TimeScale","Security":{"Read":"None","Write":"None"},"Serialization":{"CanLoad":true,"CanSave":true},"ThreadSafety":"ReadSafe","ValueType":{"Category":"Primitive","Name":"float"}},{"Category":"Appearance","MemberType":"Property","Name":"Transparency","Security":{"Read":"None","Write":"None"},"Serialization":{"CanLoad":true,"CanSave":true},"ThreadSafety":"ReadSafe","ValueType":{"Category":"DataType","Name":"NumberSequence"}},{"Category":"Particles","MemberType":"Property","Name":"VelocityInheritance","Security":{"Read":"None","Write":"None"},"Serialization":{"CanLoad":true,"CanSave":true},"ThreadSafety":"ReadSafe","ValueType":{"Category":"Primitive","Name":"float"}},{"Category":"Emission","MemberType":"Property","Name":"VelocitySpread","Security":{"Read":"None","Write":"None"},"Serialization":{"CanLoad":true,"CanSave":false},"Tags":["NotReplicated","Deprecated"],"ThreadSafety":"ReadSafe","ValueType":{"Category":"Primitive","Name":"float"}},{"Category":"Appearance","MemberType":"Property","Name":"ZOffset","Security":{"Read":"None","Write":"None"},"Serialization":{"CanLoad":true,"CanSave":true},"ThreadSafety":"ReadSafe","ValueType":{"Category":"Primitive","Name":"float"}},{"MemberType":"Function","Name":"Clear","Parameters":[],"ReturnType":{"Category":"Primitive","Name":"void"},"Security":"None","ThreadSafety":"Unsafe"},{"MemberType":"Function","Name":"Emit","Parameters":[{"Default":"16","Name":"particleCount","Type":{"Category":"Primitive","Name":"int"}}],"ReturnType":{"Category":"Primitive","Name":"void"},"Security":"None","ThreadSafety":"Unsafe"}],"MemoryCategory":"Instances","Name":"ParticleEmitter","Superclass":"Instance"},{"Members":[{"Category":"Data","MemberType":"Property","Name":"Status","Security":{"Read":"None","Write":"None"},"Serialization":{"CanLoad":false,"CanSave":true},"Tags":["ReadOnly","NotReplicated"],"ThreadSafety":"ReadSafe","ValueType":{"Category":"Enum","Name":"PathStatus"}},{"MemberType":"Function","Name":"GetPointCoordinates","Parameters":[],"ReturnType":{"Category":"Group","Name":"Array"},"Security":"None","Tags":["Deprecated"],"ThreadSafety":"Unsafe"},{"MemberType":"Function","Name":"GetWaypoints","Parameters":[],"ReturnType":{"Category":"Group","Name":"Array"},"Security":"None","ThreadSafety":"Unsafe"},{"MemberType":"Function","Name":"CheckOcclusionAsync","Parameters":[{"Name":"start","Type":{"Category":"Primitive","Name":"int"}}],"ReturnType":{"Category":"Primitive","Name":"int"},"Security":"None","Tags":["Yields"],"ThreadSafety":"Unsafe"},{"MemberType":"Function","Name":"ComputeAsync","Parameters":[{"Name":"start","Type":{"Category":"DataType","Name":"Vector3"}},{"Name":"finish","Type":{"Category":"DataType","Name":"Vector3"}}],"ReturnType":{"Category":"Primitive","Name":"void"},"Security":"None","Tags":["Yields"],"ThreadSafety":"Unsafe"},{"MemberType":"Event","Name":"Blocked","Parameters":[{"Name":"blockedWaypointIdx","Type":{"Category":"Primitive","Name":"int"}}],"Security":"None","ThreadSafety":"Unsafe"},{"MemberType":"Event","Name":"Unblocked","Parameters":[{"Name":"unblockedWaypointIdx","Type":{"Category":"Primitive","Name":"int"}}],"Security":"None","ThreadSafety":"Unsafe"}],"MemoryCategory":"Instances","Name":"Path","Superclass":"Instance","Tags":["NotCreatable","NotReplicated"]},{"Members":[{"Category":"Data","MemberType":"Property","Name":"Attachment0","Security":{"Read":"None","Write":"None"},"Serialization":{"CanLoad":true,"CanSave":true},"ThreadSafety":"ReadSafe","ValueType":{"Category":"Class","Name":"Attachment"}},{"Category":"Data","MemberType":"Property","Name":"Attachment1","Security":{"Read":"None","Write":"None"},"Serialization":{"CanLoad":true,"CanSave":true},"ThreadSafety":"ReadSafe","ValueType":{"Category":"Class","Name":"Attachment"}},{"Category":"Data","MemberType":"Property","Name":"IsBidirectional","Security":{"Read":"None","Write":"None"},"Serialization":{"CanLoad":true,"CanSave":true},"ThreadSafety":"ReadSafe","ValueType":{"Category":"Primitive","Name":"bool"}},{"Category":"Data","MemberType":"Property","Name":"Label","Security":{"Read":"None","Write":"None"},"Serialization":{"CanLoad":true,"CanSave":true},"ThreadSafety":"ReadSafe","ValueType":{"Category":"Primitive","Name":"string"}}],"MemoryCategory":"Instances","Name":"PathfindingLink","Superclass":"Instance","Tags":["NotBrowsable"]},{"Members":[{"Category":"Data","MemberType":"Property","Name":"Label","Security":{"Read":"None","Write":"None"},"Serialization":{"CanLoad":true,"CanSave":true},"ThreadSafety":"ReadSafe","ValueType":{"Category":"Primitive","Name":"string"}},{"Category":"Data","MemberType":"Property","Name":"PassThrough","Security":{"Read":"None","Write":"None"},"Serialization":{"CanLoad":true,"CanSave":true},"ThreadSafety":"ReadSafe","ValueType":{"Category":"Primitive","Name":"bool"}}],"MemoryCategory":"Instances","Name":"PathfindingModifier","Superclass":"Instance"},{"Members":[{"Category":"Data","MemberType":"Property","Name":"EmptyCutoff","Security":{"Read":"None","Write":"None"},"Serialization":{"CanLoad":true,"CanSave":false},"Tags":["NotReplicated","Deprecated"],"ThreadSafety":"ReadSafe","ValueType":{"Category":"Primitive","Name":"float"}},{"MemberType":"Function","Name":"CreatePath","Parameters":[{"Default":"nil","Name":"agentParameters","Type":{"Category":"Group","Name":"Dictionary"}}],"ReturnType":{"Category":"Class","Name":"Instance"},"Security":"None","ThreadSafety":"Unsafe"},{"MemberType":"Function","Name":"ComputeRawPathAsync","Parameters":[{"Name":"start","Type":{"Category":"DataType","Name":"Vector3"}},{"Name":"finish","Type":{"Category":"DataType","Name":"Vector3"}},{"Name":"maxDistance","Type":{"Category":"Primitive","Name":"float"}}],"ReturnType":{"Category":"Class","Name":"Instance"},"Security":"None","Tags":["Yields","Deprecated"],"ThreadSafety":"Unsafe"},{"MemberType":"Function","Name":"ComputeSmoothPathAsync","Parameters":[{"Name":"start","Type":{"Category":"DataType","Name":"Vector3"}},{"Name":"finish","Type":{"Category":"DataType","Name":"Vector3"}},{"Name":"maxDistance","Type":{"Category":"Primitive","Name":"float"}}],"ReturnType":{"Category":"Class","Name":"Instance"},"Security":"None","Tags":["Yields","Deprecated"],"ThreadSafety":"Unsafe"},{"MemberType":"Function","Name":"FindPathAsync","Parameters":[{"Name":"start","Type":{"Category":"DataType","Name":"Vector3"}},{"Name":"finish","Type":{"Category":"DataType","Name":"Vector3"}}],"ReturnType":{"Category":"Class","Name":"Instance"},"Security":"None","Tags":["Yields"],"ThreadSafety":"Unsafe"}],"MemoryCategory":"Instances","Name":"PathfindingService","Superclass":"Instance","Tags":["NotCreatable","Service","NotReplicated"]},{"Members":[{"Category":"State","MemberType":"Property","Name":"AllThreadsPaused","Security":{"Read":"RobloxScriptSecurity","Write":"RobloxScriptSecurity"},"Serialization":{"CanLoad":false,"CanSave":false},"Tags":["Hidden","ReadOnly","NotReplicated"],"ThreadSafety":"ReadSafe","ValueType":{"Category":"Primitive","Name":"bool"}},{"Category":"Data","MemberType":"Property","Name":"Reason","Security":{"Read":"RobloxScriptSecurity","Write":"RobloxScriptSecurity"},"Serialization":{"CanLoad":false,"CanSave":false},"Tags":["Hidden","ReadOnly","NotReplicated"],"ThreadSafety":"ReadSafe","ValueType":{"Category":"Enum","Name":"DebuggerPauseReason"}},{"Category":"Data","MemberType":"Property","Name":"ThreadId","Security":{"Read":"RobloxScriptSecurity","Write":"RobloxScriptSecurity"},"Serialization":{"CanLoad":false,"CanSave":false},"Tags":["Hidden","ReadOnly","NotReplicated"],"ThreadSafety":"ReadSafe","ValueType":{"Category":"Primitive","Name":"int"}}],"MemoryCategory":"Instances","Name":"PausedState","Superclass":"Instance","Tags":["NotCreatable","NotReplicated"]},{"Members":[{"Category":"Data","MemberType":"Property","Name":"Breakpoint","Security":{"Read":"RobloxScriptSecurity","Write":"RobloxScriptSecurity"},"Serialization":{"CanLoad":false,"CanSave":false},"Tags":["Hidden","ReadOnly","NotReplicated"],"ThreadSafety":"ReadSafe","ValueType":{"Category":"Class","Name":"Breakpoint"}}],"MemoryCategory":"Instances","Name":"PausedStateBreakpoint","Superclass":"PausedState","Tags":["NotCreatable","NotReplicated"]},{"Members":[{"Category":"Data","MemberType":"Property","Name":"ExceptionText","Security":{"Read":"RobloxScriptSecurity","Write":"RobloxScriptSecurity"},"Serialization":{"CanLoad":false,"CanSave":false},"Tags":["Hidden","ReadOnly","NotReplicated"],"ThreadSafety":"ReadSafe","ValueType":{"Category":"Primitive","Name":"string"}}],"MemoryCategory":"Instances","Name":"PausedStateException","Superclass":"PausedState","Tags":["NotCreatable","NotReplicated"]}]}