{"Classes":[{"Members":[{"Category":"Behavior","MemberType":"Property","Name":"Archivable","Security":{"Read":"None","Write":"None"},"Serialization":{"CanLoad":false,"CanSave":false},"ThreadSafety":"ReadSafe","ValueType":{"Category":"Primitive","Name":"bool"}},{"Category":"Data","MemberType":"Property","Name":"ClassName","Security":{"Read":"None","Write":"None"},"Serialization":{"CanLoad":false,"CanSave":false},"Tags":["ReadOnly","NotReplicated"],"ThreadSafety":"ReadSafe","ValueType":{"Category":"Primitive","Name":"string"}},{"Category":"Data","MemberType":"Property","Name":"DataCost","Security":{"Read":"LocalUserSecurity","Write":"LocalUserSecurity"},"Serialization":{"CanLoad":false,"CanSave":false},"Tags":["Hidden","ReadOnly","NotReplicated","Deprecated"],"ThreadSafety":"ReadSafe","ValueType":{"Category":"Primitive","Name":"int"}},{"Category":"Data","MemberType":"Property","Name":"Name","Security":{"Read":"None","Write":"None"},"Serialization":{"CanLoad":true,"CanSave":true},"ThreadSafety":"ReadSafe","ValueType":{"Category":"Primitive","Name":"string"}},{"Category":"Data","MemberType":"Property","Name":"Parent","Security":{"Read":"None","Write":"None"},"Serialization":{"CanLoad":true,"CanSave":false},"Tags":["NotReplicated"],"ThreadSafety":"ReadSafe","ValueType":{"Category":"Class","Name":"Instance"}},{"Category":"Data","MemberType":"Property","Name":"RobloxLocked","Security":{"Read":"PluginSecurity","Write":"PluginSecurity"},"Serialization":{"CanLoad":false,"CanSave":false},"Tags":["Hidden"],"ThreadSafety":"ReadSafe","ValueType":{"Category":"Primitive","Name":"bool"}},{"Category":"Data","MemberType":"Property","Name":"SourceAssetId","Security":{"Read":"RobloxScriptSecurity","Write":"RobloxScriptSecurity"},"Serialization":{"CanLoad":true,"CanSave":true},"Tags":["Hidden","NotReplicated"],"ThreadSafety":"ReadSafe","ValueType":{"Category":"Primitive","Name":"int64"}},{"Category":"Behavior","MemberType":"Property","Name":"archivable","Security":{"Read":"None","Write":"None"},"Serialization":{"CanLoad":true,"CanSave":false},"Tags":["Hidden","NotReplicated","Deprecated"],"ThreadSafety":"ReadSafe","ValueType":{"Category":"Primitive","Name":"bool"}},{"Category":"Data","MemberType":"Property","Name":"className","Security":{"Read":"None","Write":"None"},"Serialization":{"CanLoad":false,"CanSave":false},"Tags":["ReadOnly","NotReplicated","Deprecated"],"ThreadSafety":"ReadSafe","ValueType":{"Category":"Primitive","Name":"string"}},{"MemberType":"Function","Name":"ClearAllChildren","Parameters":[],"ReturnType":{"Category":"Primitive","Name":"void"},"Security":"None","ThreadSafety":"Unsafe"},{"MemberType":"Function","Name":"Clone","Parameters":[],"ReturnType":{"Category":"Class","Name":"Instance"},"Security":"None","ThreadSafety":"Unsafe"},{"MemberType":"Function","Name":"Destroy","Parameters":[],"ReturnType":{"Category":"Primitive","Name":"void"},"Security":"None","ThreadSafety":"Unsafe"},{"MemberType":"Function","Name":"FindFirstAncestor","Parameters":[{"Name":"name","Type":{"Category":"Primitive","Name":"string"}}],"ReturnType":{"Category":"Class","Name":"Instance"},"Security":"None","ThreadSafety":"Safe"},{"MemberType":"Function","Name":"FindFirstAncestorOfClass","Parameters":[{"Name":"className","Type":{"Category":"Primitive","Name":"string"}}],"ReturnType":{"Category":"Class","Name":"Instance"},"Security":"None","ThreadSafety":"Safe"},{"MemberType":"Function","Name":"FindFirstAncestorWhichIsA","Parameters":[{"Name":"className","Type":{"Category":"Primitive","Name":"string"}}],"ReturnType":{"Category":"Class","Name":"Instance"},"Security":"None","ThreadSafety":"Safe"},{"MemberType":"Function","Name":"FindFirstChild","Parameters":[{"Name":"name","Type":{"Category":"Primitive","Name":"string"}},{"Default":"false","Name":"recursive","Type":{"Category":"Primitive","Name":"bool"}}],"ReturnType":{"Category":"Class","Name":"Instance"},"Security":"None","ThreadSafety":"Safe"},{"MemberType":"Function","Name":"FindFirstChildOfClass","Parameters":[{"Name":"className","Type":{"Category":"Primitive","Name":"string"}}],"ReturnType":{"Category":"Class","Name":"Instance"},"Security":"None","ThreadSafety":"Safe"},{"MemberType":"Function","Name":"FindFirstChildWhichIsA","Parameters":[{"Name":"className","Type":{"Category":"Primitive","Name":"string"}},{"Default":"false","Name":"recursive","Type":{"Category":"Primitive","Name":"bool"}}],"ReturnType":{"Category":"Class","Name":"Instance"},"Security":"None","ThreadSafety":"Safe"},{"MemberType":"Function","Name":"FindFirstDescendant","Parameters":[{"Name":"name","Type":{"Category":"Primitive","Name":"string"}}],"ReturnType":{"Category":"Class","Name":"Instance"},"Security":"None","ThreadSafety":"Safe"},{"MemberType":"Function","Name":"GetActor","Parameters":[],"ReturnType":{"Category":"Class","Name":"Actor"},"Security":"None","ThreadSafety":"Unsafe"},{"MemberType":"Function","Name":"GetAttribute","Parameters":[{"Name":"attribute","Type":{"Category":"Primitive","Name":"string"}}],"ReturnType":{"Category":"Group","Name":"Variant"},"Security":"None","ThreadSafety":"Safe"},{"MemberType":"Function","Name":"GetAttributeChangedSignal","Parameters":[{"Name":"attribute","Type":{"Category":"Primitive","Name":"string"}}],"ReturnType":{"Category":"DataType","Name":"RBXScriptSignal"},"Security":"None","ThreadSafety":"Unsafe"},{"MemberType":"Function","Name":"GetAttributes","Parameters":[],"ReturnType":{"Category":"Group","Name":"Dictionary"},"Security":"None","ThreadSafety":"Safe"},{"MemberType":"Function","Name":"GetChildren","Parameters":[],"ReturnType":{"Category":"DataType","Name":"Objects"},"Security":"None","ThreadSafety":"Safe"},{"MemberType":"Function","Name":"GetDebugId","Parameters":[{"Default":"4","Name":"scopeLength","Type":{"Category":"Primitive","Name":"int"}}],"ReturnType":{"Category":"Primitive","Name":"string"},"Security":"PluginSecurity","Tags":["NotBrowsable"],"ThreadSafety":"Unsafe"},{"MemberType":"Function","Name":"GetDescendants","Parameters":[],"ReturnType":{"Category":"Group","Name":"Array"},"Security":"None","Tags":["CustomLuaState"],"ThreadSafety":"Safe"},{"MemberType":"Function","Name":"GetFullName","Parameters":[],"ReturnType":{"Category":"Primitive","Name":"string"},"Security":"None","ThreadSafety":"Safe"},{"MemberType":"Function","Name":"GetPropertyChangedSignal","Parameters":[{"Name":"property","Type":{"Category":"Primitive","Name":"string"}}],"ReturnType":{"Category":"DataType","Name":"RBXScriptSignal"},"Security":"None","ThreadSafety":"Unsafe"},{"MemberType":"Function","Name":"IsA","Parameters":[{"Name":"className","Type":{"Category":"Primitive","Name":"string"}}],"ReturnType":{"Category":"Primitive","Name":"bool"},"Security":"None","Tags":["CustomLuaState"],"ThreadSafety":"Safe"},{"MemberType":"Function","Name":"IsAncestorOf","Parameters":[{"Name":"descendant","Type":{"Category":"Class","Name":"Instance"}}],"ReturnType":{"Category":"Primitive","Name":"bool"},"Security":"None","ThreadSafety":"Safe"},{"MemberType":"Function","Name":"IsDescendantOf","Parameters":[{"Name":"ancestor","Type":{"Category":"Class","Name":"Instance"}}],"ReturnType":{"Category":"Primitive","Name":"bool"},"Security":"None","ThreadSafety":"Safe"},{"MemberType":"Function","Name":"Remove","Parameters":[],"ReturnType":{"Category":"Primitive","Name":"void"},"Security":"None","Tags":["Deprecated"],"ThreadSafety":"Unsafe"},{"MemberType":"Function","Name":"SetAttribute","Parameters":[{"Name":"attribute","Type":{"Category":"Primitive","Name":"string"}},{"Name":"value","Type":{"Category":"Group","Name":"Variant"}}],"ReturnType":{"Category":"Primitive","Name":"void"},"Security":"None","ThreadSafety":"Unsafe"},{"MemberType":"Function","Name":"WaitForChild","Parameters":[{"Name":"childName","Type":{"Category":"Primitive","Name":"string"}},{"Name":"timeOut","Type":{"Category":"Primitive","Name":"double"}}],"ReturnType":{"Category":"Class","Name":"Instance"},"Security":"None","Tags":["CustomLuaState","CanYield"],"ThreadSafety":"Unsafe"},{"MemberType":"Function","Name":"children","Parameters":[],"ReturnType":{"Category":"DataType","Name":"Objects"},"Security":"None","Tags":["Deprecated"],"ThreadSafety":"Unsafe"},{"MemberType":"Function","Name":"clone","Parameters":[],"ReturnType":{"Category":"Class","Name":"Instance"},"Security":"None","Tags":["Deprecated"],"ThreadSafety":"Unsafe"},{"MemberType":"Function","Name":"destroy","Parameters":[],"ReturnType":{"Category":"Primitive","Name":"void"},"Security":"None","Tags":["Deprecated"],"ThreadSafety":"Unsafe"},{"MemberType":"Function","Name":"findFirstChild","Parameters":[{"Name":"name","Type":{"Category":"Primitive","Name":"string"}},{"Default":"false","Name":"recursive","Type":{"Category":"Primitive","Name":"bool"}}],"ReturnType":{"Category":"Class","Name":"Instance"},"Security":"None","Tags":["Deprecated"],"ThreadSafety":"Unsafe"},{"MemberType":"Function","Name":"getChildren","Parameters":[],"ReturnType":{"Category":"DataType","Name":"Objects"},"Security":"None","Tags":["Deprecated"],"ThreadSafety":"Unsafe"},{"MemberType":"Function","Name":"isA","Parameters":[{"Name":"className","Type":{"Category":"Primitive","Name":"string"}}],"ReturnType":{"Category":"Primitive","Name":"bool"},"Security":"None","Tags":["Deprecated","CustomLuaState"],"ThreadSafety":"Unsafe"},{"MemberType":"Function","Name":"isDescendantOf","Parameters":[{"Name":"ancestor","Type":{"Category":"Class","Name":"Instance"}}],"ReturnType":{"Category":"Primitive","Name":"bool"},"Security":"None","Tags":["Deprecated"],"ThreadSafety":"Unsafe"},{"MemberType":"Function","Name":"remove","Parameters":[],"ReturnType":{"Category":"Primitive","Name":"void"},"Security":"None","Tags":["Deprecated"],"ThreadSafety":"Unsafe"},{"MemberType":"Event","Name":"AncestryChanged","Parameters":[{"Name":"child","Type":{"Category":"Class","Name":"Instance"}},{"Name":"parent","Type":{"Category":"Class","Name":"Instance"}}],"Security":"None","ThreadSafety":"Unsafe"},{"MemberType":"Event","Name":"AttributeChanged","Parameters":[{"Name":"attribute","Type":{"Category":"Primitive","Name":"string"}}],"Security":"None","ThreadSafety":"Unsafe"},{"MemberType":"Event","Name":"Changed","Parameters":[{"Name":"property","Type":{"Category":"Primitive","Name":"string"}}],"Security":"None","ThreadSafety":"Unsafe"},{"MemberType":"Event","Name":"ChildAdded","Parameters":[{"Name":"child","Type":{"Category":"Class","Name":"Instance"}}],"Security":"None","ThreadSafety":"Unsafe"},{"MemberType":"Event","Name":"ChildRemoved","Parameters":[{"Name":"child","Type":{"Category":"Class","Name":"Instance"}}],"Security":"None","ThreadSafety":"Unsafe"},{"MemberType":"Event","Name":"DescendantAdded","Parameters":[{"Name":"descendant","Type":{"Category":"Class","Name":"Instance"}}],"Security":"None","ThreadSafety":"Unsafe"},{"MemberType":"Event","Name":"DescendantRemoving","Parameters":[{"Name":"descendant","Type":{"Category":"Class","Name":"Instance"}}],"Security":"None","ThreadSafety":"Unsafe"},{"MemberType":"Event","Name":"Destroying","Parameters":[],"Security":"None","ThreadSafety":"Unsafe"},{"MemberType":"Event","Name":"childAdded","Parameters":[{"Name":"child","Type":{"Category":"Class","Name":"Instance"}}],"Security":"None","Tags":["Deprecated"],"ThreadSafety":"Unsafe"}],"MemoryCategory":"Instances","Name":"Instance","Superclass":"<<<ROOT>>>","Tags":["NotCreatable","NotBrowsable"]},{"Members":[{"MemberType":"Function","Name":"ClearUserVariations","Parameters":[],"ReturnType":{"Category":"Primitive","Name":"void"},"Security":"LocalUserSecurity","ThreadSafety":"Unsafe"},{"MemberType":"Function","Name":"GetBrowserTrackerABTestLoadingStatus","Parameters":[],"ReturnType":{"Category":"Enum","Name":"ABTestLoadingStatus"},"Security":"LocalUserSecurity","ThreadSafety":"Unsafe"},{"MemberType":"Function","Name":"GetPendingOrInitializedUserId","Parameters":[],"ReturnType":{"Category":"Primitive","Name":"int64"},"Security":"LocalUserSecurity","ThreadSafety":"Unsafe"},{"MemberType":"Function","Name":"GetUserABTestLoadingStatus","Parameters":[],"ReturnType":{"Category":"Enum","Name":"ABTestLoadingStatus"},"Security":"LocalUserSecurity","ThreadSafety":"Unsafe"},{"MemberType":"Function","Name":"GetVariant","Parameters":[{"Name":"name","Type":{"Category":"Primitive","Name":"string"}}],"ReturnType":{"Category":"Primitive","Name":"string"},"Security":"LocalUserSecurity","ThreadSafety":"Unsafe"},{"MemberType":"Function","Name":"InitializeForUserId","Parameters":[{"Name":"userId","Type":{"Category":"Primitive","Name":"int64"}}],"ReturnType":{"Category":"Primitive","Name":"void"},"Security":"LocalUserSecurity","ThreadSafety":"Unsafe"},{"MemberType":"Function","Name":"WaitUntilBrowserTrackerABTestsInitialized","Parameters":[],"ReturnType":{"Category":"Primitive","Name":"void"},"Security":"LocalUserSecurity","Tags":["Yields"],"ThreadSafety":"Unsafe"},{"MemberType":"Function","Name":"WaitUntilUserABTestsInitialized","Parameters":[],"ReturnType":{"Category":"Primitive","Name":"void"},"Security":"LocalUserSecurity","Tags":["Yields"],"ThreadSafety":"Unsafe"},{"MemberType":"Event","Name":"OnBrowserTrackerABTestLoadingStatusChanged","Parameters":[{"Name":"status","Type":{"Category":"Enum","Name":"ABTestLoadingStatus"}}],"Security":"LocalUserSecurity","ThreadSafety":"Unsafe"},{"MemberType":"Event","Name":"OnUserABTestLoadingStatusChanged","Parameters":[{"Name":"status","Type":{"Category":"Enum","Name":"ABTestLoadingStatus"}},{"Name":"userId","Type":{"Category":"Primitive","Name":"int64"}}],"Security":"LocalUserSecurity","ThreadSafety":"Unsafe"}],"MemoryCategory":"Instances","Name":"ABTestService","Superclass":"Instance","Tags":["NotCreatable","Service","NotReplicated"]},{"Members":[{"Category":"Appearance","MemberType":"Property","Name":"AttachmentForward","Security":{"Read":"None","Write":"None"},"Serialization":{"CanLoad":true,"CanSave":false},"Tags":["NotReplicated"],"ThreadSafety":"ReadSafe","ValueType":{"Category":"DataType","Name":"Vector3"}},{"Category":"Appearance","MemberType":"Property","Name":"AttachmentPoint","Security":{"Read":"None","Write":"None"},"Serialization":{"CanLoad":true,"CanSave":true},"ThreadSafety":"ReadSafe","ValueType":{"Category":"DataType","Name":"CFrame"}},{"Category":"Appearance","MemberType":"Property","Name":"AttachmentPos","Security":{"Read":"None","Write":"None"},"Serialization":{"CanLoad":true,"CanSave":false},"Tags":["NotReplicated"],"ThreadSafety":"ReadSafe","ValueType":{"Category":"DataType","Name":"Vector3"}},{"Category":"Appearance","MemberType":"Property","Name":"AttachmentRight","Security":{"Read":"None","Write":"None"},"Serialization":{"CanLoad":true,"CanSave":false},"Tags":["NotReplicated"],"ThreadSafety":"ReadSafe","ValueType":{"Category":"DataType","Name":"Vector3"}},{"Category":"Appearance","MemberType":"Property","Name":"AttachmentUp","Security":{"Read":"None","Write":"None"},"Serialization":{"CanLoad":true,"CanSave":false},"Tags":["NotReplicated"],"ThreadSafety":"ReadSafe","ValueType":{"Category":"DataType","Name":"Vector3"}}],"MemoryCategory":"Instances","Name":"Accoutrement","Superclass":"Instance"},{"Members":[{"Category":"Data","MemberType":"Property","Name":"AccessoryType","Security":{"Read":"None","Write":"NotAccessibleSecurity"},"Serialization":{"CanLoad":true,"CanSave":true},"ThreadSafety":"ReadSafe","ValueType":{"Category":"Enum","Name":"AccessoryType"}}],"MemoryCategory":"Instances","Name":"Accessory","Superclass":"Accoutrement"},{"Members":[],"MemoryCategory":"Instances","Name":"Hat","Superclass":"Accoutrement","Tags":["Deprecated"]},{"Members":[{"MemberType":"Function","Name":"ShowVideoAd","Parameters":[],"ReturnType":{"Category":"Primitive","Name":"void"},"Security":"None","Tags":["Deprecated"],"ThreadSafety":"Unsafe"},{"MemberType":"Event","Name":"VideoAdClosed","Parameters":[{"Name":"adShown","Type":{"Category":"Primitive","Name":"bool"}}],"Security":"None","Tags":["Deprecated"],"ThreadSafety":"Unsafe"}],"MemoryCategory":"Instances","Name":"AdService","Superclass":"Instance","Tags":["NotCreatable","Service"]},{"Members":[],"MemoryCategory":"Instances","Name":"AdvancedDragger","Superclass":"Instance"},{"Members":[{"Category":"Data","MemberType":"Property","Name":"ApiKey","Security":{"Read":"LocalUserSecurity","Write":"LocalUserSecurity"},"Serialization":{"CanLoad":true,"CanSave":true},"Tags":["Deprecated"],"ThreadSafety":"ReadSafe","ValueType":{"Category":"Primitive","Name":"string"}},{"MemberType":"Function","Name":"FireCustomEvent","Parameters":[{"Name":"player","Type":{"Category":"Class","Name":"Instance"}},{"Name":"eventCategory","Type":{"Category":"Primitive","Name":"string"}},{"Name":"customData","Type":{"Category":"Group","Name":"Variant"}}],"ReturnType":{"Category":"Primitive","Name":"void"},"Security":"None","ThreadSafety":"Unsafe"},{"MemberType":"Function","Name":"FireEvent","Parameters":[{"Name":"category","Type":{"Category":"Primitive","Name":"string"}},{"Name":"value","Type":{"Category":"Group","Name":"Variant"}}],"ReturnType":{"Category":"Primitive","Name":"void"},"Security":"None","Tags":["Deprecated"],"ThreadSafety":"Unsafe"},{"MemberType":"Function","Name":"FireInGameEconomyEvent","Parameters":[{"Name":"player","Type":{"Category":"Class","Name":"Instance"}},{"Name":"itemName","Type":{"Category":"Primitive","Name":"string"}},{"Name":"economyAction","Type":{"Category":"Enum","Name":"AnalyticsEconomyAction"}},{"Name":"itemCategory","Type":{"Category":"Primitive","Name":"string"}},{"Name":"amount","Type":{"Category":"Primitive","Name":"int"}},{"Name":"currency","Type":{"Category":"Primitive","Name":"string"}},{"Name":"location","Type":{"Category":"Group","Name":"Variant"}},{"Name":"customData","Type":{"Category":"Group","Name":"Variant"}}],"ReturnType":{"Category":"Primitive","Name":"void"},"Security":"None","ThreadSafety":"Unsafe"},{"MemberType":"Function","Name":"FireLogEvent","Parameters":[{"Name":"player","Type":{"Category":"Class","Name":"Instance"}},{"Name":"logLevel","Type":{"Category":"Enum","Name":"AnalyticsLogLevel"}},{"Name":"message","Type":{"Category":"Primitive","Name":"string"}},{"Name":"debugInfo","Type":{"Category":"Group","Name":"Variant"}},{"Name":"customData","Type":{"Category":"Group","Name":"Variant"}}],"ReturnType":{"Category":"Primitive","Name":"void"},"Security":"None","ThreadSafety":"Unsafe"},{"MemberType":"Function","Name":"FirePlayerProgressionEvent","Parameters":[{"Name":"player","Type":{"Category":"Class","Name":"Instance"}},{"Name":"category","Type":{"Category":"Primitive","Name":"string"}},{"Name":"progressionStatus","Type":{"Category":"Enum","Name":"AnalyticsProgressionStatus"}},{"Name":"location","Type":{"Category":"Group","Name":"Variant"}},{"Name":"statistics","Type":{"Category":"Group","Name":"Variant"}},{"Name":"customData","Type":{"Category":"Group","Name":"Variant"}}],"ReturnType":{"Category":"Primitive","Name":"void"},"Security":"None","ThreadSafety":"Unsafe"}],"MemoryCategory":"Instances","Name":"AnalyticsService","Superclass":"Instance","Tags":["Service"]},{"Members":[{"Category":"Data","MemberType":"Property","Name":"AnimationId","Security":{"Read":"None","Write":"None"},"Serialization":{"CanLoad":true,"CanSave":true},"ThreadSafety":"ReadSafe","ValueType":{"Category":"DataType","Name":"Content"}}],"MemoryCategory":"Animation","Name":"Animation","Superclass":"Instance"},{"Members":[{"Category":"Data","MemberType":"Property","Name":"Loop","Security":{"Read":"None","Write":"None"},"Serialization":{"CanLoad":true,"CanSave":true},"ThreadSafety":"ReadSafe","ValueType":{"Category":"Primitive","Name":"bool"}},{"Category":"Data","MemberType":"Property","Name":"Priority","Security":{"Read":"None","Write":"None"},"Serialization":{"CanLoad":true,"CanSave":true},"ThreadSafety":"ReadSafe","ValueType":{"Category":"Enum","Name":"AnimationPriority"}}],"MemoryCategory":"Instances","Name":"AnimationClip","Superclass":"Instance","Tags":["NotCreatable"]},{"Members":[],"MemoryCategory":"Instances","Name":"CurveAnimation","Superclass":"AnimationClip"},{"Members":[{"Category":"Data","MemberType":"Property","Name":"AuthoredHipHeight","Security":{"Read":"PluginSecurity","Write":"PluginSecurity"},"Serialization":{"CanLoad":true,"CanSave":true},"Tags":["Hidden"],"ThreadSafety":"ReadSafe","ValueType":{"Category":"Primitive","Name":"float"}},{"MemberType":"Function","Name":"AddKeyframe","Parameters":[{"Name":"keyframe","Type":{"Category":"Class","Name":"Instance"}}],"ReturnType":{"Category":"Primitive","Name":"void"},"Security":"None","ThreadSafety":"Unsafe"},{"MemberType":"Function","Name":"GetKeyframes","Parameters":[],"ReturnType":{"Category":"DataType","Name":"Objects"},"Security":"None","ThreadSafety":"Unsafe"},{"MemberType":"Function","Name":"RemoveKeyframe","Parameters":[{"Name":"keyframe","Type":{"Category":"Class","Name":"Instance"}}],"ReturnType":{"Category":"Primitive","Name":"void"},"Security":"None","ThreadSafety":"Unsafe"}],"MemoryCategory":"Animation","Name":"KeyframeSequence","Superclass":"AnimationClip"},{"Members":[{"MemberType":"Function","Name":"GetAnimationClip","Parameters":[{"Name":"assetId","Type":{"Category":"DataType","Name":"Content"}}],"ReturnType":{"Category":"Class","Name":"AnimationClip"},"Security":"PluginSecurity","Tags":["Deprecated"],"ThreadSafety":"Unsafe"},{"MemberType":"Function","Name":"GetAnimationClipById","Parameters":[{"Name":"assetId","Type":{"Category":"Primitive","Name":"int64"}},{"Name":"useCache","Type":{"Category":"Primitive","Name":"bool"}}],"ReturnType":{"Category":"Class","Name":"AnimationClip"},"Security":"PluginSecurity","Tags":["Deprecated"],"ThreadSafety":"Unsafe"},{"MemberType":"Function","Name":"GetMemStats","Parameters":[],"ReturnType":{"Category":"Group","Name":"Dictionary"},"Security":"RobloxScriptSecurity","ThreadSafety":"Unsafe"},{"MemberType":"Function","Name":"RegisterActiveAnimationClip","Parameters":[{"Name":"animationClip","Type":{"Category":"Class","Name":"AnimationClip"}}],"ReturnType":{"Category":"DataType","Name":"Content"},"Security":"None","ThreadSafety":"Unsafe"},{"MemberType":"Function","Name":"RegisterAnimationClip","Parameters":[{"Name":"animationClip","Type":{"Category":"Class","Name":"AnimationClip"}}],"ReturnType":{"Category":"DataType","Name":"Content"},"Security":"None","ThreadSafety":"Unsafe"},{"MemberType":"Function","Name":"GetAnimationClipAsync","Parameters":[{"Name":"assetId","Type":{"Category":"DataType","Name":"Content"}}],"ReturnType":{"Category":"Class","Name":"AnimationClip"},"Security":"None","Tags":["Yields"],"ThreadSafety":"Unsafe"},{"MemberType":"Function","Name":"GetAnimations","Parameters":[{"Name":"userId","Type":{"Category":"Primitive","Name":"int64"}}],"ReturnType":{"Category":"Class","Name":"Instance"},"Security":"None","Tags":["Yields"],"ThreadSafety":"Unsafe"}],"MemoryCategory":"Animation","Name":"AnimationClipProvider","Superclass":"Instance","Tags":["NotCreatable","Service","NotReplicated"]},{"Members":[{"MemberType":"Function","Name":"GetPlayingAnimationTracks","Parameters":[],"ReturnType":{"Category":"Group","Name":"Array"},"Security":"None","Tags":["Deprecated"],"ThreadSafety":"Unsafe"},{"MemberType":"Function","Name":"LoadAnimation","Parameters":[{"Name":"animation","Type":{"Category":"Class","Name":"Animation"}}],"ReturnType":{"Category":"Class","Name":"AnimationTrack"},"Security":"None","Tags":["Deprecated"],"ThreadSafety":"Unsafe"},{"MemberType":"Event","Name":"AnimationPlayed","Parameters":[{"Name":"animationTrack","Type":{"Category":"Class","Name":"AnimationTrack"}}],"Security":"None","Tags":["Deprecated"],"ThreadSafety":"Unsafe"}],"MemoryCategory":"Animation","Name":"AnimationController","Superclass":"Instance"},{"Members":[{"MemberType":"Function","Name":"CreateJob","Parameters":[{"Name":"filePath","Type":{"Category":"Primitive","Name":"string"}}],"ReturnType":{"Category":"Primitive","Name":"string"},"Security":"RobloxScriptSecurity","Tags":["Yields"],"ThreadSafety":"Unsafe"},{"MemberType":"Function","Name":"DownloadJobResult","Parameters":[{"Name":"jobId","Type":{"Category":"Primitive","Name":"string"}},{"Name":"outputFilePath","Type":{"Category":"Primitive","Name":"string"}}],"ReturnType":{"Category":"Primitive","Name":"string"},"Security":"RobloxScriptSecurity","Tags":["Yields"],"ThreadSafety":"Unsafe"},{"MemberType":"Function","Name":"FullProcess","Parameters":[{"Name":"videoFilePath","Type":{"Category":"Primitive","Name":"string"}},{"Name":"progressCallback","Type":{"Category":"DataType","Name":"Function"}}],"ReturnType":{"Category":"Primitive","Name":"string"},"Security":"RobloxScriptSecurity","Tags":["Yields"],"ThreadSafety":"Unsafe"},{"MemberType":"Function","Name":"GetJobStatus","Parameters":[{"Name":"jobId","Type":{"Category":"Primitive","Name":"string"}}],"ReturnType":{"Category":"Primitive","Name":"string"},"Security":"RobloxScriptSecurity","Tags":["Yields"],"ThreadSafety":"Unsafe"}],"MemoryCategory":"Instances","Name":"AnimationFromVideoCreatorService","Superclass":"Instance","Tags":["NotCreatable","Service"]},{"Members":[{"MemberType":"Function","Name":"CreateAnimationByUploadingVideo","Parameters":[{"Name":"progressCallback","Type":{"Category":"DataType","Name":"Function"}}],"ReturnType":{"Category":"Primitive","Name":"string"},"Security":"RobloxScriptSecurity","Tags":["Yields"],"ThreadSafety":"Unsafe"},{"MemberType":"Function","Name":"ImportVideoWithPrompt","Parameters":[],"ReturnType":{"Category":"Primitive","Name":"string"},"Security":"RobloxScriptSecurity","Tags":["Yields"],"ThreadSafety":"Unsafe"}],"MemoryCategory":"Instances","Name":"AnimationFromVideoCreatorStudioService","Superclass":"Instance","Tags":["NotCreatable","Service","NotReplicated"]},{"Members":[{"MemberType":"Function","Name":"LoadFromHumanoid","Parameters":[{"Name":"humanoid","Type":{"Category":"Class","Name":"Instance"}}],"ReturnType":{"Category":"Primitive","Name":"bool"},"Security":"RobloxScriptSecurity","ThreadSafety":"Unsafe"}],"MemoryCategory":"Instances","Name":"AnimationRigData","Superclass":"Instance"},{"Members":[{"Category":"Data","MemberType":"Property","Name":"Animation","Security":{"Read":"None","Write":"None"},"Serialization":{"CanLoad":false,"CanSave":false},"Tags":["ReadOnly","NotReplicated"],"ThreadSafety":"ReadSafe","ValueType":{"Category":"Class","Name":"Animation"}},{"Category":"Data","MemberType":"Property","Name":"IsPlaying","Security":{"Read":"None","Write":"None"},"Serialization":{"CanLoad":false,"CanSave":false},"Tags":["ReadOnly","NotReplicated"],"ThreadSafety":"ReadSafe","ValueType":{"Category":"Primitive","Name":"bool"}},{"Category":"Data","MemberType":"Property","Name":"Length","Security":{"Read":"None","Write":"None"},"Serialization":{"CanLoad":false,"CanSave":false},"Tags":["ReadOnly","NotReplicated"],"ThreadSafety":"ReadSafe","ValueType":{"Category":"Primitive","Name":"float"}},{"Category":"Data","MemberType":"Property","Name":"Looped","Security":{"Read":"None","Write":"None"},"Serialization":{"CanLoad":false,"CanSave":false},"ThreadSafety":"ReadSafe","ValueType":{"Category":"Primitive","Name":"bool"}},{"Category":"Data","MemberType":"Property","Name":"Priority","Security":{"Read":"None","Write":"None"},"Serialization":{"CanLoad":true,"CanSave":true},"ThreadSafety":"ReadSafe","ValueType":{"Category":"Enum","Name":"AnimationPriority"}},{"Category":"Data","MemberType":"Property","Name":"Speed","Security":{"Read":"None","Write":"None"},"Serialization":{"CanLoad":false,"CanSave":false},"Tags":["ReadOnly","NotReplicated"],"ThreadSafety":"ReadSafe","ValueType":{"Category":"Primitive","Name":"float"}},{"Category":"Data","MemberType":"Property","Name":"TimePosition","Security":{"Read":"None","Write":"None"},"Serialization":{"CanLoad":true,"CanSave":false},"Tags":["NotReplicated"],"ThreadSafety":"ReadSafe","ValueType":{"Category":"Primitive","Name":"float"}},{"Category":"Data","MemberType":"Property","Name":"WeightCurrent","Security":{"Read":"None","Write":"None"},"Serialization":{"CanLoad":false,"CanSave":false},"Tags":["ReadOnly","NotReplicated"],"ThreadSafety":"ReadSafe","ValueType":{"Category":"Primitive","Name":"float"}},{"Category":"Data","MemberType":"Property","Name":"WeightTarget","Security":{"Read":"None","Write":"None"},"Serialization":{"CanLoad":false,"CanSave":false},"Tags":["ReadOnly","NotReplicated"],"ThreadSafety":"ReadSafe","ValueType":{"Category":"Primitive","Name":"float"}},{"MemberType":"Function","Name":"AdjustSpeed","Parameters":[{"Default":"1","Name":"speed","Type":{"Category":"Primitive","Name":"float"}}],"ReturnType":{"Category":"Primitive","Name":"void"},"Security":"None","ThreadSafety":"Unsafe"},{"MemberType":"Function","Name":"AdjustWeight","Parameters":[{"Default":"1","Name":"weight","Type":{"Category":"Primitive","Name":"float"}},{"Default":"0.100000001","Name":"fadeTime","Type":{"Category":"Primitive","Name":"float"}}],"ReturnType":{"Category":"Primitive","Name":"void"},"Security":"None","ThreadSafety":"Unsafe"},{"MemberType":"Function","Name":"GetMarkerReachedSignal","Parameters":[{"Name":"name","Type":{"Category":"Primitive","Name":"string"}}],"ReturnType":{"Category":"DataType","Name":"RBXScriptSignal"},"Security":"None","ThreadSafety":"Unsafe"},{"MemberType":"Function","Name":"GetTimeOfKeyframe","Parameters":[{"Name":"keyframeName","Type":{"Category":"Primitive","Name":"string"}}],"ReturnType":{"Category":"Primitive","Name":"double"},"Security":"None","ThreadSafety":"Unsafe"},{"MemberType":"Function","Name":"Play","Parameters":[{"Default":"0.100000001","Name":"fadeTime","Type":{"Category":"Primitive","Name":"float"}},{"Default":"1","Name":"weight","Type":{"Category":"Primitive","Name":"float"}},{"Default":"1","Name":"speed","Type":{"Category":"Primitive","Name":"float"}}],"ReturnType":{"Category":"Primitive","Name":"void"},"Security":"None","ThreadSafety":"Unsafe"},{"MemberType":"Function","Name":"Stop","Parameters":[{"Default":"0.100000001","Name":"fadeTime","Type":{"Category":"Primitive","Name":"float"}}],"ReturnType":{"Category":"Primitive","Name":"void"},"Security":"None","ThreadSafety":"Unsafe"},{"MemberType":"Event","Name":"DidLoop","Parameters":[],"Security":"None","ThreadSafety":"Unsafe"},{"MemberType":"Event","Name":"KeyframeReached","Parameters":[{"Name":"keyframeName","Type":{"Category":"Primitive","Name":"string"}}],"Security":"None","ThreadSafety":"Unsafe"},{"MemberType":"Event","Name":"Stopped","Parameters":[],"Security":"None","ThreadSafety":"Unsafe"}],"MemoryCategory":"Animation","Name":"AnimationTrack","Superclass":"Instance","Tags":["NotCreatable"]},{"Members":[{"MemberType":"Function","Name":"ApplyJointVelocities","Parameters":[{"Name":"motors","Type":{"Category":"Group","Name":"Variant"}}],"ReturnType":{"Category":"Primitive","Name":"void"},"Security":"None","ThreadSafety":"Unsafe"},{"MemberType":"Function","Name":"GetPlayingAnimationTracks","Parameters":[],"ReturnType":{"Category":"Group","Name":"Array"},"Security":"None","ThreadSafety":"Unsafe"},{"MemberType":"Function","Name":"LoadAnimation","Parameters":[{"Name":"animation","Type":{"Category":"Class","Name":"Animation"}}],"ReturnType":{"Category":"Class","Name":"AnimationTrack"},"Security":"None","ThreadSafety":"Unsafe"},{"MemberType":"Function","Name":"StepAnimations","Parameters":[{"Name":"deltaTime","Type":{"Category":"Primitive","Name":"float"}}],"ReturnType":{"Category":"Primitive","Name":"void"},"Security":"PluginSecurity","ThreadSafety":"Unsafe"},{"MemberType":"Event","Name":"AnimationPlayed","Parameters":[{"Name":"animationTrack","Type":{"Category":"Class","Name":"AnimationTrack"}}],"Security":"None","ThreadSafety":"Unsafe"}],"MemoryCategory":"Instances","Name":"Animator","Superclass":"Instance"},{"Members":[{"MemberType":"Function","Name":"CheckForUpdate","Parameters":[{"Default":"nil","Name":"handler","Type":{"Category":"DataType","Name":"Function"}}],"ReturnType":{"Category":"Primitive","Name":"void"},"Security":"RobloxScriptSecurity","ThreadSafety":"Unsafe"},{"MemberType":"Function","Name":"DisableDUAR","Parameters":[],"ReturnType":{"Category":"Primitive","Name":"void"},"Security":"RobloxScriptSecurity","ThreadSafety":"Unsafe"},{"MemberType":"Function","Name":"DisableDUARAndOpenSurvey","Parameters":[{"Name":"surveyUrl","Type":{"Category":"Primitive","Name":"string"}}],"ReturnType":{"Category":"Primitive","Name":"void"},"Security":"RobloxScriptSecurity","ThreadSafety":"Unsafe"},{"MemberType":"Function","Name":"PerformManagedUpdate","Parameters":[],"ReturnType":{"Category":"Primitive","Name":"bool"},"Security":"RobloxScriptSecurity","ThreadSafety":"Unsafe"}],"MemoryCategory":"Instances","Name":"AppUpdateService","Superclass":"Instance","Tags":["NotCreatable","Service","NotReplicated"]},{"Members":[],"MemoryCategory":"Instances","Name":"AssetCounterService","Superclass":"Instance","Tags":["NotCreatable","Service","NotReplicated"]},{"Members":[],"MemoryCategory":"Instances","Name":"AssetDeliveryProxy","Superclass":"Instance","Tags":["NotCreatable","Service","NotReplicated"]},{"Members":[{"MemberType":"Function","Name":"GetCurrentImportMap","Parameters":[],"ReturnType":{"Category":"Group","Name":"Dictionary"},"Security":"RobloxScriptSecurity","ThreadSafety":"Unsafe"},{"MemberType":"Function","Name":"ImportMesh","Parameters":[{"Name":"fileName","Type":{"Category":"Primitive","Name":"string"}}],"ReturnType":{"Category":"Group","Name":"Tuple"},"Security":"RobloxScriptSecurity","ThreadSafety":"Unsafe"},{"MemberType":"Function","Name":"IsAvatar","Parameters":[],"ReturnType":{"Category":"Primitive","Name":"bool"},"Security":"RobloxScriptSecurity","ThreadSafety":"Unsafe"},{"MemberType":"Function","Name":"Upload","Parameters":[],"ReturnType":{"Category":"Primitive","Name":"void"},"Security":"RobloxScriptSecurity","ThreadSafety":"Unsafe"},{"MemberType":"Function","Name":"ImportMeshWithPrompt","Parameters":[],"ReturnType":{"Category":"Group","Name":"Tuple"},"Security":"RobloxScriptSecurity","Tags":["Yields"],"ThreadSafety":"Unsafe"},{"MemberType":"Event","Name":"ProgressUpdate","Parameters":[{"Name":"progressRatio","Type":{"Category":"Primitive","Name":"float"}}],"Security":"None","ThreadSafety":"Unsafe"},{"MemberType":"Event","Name":"UploadFinished","Parameters":[{"Name":"succeeded","Type":{"Category":"Primitive","Name":"bool"}},{"Name":"errorMap","Type":{"Category":"Group","Name":"Dictionary"}}],"Security":"None","ThreadSafety":"Unsafe"}],"MemoryCategory":"Instances","Name":"AssetImportService","Superclass":"Instance","Tags":["NotCreatable","Service","NotReplicated"]},{"Members":[{"MemberType":"Function","Name":"GetMeshIdFromAliasName","Parameters":[{"Name":"aliasName","Type":{"Category":"Primitive","Name":"string"}}],"ReturnType":{"Category":"Primitive","Name":"int64"},"Security":"RobloxScriptSecurity","ThreadSafety":"Unsafe"},{"MemberType":"Function","Name":"GetMeshIdFromAssetId","Parameters":[{"Name":"assetId","Type":{"Category":"Primitive","Name":"int64"}}],"ReturnType":{"Category":"Primitive","Name":"int64"},"Security":"RobloxScriptSecurity","ThreadSafety":"Unsafe"},{"MemberType":"Function","Name":"GetTextureIdFromAliasName","Parameters":[{"Name":"aliasName","Type":{"Category":"Primitive","Name":"string"}}],"ReturnType":{"Category":"Primitive","Name":"int64"},"Security":"RobloxScriptSecurity","ThreadSafety":"Unsafe"},{"MemberType":"Function","Name":"GetTextureIdFromAssetId","Parameters":[{"Name":"assetId","Type":{"Category":"Primitive","Name":"int64"}}],"ReturnType":{"Category":"Primitive","Name":"int64"},"Security":"RobloxScriptSecurity","ThreadSafety":"Unsafe"},{"MemberType":"Function","Name":"HasUnpublishedChangesForLinkedSource","Parameters":[{"Name":"aliasName","Type":{"Category":"Primitive","Name":"string"}}],"ReturnType":{"Category":"Primitive","Name":"bool"},"Security":"RobloxScriptSecurity","ThreadSafety":"Unsafe"},{"MemberType":"Function","Name":"InsertAudio","Parameters":[{"Name":"assetId","Type":{"Category":"Primitive","Name":"int64"}},{"Name":"assetName","Type":{"Category":"Primitive","Name":"string"}}],"ReturnType":{"Category":"Primitive","Name":"void"},"Security":"RobloxScriptSecurity","ThreadSafety":"Unsafe"},{"MemberType":"Function","Name":"InsertImage","Parameters":[{"Name":"assetId","Type":{"Category":"Primitive","Name":"int64"}}],"ReturnType":{"Category":"Primitive","Name":"void"},"Security":"RobloxScriptSecurity","ThreadSafety":"Unsafe"},{"MemberType":"Function","Name":"InsertLinkedSourceAsLocalScript","Parameters":[{"Name":"aliasName","Type":{"Category":"Primitive","Name":"string"}}],"ReturnType":{"Category":"Primitive","Name":"void"},"Security":"RobloxScriptSecurity","ThreadSafety":"Unsafe"},{"MemberType":"Function","Name":"InsertLinkedSourceAsModuleScript","Parameters":[{"Name":"aliasName","Type":{"Category":"Primitive","Name":"string"}}],"ReturnType":{"Category":"Primitive","Name":"void"},"Security":"RobloxScriptSecurity","ThreadSafety":"Unsafe"},{"MemberType":"Function","Name":"InsertLinkedSourceAsScript","Parameters":[{"Name":"aliasName","Type":{"Category":"Primitive","Name":"string"}}],"ReturnType":{"Category":"Primitive","Name":"void"},"Security":"RobloxScriptSecurity","ThreadSafety":"Unsafe"},{"MemberType":"Function","Name":"InsertMesh","Parameters":[{"Name":"aliasName","Type":{"Category":"Primitive","Name":"string"}},{"Name":"insertWithLocation","Type":{"Category":"Primitive","Name":"bool"}}],"ReturnType":{"Category":"Primitive","Name":"void"},"Security":"RobloxScriptSecurity","ThreadSafety":"Unsafe"},{"MemberType":"Function","Name":"InsertMeshesWithLocation","Parameters":[{"Name":"aliasNames","Type":{"Category":"Group","Name":"Array"}}],"ReturnType":{"Category":"Primitive","Name":"void"},"Security":"RobloxScriptSecurity","ThreadSafety":"Unsafe"},{"MemberType":"Function","Name":"InsertModel","Parameters":[{"Name":"modelId","Type":{"Category":"Primitive","Name":"int64"}}],"ReturnType":{"Category":"Primitive","Name":"void"},"Security":"RobloxScriptSecurity","ThreadSafety":"Unsafe"},{"MemberType":"Function","Name":"InsertPackage","Parameters":[{"Name":"packageId","Type":{"Category":"Primitive","Name":"int64"}}],"ReturnType":{"Category":"Primitive","Name":"void"},"Security":"RobloxScriptSecurity","ThreadSafety":"Unsafe"},{"MemberType":"Function","Name":"InsertVideo","Parameters":[{"Name":"assetId","Type":{"Category":"Primitive","Name":"int64"}},{"Name":"assetName","Type":{"Category":"Primitive","Name":"string"}}],"ReturnType":{"Category":"Primitive","Name":"void"},"Security":"RobloxScriptSecurity","ThreadSafety":"Unsafe"},{"MemberType":"Function","Name":"OpenLinkedSource","Parameters":[{"Name":"aliasName","Type":{"Category":"Primitive","Name":"string"}}],"ReturnType":{"Category":"Primitive","Name":"void"},"Security":"RobloxScriptSecurity","ThreadSafety":"Unsafe"},{"MemberType":"Function","Name":"OpenPlace","Parameters":[{"Name":"placeId","Type":{"Category":"Primitive","Name":"int64"}}],"ReturnType":{"Category":"Primitive","Name":"void"},"Security":"RobloxScriptSecurity","ThreadSafety":"Unsafe"},{"MemberType":"Function","Name":"RefreshLinkedSource","Parameters":[{"Name":"aliasName","Type":{"Category":"Primitive","Name":"string"}}],"ReturnType":{"Category":"Primitive","Name":"void"},"Security":"RobloxScriptSecurity","ThreadSafety":"Unsafe"},{"MemberType":"Function","Name":"RevertLinkedSourceToLastPublishedVersion","Parameters":[{"Name":"aliasName","Type":{"Category":"Primitive","Name":"string"}}],"ReturnType":{"Category":"Primitive","Name":"void"},"Security":"RobloxScriptSecurity","ThreadSafety":"Unsafe"},{"MemberType":"Function","Name":"ShowPackageDetails","Parameters":[{"Name":"packageId","Type":{"Category":"Primitive","Name":"int64"}}],"ReturnType":{"Category":"Primitive","Name":"void"},"Security":"RobloxScriptSecurity","ThreadSafety":"Unsafe"},{"MemberType":"Function","Name":"UpdateAllPackages","Parameters":[{"Name":"packageId","Type":{"Category":"Primitive","Name":"int64"}}],"ReturnType":{"Category":"Primitive","Name":"void"},"Security":"RobloxScriptSecurity","ThreadSafety":"Unsafe"},{"MemberType":"Function","Name":"ViewPackageOnWebsite","Parameters":[{"Name":"packageId","Type":{"Category":"Primitive","Name":"int64"}}],"ReturnType":{"Category":"Primitive","Name":"void"},"Security":"RobloxScriptSecurity","ThreadSafety":"Unsafe"},{"MemberType":"Function","Name":"AddNewPlace","Parameters":[],"ReturnType":{"Category":"Primitive","Name":"int64"},"Security":"RobloxScriptSecurity","Tags":["Yields"],"ThreadSafety":"Unsafe"},{"MemberType":"Function","Name":"CreateAlias","Parameters":[{"Name":"assetType","Type":{"Category":"Primitive","Name":"int"}},{"Name":"assetId","Type":{"Category":"Primitive","Name":"int64"}},{"Name":"aliasName","Type":{"Category":"Primitive","Name":"string"}}],"ReturnType":{"Category":"Primitive","Name":"void"},"Security":"RobloxScriptSecurity","Tags":["Yields"],"ThreadSafety":"Unsafe"},{"MemberType":"Function","Name":"DeleteAlias","Parameters":[{"Name":"aliasName","Type":{"Category":"Primitive","Name":"string"}}],"ReturnType":{"Category":"Primitive","Name":"void"},"Security":"RobloxScriptSecurity","Tags":["Yields"],"ThreadSafety":"Unsafe"},{"MemberType":"Function","Name":"PublishLinkedSource","Parameters":[{"Name":"assetId","Type":{"Category":"Primitive","Name":"int64"}},{"Name":"aliasName","Type":{"Category":"Primitive","Name":"string"}}],"ReturnType":{"Category":"Primitive","Name":"void"},"Security":"RobloxScriptSecurity","Tags":["Yields"],"ThreadSafety":"Unsafe"},{"MemberType":"Function","Name":"RemovePlace","Parameters":[{"Name":"placeId","Type":{"Category":"Primitive","Name":"int64"}}],"ReturnType":{"Category":"Primitive","Name":"void"},"Security":"RobloxScriptSecurity","Tags":["Yields"],"ThreadSafety":"Unsafe"},{"MemberType":"Function","Name":"RenameAlias","Parameters":[{"Name":"assetType","Type":{"Category":"Primitive","Name":"int"}},{"Name":"assetId","Type":{"Category":"Primitive","Name":"int64"}},{"Name":"oldAliasName","Type":{"Category":"Primitive","Name":"string"}},{"Name":"newAliasName","Type":{"Category":"Primitive","Name":"string"}}],"ReturnType":{"Category":"Primitive","Name":"void"},"Security":"RobloxScriptSecurity","Tags":["Yields"],"ThreadSafety":"Unsafe"},{"MemberType":"Function","Name":"RenameModel","Parameters":[{"Name":"modelId","Type":{"Category":"Primitive","Name":"int64"}},{"Name":"newName","Type":{"Category":"Primitive","Name":"string"}}],"ReturnType":{"Category":"Primitive","Name":"void"},"Security":"RobloxScriptSecurity","Tags":["Yields"],"ThreadSafety":"Unsafe"},{"MemberType":"Function","Name":"RenamePlace","Parameters":[{"Name":"placeId","Type":{"Category":"Primitive","Name":"int64"}},{"Name":"newName","Type":{"Category":"Primitive","Name":"string"}}],"ReturnType":{"Category":"Primitive","Name":"void"},"Security":"RobloxScriptSecurity","Tags":["Yields"],"ThreadSafety":"Unsafe"},{"MemberType":"Event","Name":"AssetImportedSignal","Parameters":[{"Name":"assetType","Type":{"Category":"Enum","Name":"AssetType"}},{"Name":"assetId","Type":{"Category":"Primitive","Name":"string"}},{"Name":"assetName","Type":{"Category":"Primitive","Name":"int64"}}],"Security":"RobloxScriptSecurity","ThreadSafety":"Unsafe"},{"MemberType":"Event","Name":"ImportSessionFinished","Parameters":[],"Security":"RobloxScriptSecurity","ThreadSafety":"Unsafe"},{"MemberType":"Event","Name":"ImportSessionStarted","Parameters":[],"Security":"RobloxScriptSecurity","ThreadSafety":"Unsafe"},{"MemberType":"Event","Name":"MayBeLinkedSourceModified","Parameters":[{"Name":"aliasName","Type":{"Category":"Primitive","Name":"string"}}],"Security":"RobloxScriptSecurity","ThreadSafety":"Unsafe"}],"MemoryCategory":"Instances","Name":"AssetManagerService","Superclass":"Instance","Tags":["NotCreatable","Service","NotReplicated"]},{"Members":[{"MemberType":"Function","Name":"GetBundleDetailsSync","Parameters":[{"Name":"bundleId","Type":{"Category":"Primitive","Name":"int64"}}],"ReturnType":{"Category":"Group","Name":"Dictionary"},"Security":"RobloxScriptSecurity","ThreadSafety":"Unsafe"},{"MemberType":"Function","Name":"CreatePlaceAsync","Parameters":[{"Name":"placeName","Type":{"Category":"Primitive","Name":"string"}},{"Name":"templatePlaceID","Type":{"Category":"Primitive","Name":"int64"}},{"Default":"","Name":"description","Type":{"Category":"Primitive","Name":"string"}}],"ReturnType":{"Category":"Primitive","Name":"int64"},"Security":"None","Tags":["Yields"],"ThreadSafety":"Unsafe"},{"MemberType":"Function","Name":"CreatePlaceInPlayerInventoryAsync","Parameters":[{"Name":"player","Type":{"Category":"Class","Name":"Instance"}},{"Name":"placeName","Type":{"Category":"Primitive","Name":"string"}},{"Name":"templatePlaceID","Type":{"Category":"Primitive","Name":"int64"}},{"Default":"","Name":"description","Type":{"Category":"Primitive","Name":"string"}}],"ReturnType":{"Category":"Primitive","Name":"int64"},"Security":"None","Tags":["Yields"],"ThreadSafety":"Unsafe"},{"MemberType":"Function","Name":"GetAssetIdsForPackage","Parameters":[{"Name":"packageAssetId","Type":{"Category":"Primitive","Name":"int64"}}],"ReturnType":{"Category":"Group","Name":"Array"},"Security":"None","Tags":["Yields"],"ThreadSafety":"Unsafe"},{"MemberType":"Function","Name":"GetAssetThumbnailAsync","Parameters":[{"Name":"assetId","Type":{"Category":"Primitive","Name":"int64"}},{"Name":"thumbnailSize","Type":{"Category":"DataType","Name":"Vector2"}},{"Default":"0","Name":"assetType","Type":{"Category":"Primitive","Name":"int"}}],"ReturnType":{"Category":"Group","Name":"Tuple"},"Security":"RobloxScriptSecurity","Tags":["Yields"],"ThreadSafety":"Unsafe"},{"MemberType":"Function","Name":"GetBundleDetailsAsync","Parameters":[{"Name":"bundleId","Type":{"Category":"Primitive","Name":"int64"}}],"ReturnType":{"Category":"Group","Name":"Dictionary"},"Security":"None","Tags":["Yields"],"ThreadSafety":"Unsafe"},{"MemberType":"Function","Name":"GetCreatorAssetID","Parameters":[{"Name":"creationID","Type":{"Category":"Primitive","Name":"int64"}}],"ReturnType":{"Category":"Primitive","Name":"int64"},"Security":"None","Tags":["Yields","Deprecated"],"ThreadSafety":"Unsafe"},{"MemberType":"Function","Name":"GetGamePlacesAsync","Parameters":[],"ReturnType":{"Category":"Class","Name":"Instance"},"Security":"None","Tags":["Yields"],"ThreadSafety":"Unsafe"},{"MemberType":"Function","Name":"SavePlaceAsync","Parameters":[],"ReturnType":{"Category":"Primitive","Name":"void"},"Security":"None","Tags":["Yields"],"ThreadSafety":"Unsafe"}],"MemoryCategory":"Instances","Name":"AssetService","Superclass":"Instance","Tags":["NotCreatable","Service"]},{"Members":[{"Category":"State","MemberType":"Property","Name":"Color","Security":{"Read":"None","Write":"None"},"Serialization":{"CanLoad":true,"CanSave":true},"ThreadSafety":"ReadSafe","ValueType":{"Category":"DataType","Name":"Color3"}},{"Category":"State","MemberType":"Property","Name":"Decay","Security":{"Read":"None","Write":"None"},"Serialization":{"CanLoad":true,"CanSave":true},"ThreadSafety":"ReadSafe","ValueType":{"Category":"DataType","Name":"Color3"}},{"Category":"Appearance","MemberType":"Property","Name":"Density","Security":{"Read":"None","Write":"None"},"Serialization":{"CanLoad":true,"CanSave":true},"ThreadSafety":"ReadSafe","ValueType":{"Category":"Primitive","Name":"float"}},{"Category":"State","MemberType":"Property","Name":"Glare","Security":{"Read":"None","Write":"None"},"Serialization":{"CanLoad":true,"CanSave":true},"ThreadSafety":"ReadSafe","ValueType":{"Category":"Primitive","Name":"float"}},{"Category":"State","MemberType":"Property","Name":"Haze","Security":{"Read":"None","Write":"None"},"Serialization":{"CanLoad":true,"CanSave":true},"ThreadSafety":"ReadSafe","ValueType":{"Category":"Primitive","Name":"float"}},{"Category":"Appearance","MemberType":"Property","Name":"Offset","Security":{"Read":"None","Write":"None"},"Serialization":{"CanLoad":true,"CanSave":true},"ThreadSafety":"ReadSafe","ValueType":{"Category":"Primitive","Name":"float"}}],"MemoryCategory":"Instances","Name":"Atmosphere","Superclass":"Instance"},{"Members":[{"Category":"Derived Data","MemberType":"Property","Name":"Axis","Security":{"Read":"None","Write":"None"},"Serialization":{"CanLoad":true,"CanSave":false},"Tags":["NotReplicated"],"ThreadSafety":"ReadSafe","ValueType":{"Category":"DataType","Name":"Vector3"}},{"Category":"Data","MemberType":"Property","Name":"CFrame","Security":{"Read":"None","Write":"None"},"Serialization":{"CanLoad":true,"CanSave":true},"ThreadSafety":"ReadSafe","ValueType":{"Category":"DataType","Name":"CFrame"}},{"Category":"Data","MemberType":"Property","Name":"Orientation","Security":{"Read":"None","Write":"None"},"Serialization":{"CanLoad":true,"CanSave":false},"Tags":["NotReplicated"],"ThreadSafety":"ReadSafe","ValueType":{"Category":"DataType","Name":"Vector3"}},{"Category":"Data","MemberType":"Property","Name":"Position","Security":{"Read":"None","Write":"None"},"Serialization":{"CanLoad":true,"CanSave":false},"Tags":["NotReplicated"],"ThreadSafety":"ReadSafe","ValueType":{"Category":"DataType","Name":"Vector3"}},{"Category":"Data","MemberType":"Property","Name":"Rotation","Security":{"Read":"None","Write":"None"},"Serialization":{"CanLoad":false,"CanSave":false},"Tags":["Hidden","NotReplicated","Deprecated"],"ThreadSafety":"ReadSafe","ValueType":{"Category":"DataType","Name":"Vector3"}},{"Category":"Derived Data","MemberType":"Property","Name":"SecondaryAxis","Security":{"Read":"None","Write":"None"},"Serialization":{"CanLoad":true,"CanSave":false},"Tags":["NotReplicated"],"ThreadSafety":"ReadSafe","ValueType":{"Category":"DataType","Name":"Vector3"}},{"Category":"Appearance","MemberType":"Property","Name":"Visible","Security":{"Read":"None","Write":"None"},"Serialization":{"CanLoad":true,"CanSave":true},"ThreadSafety":"ReadSafe","ValueType":{"Category":"Primitive","Name":"bool"}},{"Category":"Derived World Data","MemberType":"Property","Name":"WorldAxis","Security":{"Read":"None","Write":"None"},"Serialization":{"CanLoad":true,"CanSave":false},"Tags":["NotReplicated"],"ThreadSafety":"ReadSafe","ValueType":{"Category":"DataType","Name":"Vector3"}},{"Category":"Derived World Data","MemberType":"Property","Name":"WorldCFrame","Security":{"Read":"None","Write":"None"},"Serialization":{"CanLoad":true,"CanSave":false},"Tags":["NotReplicated"],"ThreadSafety":"ReadSafe","ValueType":{"Category":"DataType","Name":"CFrame"}},{"Category":"Derived World Data","MemberType":"Property","Name":"WorldOrientation","Security":{"Read":"None","Write":"None"},"Serialization":{"CanLoad":true,"CanSave":false},"Tags":["NotReplicated"],"ThreadSafety":"ReadSafe","ValueType":{"Category":"DataType","Name":"Vector3"}},{"Category":"Derived World Data","MemberType":"Property","Name":"WorldPosition","Security":{"Read":"None","Write":"None"},"Serialization":{"CanLoad":true,"CanSave":false},"Tags":["NotReplicated"],"ThreadSafety":"ReadSafe","ValueType":{"Category":"DataType","Name":"Vector3"}},{"Category":"Derived Data","MemberType":"Property","Name":"WorldRotation","Security":{"Read":"None","Write":"None"},"Serialization":{"CanLoad":false,"CanSave":false},"Tags":["Hidden","ReadOnly","NotReplicated","Deprecated"],"ThreadSafety":"ReadSafe","ValueType":{"Category":"DataType","Name":"Vector3"}},{"Category":"Derived World Data","MemberType":"Property","Name":"WorldSecondaryAxis","Security":{"Read":"None","Write":"None"},"Serialization":{"CanLoad":true,"CanSave":false},"Tags":["NotReplicated"],"ThreadSafety":"ReadSafe","ValueType":{"Category":"DataType","Name":"Vector3"}},{"MemberType":"Function","Name":"GetAxis","Parameters":[],"ReturnType":{"Category":"DataType","Name":"Vector3"},"Security":"None","Tags":["Deprecated"],"ThreadSafety":"Unsafe"},{"MemberType":"Function","Name":"GetSecondaryAxis","Parameters":[],"ReturnType":{"Category":"DataType","Name":"Vector3"},"Security":"None","Tags":["Deprecated"],"ThreadSafety":"Unsafe"},{"MemberType":"Function","Name":"SetAxis","Parameters":[{"Name":"axis","Type":{"Category":"DataType","Name":"Vector3"}}],"ReturnType":{"Category":"Primitive","Name":"void"},"Security":"None","Tags":["Deprecated"],"ThreadSafety":"Unsafe"},{"MemberType":"Function","Name":"SetSecondaryAxis","Parameters":[{"Name":"axis","Type":{"Category":"DataType","Name":"Vector3"}}],"ReturnType":{"Category":"Primitive","Name":"void"},"Security":"None","Tags":["Deprecated"],"ThreadSafety":"Unsafe"}],"MemoryCategory":"Instances","Name":"Attachment","Superclass":"Instance"},{"Members":[{"Category":"Data","MemberType":"Property","Name":"IsCFrameDriven","Security":{"Read":"RobloxScriptSecurity","Write":"RobloxScriptSecurity"},"Serialization":{"CanLoad":false,"CanSave":false},"Tags":["Hidden","ReadOnly","NotReplicated"],"ThreadSafety":"ReadSafe","ValueType":{"Category":"Primitive","Name":"bool"}},{"Category":"Data","MemberType":"Property","Name":"Transform","Security":{"Read":"None","Write":"None"},"Serialization":{"CanLoad":true,"CanSave":false},"Tags":["NotReplicated"],"ThreadSafety":"ReadSafe","ValueType":{"Category":"DataType","Name":"CFrame"}},{"Category":"Data","MemberType":"Property","Name":"TransformedCFrame","Security":{"Read":"None","Write":"None"},"Serialization":{"CanLoad":false,"CanSave":false},"Tags":["ReadOnly","NotReplicated"],"ThreadSafety":"ReadSafe","ValueType":{"Category":"DataType","Name":"CFrame"}},{"Category":"Data","MemberType":"Property","Name":"TransformedWorldCFrame","Security":{"Read":"None","Write":"None"},"Serialization":{"CanLoad":false,"CanSave":false},"Tags":["ReadOnly","NotReplicated"],"ThreadSafety":"ReadSafe","ValueType":{"Category":"DataType","Name":"CFrame"}}],"MemoryCategory":"Instances","Name":"Bone","Superclass":"Attachment"},{"Members":[{"MemberType":"Function","Name":"NoPromptCreateOutfit","Parameters":[{"Name":"humanoidDescription","Type":{"Category":"Class","Name":"HumanoidDescription"}},{"Name":"rigType","Type":{"Category":"Enum","Name":"HumanoidRigType"}},{"Name":"name","Type":{"Category":"Primitive","Name":"string"}}],"ReturnType":{"Category":"Primitive","Name":"bool"},"Security":"RobloxScriptSecurity","ThreadSafety":"Unsafe"},{"MemberType":"Function","Name":"NoPromptDeleteOutfit","Parameters":[{"Name":"outfitId","Type":{"Category":"Primitive","Name":"int64"}}],"ReturnType":{"Category":"Primitive","Name":"bool"},"Security":"RobloxScriptSecurity","ThreadSafety":"Unsafe"},{"MemberType":"Function","Name":"NoPromptRenameOutfit","Parameters":[{"Name":"outfitId","Type":{"Category":"Primitive","Name":"int64"}},{"Name":"name","Type":{"Category":"Primitive","Name":"string"}}],"ReturnType":{"Category":"Primitive","Name":"bool"},"Security":"RobloxScriptSecurity","ThreadSafety":"Unsafe"},{"MemberType":"Function","Name":"NoPromptSaveAvatar","Parameters":[{"Name":"humanoidDescription","Type":{"Category":"Class","Name":"HumanoidDescription"}},{"Name":"rigType","Type":{"Category":"Enum","Name":"HumanoidRigType"}},{"Name":"saveDict","Type":{"Category":"Group","Name":"Dictionary"}},{"Default":"0","Name":"gearAssetId","Type":{"Category":"Primitive","Name":"int64"}}],"ReturnType":{"Category":"Primitive","Name":"bool"},"Security":"RobloxScriptSecurity","ThreadSafety":"Unsafe"},{"MemberType":"Function","Name":"NoPromptSetFavorite","Parameters":[{"Name":"itemId","Type":{"Category":"Primitive","Name":"int64"}},{"Name":"itemType","Type":{"Category":"Enum","Name":"AvatarItemType"}},{"Name":"shouldFavorite","Type":{"Category":"Primitive","Name":"bool"}}],"ReturnType":{"Category":"Primitive","Name":"bool"},"Security":"RobloxScriptSecurity","ThreadSafety":"Unsafe"},{"MemberType":"Function","Name":"NoPromptUpdateOutfit","Parameters":[{"Name":"outfitId","Type":{"Category":"Primitive","Name":"int64"}},{"Name":"humanoidDescription","Type":{"Category":"Class","Name":"HumanoidDescription"}},{"Name":"rigType","Type":{"Category":"Enum","Name":"HumanoidRigType"}}],"ReturnType":{"Category":"Primitive","Name":"bool"},"Security":"RobloxScriptSecurity","ThreadSafety":"Unsafe"},{"MemberType":"Function","Name":"PerformCreateOutfitWithDescription","Parameters":[{"Name":"humanoidDescription","Type":{"Category":"Class","Name":"HumanoidDescription"}},{"Name":"name","Type":{"Category":"Primitive","Name":"string"}}],"ReturnType":{"Category":"Primitive","Name":"void"},"Security":"RobloxScriptSecurity","ThreadSafety":"Unsafe"},{"MemberType":"Function","Name":"PerformDeleteOutfit","Parameters":[],"ReturnType":{"Category":"Primitive","Name":"void"},"Security":"RobloxScriptSecurity","ThreadSafety":"Unsafe"},{"MemberType":"Function","Name":"PerformRenameOutfit","Parameters":[{"Name":"name","Type":{"Category":"Primitive","Name":"string"}}],"ReturnType":{"Category":"Primitive","Name":"void"},"Security":"RobloxScriptSecurity","ThreadSafety":"Unsafe"},{"MemberType":"Function","Name":"PerformSaveAvatarWithDescription","Parameters":[{"Name":"humanoidDescription","Type":{"Category":"Class","Name":"HumanoidDescription"}},{"Name":"addedAssets","Type":{"Category":"Group","Name":"Array"}},{"Name":"removedAssets","Type":{"Category":"Group","Name":"Array"}}],"ReturnType":{"Category":"Primitive","Name":"void"},"Security":"RobloxScriptSecurity","ThreadSafety":"Unsafe"},{"MemberType":"Function","Name":"PerformSetFavorite","Parameters":[],"ReturnType":{"Category":"Primitive","Name":"void"},"Security":"RobloxScriptSecurity","ThreadSafety":"Unsafe"},{"MemberType":"Function","Name":"PerformUpdateOutfit","Parameters":[{"Name":"humanoidDescription","Type":{"Category":"Class","Name":"HumanoidDescription"}}],"ReturnType":{"Category":"Primitive","Name":"void"},"Security":"RobloxScriptSecurity","ThreadSafety":"Unsafe"},{"MemberType":"Function","Name":"PromptAllowInventoryReadAccess","Parameters":[],"ReturnType":{"Category":"Primitive","Name":"void"},"Security":"None","ThreadSafety":"Unsafe"},{"MemberType":"Function","Name":"PromptCreateOutfit","Parameters":[{"Name":"outfit","Type":{"Category":"Class","Name":"HumanoidDescription"}},{"Name":"rigType","Type":{"Category":"Enum","Name":"HumanoidRigType"}}],"ReturnType":{"Category":"Primitive","Name":"void"},"Security":"None","ThreadSafety":"Unsafe"},{"MemberType":"Function","Name":"PromptDeleteOutfit","Parameters":[{"Name":"outfitId","Type":{"Category":"Primitive","Name":"int64"}}],"ReturnType":{"Category":"Primitive","Name":"void"},"Security":"None","ThreadSafety":"Unsafe"},{"MemberType":"Function","Name":"PromptRenameOutfit","Parameters":[{"Name":"outfitId","Type":{"Category":"Primitive","Name":"int64"}}],"ReturnType":{"Category":"Primitive","Name":"void"},"Security":"None","ThreadSafety":"Unsafe"},{"MemberType":"Function","Name":"PromptSaveAvatar","Parameters":[{"Name":"humanoidDescription","Type":{"Category":"Class","Name":"HumanoidDescription"}},{"Name":"rigType","Type":{"Category":"Enum","Name":"HumanoidRigType"}}],"ReturnType":{"Category":"Primitive","Name":"void"},"Security":"None","ThreadSafety":"Unsafe"},{"MemberType":"Function","Name":"PromptSetFavorite","Parameters":[{"Name":"itemId","Type":{"Category":"Primitive","Name":"int64"}},{"Name":"itemType","Type":{"Category":"Enum","Name":"AvatarItemType"}},{"Name":"shouldFavorite","Type":{"Category":"Primitive","Name":"bool"}}],"ReturnType":{"Category":"Primitive","Name":"void"},"Security":"None","ThreadSafety":"Unsafe"},{"MemberType":"Function","Name":"PromptUpdateOutfit","Parameters":[{"Name":"outfitId","Type":{"Category":"Primitive","Name":"int64"}},{"Name":"updatedOutfit","Type":{"Category":"Class","Name":"HumanoidDescription"}},{"Name":"rigType","Type":{"Category":"Enum","Name":"HumanoidRigType"}}],"ReturnType":{"Category":"Primitive","Name":"void"},"Security":"None","ThreadSafety":"Unsafe"},{"MemberType":"Function","Name":"SetAllowInventoryReadAccess","Parameters":[{"Name":"inventoryReadAccessGranted","Type":{"Category":"Primitive","Name":"bool"}}],"ReturnType":{"Category":"Primitive","Name":"void"},"Security":"RobloxScriptSecurity","ThreadSafety":"Unsafe"},{"MemberType":"Function","Name":"SignalCreateOutfitFailed","Parameters":[],"ReturnType":{"Category":"Primitive","Name":"void"},"Security":"RobloxScriptSecurity","ThreadSafety":"Unsafe"},{"MemberType":"Function","Name":"SignalCreateOutfitPermissionDenied","Parameters":[],"ReturnType":{"Category":"Primitive","Name":"void"},"Security":"RobloxScriptSecurity","ThreadSafety":"Unsafe"},{"MemberType":"Function","Name":"SignalDeleteOutfitFailed","Parameters":[],"ReturnType":{"Category":"Primitive","Name":"void"},"Security":"RobloxScriptSecurity","ThreadSafety":"Unsafe"},{"MemberType":"Function","Name":"SignalDeleteOutfitPermissionDenied","Parameters":[],"ReturnType":{"Category":"Primitive","Name":"void"},"Security":"RobloxScriptSecurity","ThreadSafety":"Unsafe"},{"MemberType":"Function","Name":"SignalRenameOutfitFailed","Parameters":[],"ReturnType":{"Category":"Primitive","Name":"void"},"Security":"RobloxScriptSecurity","ThreadSafety":"Unsafe"},{"MemberType":"Function","Name":"SignalRenameOutfitPermissionDenied","Parameters":[],"ReturnType":{"Category":"Primitive","Name":"void"},"Security":"RobloxScriptSecurity","ThreadSafety":"Unsafe"},{"MemberType":"Function","Name":"SignalSaveAvatarFailed","Parameters":[],"ReturnType":{"Category":"Primitive","Name":"void"},"Security":"RobloxScriptSecurity","ThreadSafety":"Unsafe"},{"MemberType":"Function","Name":"SignalSaveAvatarPermissionDenied","Parameters":[],"ReturnType":{"Category":"Primitive","Name":"void"},"Security":"RobloxScriptSecurity","ThreadSafety":"Unsafe"},{"MemberType":"Function","Name":"SignalSetFavoriteFailed","Parameters":[],"ReturnType":{"Category":"Primitive","Name":"void"},"Security":"RobloxScriptSecurity","ThreadSafety":"Unsafe"},{"MemberType":"Function","Name":"SignalSetFavoritePermissionDenied","Parameters":[],"ReturnType":{"Category":"Primitive","Name":"void"},"Security":"RobloxScriptSecurity","ThreadSafety":"Unsafe"},{"MemberType":"Function","Name":"SignalUpdateOutfitFailed","Parameters":[],"ReturnType":{"Category":"Primitive","Name":"void"},"Security":"RobloxScriptSecurity","ThreadSafety":"Unsafe"},{"MemberType":"Function","Name":"SignalUpdateOutfitPermissionDenied","Parameters":[],"ReturnType":{"Category":"Primitive","Name":"void"},"Security":"RobloxScriptSecurity","ThreadSafety":"Unsafe"},{"MemberType":"Function","Name":"CheckApplyDefaultClothing","Parameters":[{"Name":"humanoidDescription","Type":{"Category":"Class","Name":"HumanoidDescription"}}],"ReturnType":{"Category":"Class","Name":"HumanoidDescription"},"Security":"None","Tags":["Yields"],"ThreadSafety":"Unsafe"},{"MemberType":"Function","Name":"ConformToAvatarRules","Parameters":[{"Name":"humanoidDescription","Type":{"Category":"Class","Name":"HumanoidDescription"}}],"ReturnType":{"Category":"Class","Name":"HumanoidDescription"},"Security":"RobloxScriptSecurity","Tags":["Yields"],"ThreadSafety":"Unsafe"},{"MemberType":"Function","Name":"GetAvatarRules","Parameters":[],"ReturnType":{"Category":"Group","Name":"Dictionary"},"Security":"None","Tags":["Yields"],"ThreadSafety":"Unsafe"},{"MemberType":"Function","Name":"GetBatchItemDetails","Parameters":[{"Name":"itemIds","Type":{"Category":"Group","Name":"Array"}},{"Name":"itemType","Type":{"Category":"Enum","Name":"AvatarItemType"}}],"ReturnType":{"Category":"Group","Name":"Array"},"Security":"None","Tags":["Yields"],"ThreadSafety":"Unsafe"},{"MemberType":"Function","Name":"GetFavorite","Parameters":[{"Name":"itemId","Type":{"Category":"Primitive","Name":"int64"}},{"Name":"itemType","Type":{"Category":"Enum","Name":"AvatarItemType"}}],"ReturnType":{"Category":"Primitive","Name":"bool"},"Security":"None","Tags":["Yields"],"ThreadSafety":"Unsafe"},{"MemberType":"Function","Name":"GetInventory","Parameters":[{"Name":"assetTypes","Type":{"Category":"Group","Name":"Array"}}],"ReturnType":{"Category":"Class","Name":"InventoryPages"},"Security":"None","Tags":["Yields"],"ThreadSafety":"Unsafe"},{"MemberType":"Function","Name":"GetItemDetails","Parameters":[{"Name":"itemId","Type":{"Category":"Primitive","Name":"int64"}},{"Name":"itemType","Type":{"Category":"Enum","Name":"AvatarItemType"}}],"ReturnType":{"Category":"Group","Name":"Dictionary"},"Security":"None","Tags":["Yields"],"ThreadSafety":"Unsafe"},{"MemberType":"Function","Name":"GetOutfits","Parameters":[{"Default":"All","Name":"outfitSource","Type":{"Category":"Enum","Name":"OutfitSource"}}],"ReturnType":{"Category":"Class","Name":"OutfitPages"},"Security":"None","Tags":["Yields"],"ThreadSafety":"Unsafe"},{"MemberType":"Function","Name":"GetRecommendedAssets","Parameters":[{"Name":"assetType","Type":{"Category":"Enum","Name":"AvatarAssetType"}},{"Default":"0","Name":"contextAssetId","Type":{"Category":"Primitive","Name":"int64"}}],"ReturnType":{"Category":"Group","Name":"Array"},"Security":"None","Tags":["Yields"],"ThreadSafety":"Unsafe"},{"MemberType":"Function","Name":"GetRecommendedBundles","Parameters":[{"Name":"bundleId","Type":{"Category":"Primitive","Name":"int64"}}],"ReturnType":{"Category":"Group","Name":"Array"},"Security":"None","Tags":["Yields"],"ThreadSafety":"Unsafe"},{"MemberType":"Function","Name":"SearchCatalog","Parameters":[{"Name":"searchParameters","Type":{"Category":"DataType","Name":"CatalogSearchParams"}}],"ReturnType":{"Category":"Class","Name":"CatalogPages"},"Security":"None","Tags":["Yields"],"ThreadSafety":"Unsafe"},{"MemberType":"Event","Name":"OpenAllowInventoryReadAccess","Parameters":[],"Security":"RobloxScriptSecurity","ThreadSafety":"Unsafe"},{"MemberType":"Event","Name":"OpenPromptCreateOufit","Parameters":[{"Name":"humanoidDescription","Type":{"Category":"Class","Name":"HumanoidDescription"}},{"Name":"rigType","Type":{"Category":"Enum","Name":"HumanoidRigType"}}],"Security":"RobloxScriptSecurity","ThreadSafety":"Unsafe"},{"MemberType":"Event","Name":"OpenPromptDeleteOutfit","Parameters":[{"Name":"outfitId","Type":{"Category":"Primitive","Name":"int64"}}],"Security":"RobloxScriptSecurity","ThreadSafety":"Unsafe"},{"MemberType":"Event","Name":"OpenPromptRenameOutfit","Parameters":[{"Name":"outfitId","Type":{"Category":"Primitive","Name":"int64"}}],"Security":"RobloxScriptSecurity","ThreadSafety":"Unsafe"},{"MemberType":"Event","Name":"OpenPromptSaveAvatar","Parameters":[{"Name":"humanoidDescription","Type":{"Category":"Class","Name":"HumanoidDescription"}},{"Name":"rigType","Type":{"Category":"Enum","Name":"HumanoidRigType"}}],"Security":"RobloxScriptSecurity","ThreadSafety":"Unsafe"},{"MemberType":"Event","Name":"OpenPromptSetFavorite","Parameters":[{"Name":"itemId","Type":{"Category":"Primitive","Name":"int64"}},{"Name":"itemType","Type":{"Category":"Enum","Name":"AvatarItemType"}},{"Name":"shouldFavorite","Type":{"Category":"Primitive","Name":"bool"}}],"Security":"RobloxScriptSecurity","ThreadSafety":"Unsafe"},{"MemberType":"Event","Name":"OpenPromptUpdateOutfit","Parameters":[{"Name":"outfitId","Type":{"Category":"Primitive","Name":"int64"}},{"Name":"humanoidDescription","Type":{"Category":"Class","Name":"HumanoidDescription"}},{"Name":"rigType","Type":{"Category":"Enum","Name":"HumanoidRigType"}}],"Security":"RobloxScriptSecurity","ThreadSafety":"Unsafe"},{"MemberType":"Event","Name":"PromptAllowInventoryReadAccessCompleted","Parameters":[{"Name":"result","Type":{"Category":"Enum","Name":"AvatarPromptResult"}}],"Security":"None","ThreadSafety":"Unsafe"},{"MemberType":"Event","Name":"PromptCreateOutfitCompleted","Parameters":[{"Name":"result","Type":{"Category":"Enum","Name":"AvatarPromptResult"}},{"Name":"failureType","Type":{"Category":"Group","Name":"Variant"}}],"Security":"None","ThreadSafety":"Unsafe"},{"MemberType":"Event","Name":"PromptDeleteOutfitCompleted","Parameters":[{"Name":"result","Type":{"Category":"Enum","Name":"AvatarPromptResult"}}],"Security":"None","ThreadSafety":"Unsafe"},{"MemberType":"Event","Name":"PromptRenameOutfitCompleted","Parameters":[{"Name":"result","Type":{"Category":"Enum","Name":"AvatarPromptResult"}}],"Security":"None","ThreadSafety":"Unsafe"},{"MemberType":"Event","Name":"PromptSaveAvatarCompleted","Parameters":[{"Name":"result","Type":{"Category":"Enum","Name":"AvatarPromptResult"}},{"Name":"humanoidDescription","Type":{"Category":"Class","Name":"HumanoidDescription"}}],"Security":"None","ThreadSafety":"Unsafe"},{"MemberType":"Event","Name":"PromptSetFavoriteCompleted","Parameters":[{"Name":"result","Type":{"Category":"Enum","Name":"AvatarPromptResult"}}],"Security":"None","ThreadSafety":"Unsafe"},{"MemberType":"Event","Name":"PromptUpdateOutfitCompleted","Parameters":[{"Name":"result","Type":{"Category":"Enum","Name":"AvatarPromptResult"}}],"Security":"None","ThreadSafety":"Unsafe"}],"MemoryCategory":"Instances","Name":"AvatarEditorService","Superclass":"Instance","Tags":["NotCreatable","Service","NotReplicated"]},{"Members":[{"MemberType":"Function","Name":"ImportFBXAnimationFromFilePathUserMayChooseModel","Parameters":[{"Name":"fbxFilePath","Type":{"Category":"Primitive","Name":"string"}},{"Name":"selectedRig","Type":{"Category":"Class","Name":"Instance"}},{"Name":"userChooseModelThenImportCB","Type":{"Category":"DataType","Name":"Function"}}],"ReturnType":{"Category":"Class","Name":"Instance"},"Security":"RobloxScriptSecurity","Tags":["Yields"],"ThreadSafety":"Unsafe"},{"MemberType":"Function","Name":"ImportFBXAnimationUserMayChooseModel","Parameters":[{"Name":"selectedRig","Type":{"Category":"Class","Name":"Instance"}},{"Name":"userChooseModelThenImportCB","Type":{"Category":"DataType","Name":"Function"}}],"ReturnType":{"Category":"Class","Name":"Instance"},"Security":"RobloxScriptSecurity","Tags":["Yields"],"ThreadSafety":"Unsafe"},{"MemberType":"Function","Name":"ImportFbxRigWithoutSceneLoad","Parameters":[{"Default":"true","Name":"isR15","Type":{"Category":"Primitive","Name":"bool"}}],"ReturnType":{"Category":"Class","Name":"Instance"},"Security":"RobloxScriptSecurity","Tags":["Yields"],"ThreadSafety":"Unsafe"},{"MemberType":"Function","Name":"ImportLoadedFBXAnimation","Parameters":[{"Name":"useFBXModel","Type":{"Category":"Primitive","Name":"bool"}}],"ReturnType":{"Category":"Class","Name":"Instance"},"Security":"RobloxScriptSecurity","Tags":["Yields"],"ThreadSafety":"Unsafe"},{"MemberType":"Function","Name":"LoadRigAndDetectType","Parameters":[{"Name":"promptR15Callback","Type":{"Category":"DataType","Name":"Function"}}],"ReturnType":{"Category":"Class","Name":"Instance"},"Security":"RobloxScriptSecurity","Tags":["Yields"],"ThreadSafety":"Unsafe"}],"MemoryCategory":"Instances","Name":"AvatarImportService","Superclass":"Instance","Tags":["NotCreatable","Service","NotReplicated"]},{"Members":[],"MemoryCategory":"Instances","Name":"Backpack","Superclass":"Instance"},{"Members":[{"Category":"Data","MemberType":"Property","Name":"TextureId","Security":{"Read":"None","Write":"None"},"Serialization":{"CanLoad":true,"CanSave":true},"ThreadSafety":"ReadSafe","ValueType":{"Category":"DataType","Name":"Content"}}],"MemoryCategory":"Instances","Name":"BackpackItem","Superclass":"Instance","Tags":["NotCreatable"]},{"Members":[{"Category":"Data","MemberType":"Property","Name":"Active","Security":{"Read":"None","Write":"None"},"Serialization":{"CanLoad":true,"CanSave":true},"ThreadSafety":"ReadSafe","ValueType":{"Category":"Primitive","Name":"bool"}},{"Category":"Data","MemberType":"Property","Name":"BinType","Security":{"Read":"None","Write":"None"},"Serialization":{"CanLoad":true,"CanSave":true},"ThreadSafety":"ReadSafe","ValueType":{"Category":"Enum","Name":"BinType"}},{"MemberType":"Function","Name":"Disable","Parameters":[],"ReturnType":{"Category":"Primitive","Name":"void"},"Security":"RobloxScriptSecurity","ThreadSafety":"Unsafe"},{"MemberType":"Function","Name":"ToggleSelect","Parameters":[],"ReturnType":{"Category":"Primitive","Name":"void"},"Security":"RobloxScriptSecurity","ThreadSafety":"Unsafe"},{"MemberType":"Event","Name":"Deselected","Parameters":[],"Security":"None","ThreadSafety":"Unsafe"},{"MemberType":"Event","Name":"Selected","Parameters":[{"Name":"mouse","Type":{"Category":"Class","Name":"Instance"}}],"Security":"None","ThreadSafety":"Unsafe"}],"MemoryCategory":"Instances","Name":"HopperBin","Superclass":"BackpackItem","Tags":["Deprecated"]},{"Members":[{"Category":"Behavior","MemberType":"Property","Name":"CanBeDropped","Security":{"Read":"None","Write":"None"},"Serialization":{"CanLoad":true,"CanSave":true},"ThreadSafety":"ReadSafe","ValueType":{"Category":"Primitive","Name":"bool"}},{"Category":"State","MemberType":"Property","Name":"Enabled","Security":{"Read":"None","Write":"None"},"Serialization":{"CanLoad":true,"CanSave":true},"ThreadSafety":"ReadSafe","ValueType":{"Category":"Primitive","Name":"bool"}},{"Category":"Appearance","MemberType":"Property","Name":"Grip","Security":{"Read":"None","Write":"None"},"Serialization":{"CanLoad":true,"CanSave":true},"ThreadSafety":"ReadSafe","ValueType":{"Category":"DataType","Name":"CFrame"}},{"Category":"Appearance","MemberType":"Property","Name":"GripForward","Security":{"Read":"None","Write":"None"},"Serialization":{"CanLoad":true,"CanSave":false},"Tags":["NotReplicated"],"ThreadSafety":"ReadSafe","ValueType":{"Category":"DataType","Name":"Vector3"}},{"Category":"Appearance","MemberType":"Property","Name":"GripPos","Security":{"Read":"None","Write":"None"},"Serialization":{"CanLoad":true,"CanSave":false},"Tags":["NotReplicated"],"ThreadSafety":"ReadSafe","ValueType":{"Category":"DataType","Name":"Vector3"}},{"Category":"Appearance","MemberType":"Property","Name":"GripRight","Security":{"Read":"None","Write":"None"},"Serialization":{"CanLoad":true,"CanSave":false},"Tags":["NotReplicated"],"ThreadSafety":"ReadSafe","ValueType":{"Category":"DataType","Name":"Vector3"}},{"Category":"Appearance","MemberType":"Property","Name":"GripUp","Security":{"Read":"None","Write":"None"},"Serialization":{"CanLoad":true,"CanSave":false},"Tags":["NotReplicated"],"ThreadSafety":"ReadSafe","ValueType":{"Category":"DataType","Name":"Vector3"}},{"Category":"Behavior","MemberType":"Property","Name":"ManualActivationOnly","Security":{"Read":"None","Write":"None"},"Serialization":{"CanLoad":true,"CanSave":true},"ThreadSafety":"ReadSafe","ValueType":{"Category":"Primitive","Name":"bool"}},{"Category":"Behavior","MemberType":"Property","Name":"RequiresHandle","Security":{"Read":"None","Write":"None"},"Serialization":{"CanLoad":true,"CanSave":true},"ThreadSafety":"ReadSafe","ValueType":{"Category":"Primitive","Name":"bool"}},{"Category":"Appearance","MemberType":"Property","Name":"ToolTip","Security":{"Read":"None","Write":"None"},"Serialization":{"CanLoad":true,"CanSave":true},"ThreadSafety":"ReadSafe","ValueType":{"Category":"Primitive","Name":"string"}},{"MemberType":"Function","Name":"Activate","Parameters":[],"ReturnType":{"Category":"Primitive","Name":"void"},"Security":"None","ThreadSafety":"Unsafe"},{"MemberType":"Function","Name":"Deactivate","Parameters":[],"ReturnType":{"Category":"Primitive","Name":"void"},"Security":"None","ThreadSafety":"Unsafe"},{"MemberType":"Event","Name":"Activated","Parameters":[],"Security":"None","ThreadSafety":"Unsafe"},{"MemberType":"Event","Name":"Deactivated","Parameters":[],"Security":"None","ThreadSafety":"Unsafe"},{"MemberType":"Event","Name":"Equipped","Parameters":[{"Name":"mouse","Type":{"Category":"Class","Name":"Mouse"}}],"Security":"None","ThreadSafety":"Unsafe"},{"MemberType":"Event","Name":"Unequipped","Parameters":[],"Security":"None","ThreadSafety":"Unsafe"}],"MemoryCategory":"Instances","Name":"Tool","Superclass":"BackpackItem"},{"Members":[{"Category":"Data","MemberType":"Property","Name":"TeamColor","Security":{"Read":"None","Write":"None"},"Serialization":{"CanLoad":true,"CanSave":true},"ThreadSafety":"ReadSafe","ValueType":{"Category":"DataType","Name":"BrickColor"}}],"MemoryCategory":"Instances","Name":"Flag","Superclass":"Tool","Tags":["Deprecated"]},{"Members":[{"MemberType":"Function","Name":"AwardBadge","Parameters":[{"Name":"userId","Type":{"Category":"Primitive","Name":"int64"}},{"Name":"badgeId","Type":{"Category":"Primitive","Name":"int64"}}],"ReturnType":{"Category":"Primitive","Name":"bool"},"Security":"None","Tags":["Yields"],"ThreadSafety":"Unsafe"},{"MemberType":"Function","Name":"GetBadgeInfoAsync","Parameters":[{"Name":"badgeId","Type":{"Category":"Primitive","Name":"int64"}}],"ReturnType":{"Category":"Group","Name":"Dictionary"},"Security":"None","Tags":["Yields"],"ThreadSafety":"Unsafe"},{"MemberType":"Function","Name":"IsDisabled","Parameters":[{"Name":"badgeId","Type":{"Category":"Primitive","Name":"int64"}}],"ReturnType":{"Category":"Primitive","Name":"bool"},"Security":"None","Tags":["Yields","Deprecated"],"ThreadSafety":"Unsafe"},{"MemberType":"Function","Name":"IsLegal","Parameters":[{"Name":"badgeId","Type":{"Category":"Primitive","Name":"int64"}}],"ReturnType":{"Category":"Primitive","Name":"bool"},"Security":"None","Tags":["Yields","Deprecated"],"ThreadSafety":"Unsafe"},{"MemberType":"Function","Name":"UserHasBadge","Parameters":[{"Name":"userId","Type":{"Category":"Primitive","Name":"int64"}},{"Name":"badgeId","Type":{"Category":"Primitive","Name":"int64"}}],"ReturnType":{"Category":"Primitive","Name":"bool"},"Security":"None","Tags":["Yields","Deprecated"],"ThreadSafety":"Unsafe"},{"MemberType":"Function","Name":"UserHasBadgeAsync","Parameters":[{"Name":"userId","Type":{"Category":"Primitive","Name":"int64"}},{"Name":"badgeId","Type":{"Category":"Primitive","Name":"int64"}}],"ReturnType":{"Category":"Primitive","Name":"bool"},"Security":"None","Tags":["Yields"],"ThreadSafety":"Unsafe"},{"MemberType":"Event","Name":"BadgeAwarded","Parameters":[{"Name":"message","Type":{"Category":"Primitive","Name":"string"}},{"Name":"userId","Type":{"Category":"Primitive","Name":"int64"}},{"Name":"badgeId","Type":{"Category":"Primitive","Name":"int64"}}],"Security":"RobloxScriptSecurity","ThreadSafety":"Unsafe"},{"MemberType":"Event","Name":"OnBadgeAwarded","Parameters":[{"Name":"userId","Type":{"Category":"Primitive","Name":"int64"}},{"Name":"creatorId","Type":{"Category":"Primitive","Name":"int64"}},{"Name":"badgeId","Type":{"Category":"Primitive","Name":"int64"}}],"Security":"RobloxScriptSecurity","ThreadSafety":"Unsafe"}],"MemoryCategory":"Instances","Name":"BadgeService","Superclass":"Instance","Tags":["NotCreatable","Service"]},{"Members":[{"MemberType":"Function","Name":"GetGuiObjectsAtPosition","Parameters":[{"Name":"x","Type":{"Category":"Primitive","Name":"int"}},{"Name":"y","Type":{"Category":"Primitive","Name":"int"}}],"ReturnType":{"Category":"DataType","Name":"Objects"},"Security":"None","ThreadSafety":"Unsafe"},{"MemberType":"Function","Name":"GetGuiObjectsInCircle","Parameters":[{"Name":"position","Type":{"Category":"DataType","Name":"Vector2"}},{"Name":"radius","Type":{"Category":"Primitive","Name":"float"}}],"ReturnType":{"Category":"DataType","Name":"Objects"},"Security":"RobloxScriptSecurity","ThreadSafety":"Unsafe"}],"MemoryCategory":"Instances","Name":"BasePlayerGui","Superclass":"Instance","Tags":["NotCreatable"]},{"Members":[{"Category":"Appearance","MemberType":"Property","Name":"SelectionImageObject","Security":{"Read":"RobloxScriptSecurity","Write":"RobloxScriptSecurity"},"Serialization":{"CanLoad":true,"CanSave":true},"ThreadSafety":"ReadSafe","ValueType":{"Category":"Class","Name":"GuiObject"}},{"Category":"Data","MemberType":"Property","Name":"Version","Security":{"Read":"None","Write":"None"},"Serialization":{"CanLoad":false,"CanSave":true},"Tags":["ReadOnly","NotReplicated"],"ThreadSafety":"ReadSafe","ValueType":{"Category":"Primitive","Name":"int"}},{"MemberType":"Function","Name":"SetUserGuiRendering","Parameters":[{"Name":"enabled","Type":{"Category":"Primitive","Name":"bool"}},{"Name":"guiAdornee","Type":{"Category":"Class","Name":"Instance"}},{"Name":"faceId","Type":{"Category":"Enum","Name":"NormalId"}}],"ReturnType":{"Category":"Primitive","Name":"void"},"Security":"RobloxScriptSecurity","ThreadSafety":"Unsafe"},{"MemberType":"Function","Name":"TakeScreenshot","Parameters":[],"ReturnType":{"Category":"Primitive","Name":"void"},"Security":"RobloxScriptSecurity","ThreadSafety":"Unsafe"},{"MemberType":"Function","Name":"ToggleRecording","Parameters":[],"ReturnType":{"Category":"Primitive","Name":"void"},"Security":"RobloxScriptSecurity","ThreadSafety":"Unsafe"}],"MemoryCategory":"Instances","Name":"CoreGui","Superclass":"BasePlayerGui","Tags":["NotCreatable","Service","NotReplicated"]},{"Members":[{"Category":"Data","MemberType":"Property","Name":"CurrentScreenOrientation","Security":{"Read":"None","Write":"None"},"Serialization":{"CanLoad":false,"CanSave":false},"Tags":["ReadOnly","NotReplicated"],"ThreadSafety":"ReadSafe","ValueType":{"Category":"Enum","Name":"ScreenOrientation"}},{"Category":"Data","MemberType":"Property","Name":"ScreenOrientation","Security":{"Read":"None","Write":"None"},"Serialization":{"CanLoad":true,"CanSave":true},"ThreadSafety":"ReadSafe","ValueType":{"Category":"Enum","Name":"ScreenOrientation"}},{"Category":"Appearance","MemberType":"Property","Name":"SelectionImageObject","Security":{"Read":"None","Write":"None"},"Serialization":{"CanLoad":true,"CanSave":true},"ThreadSafety":"ReadSafe","ValueType":{"Category":"Class","Name":"GuiObject"}},{"MemberType":"Function","Name":"GetTopbarTransparency","Parameters":[],"ReturnType":{"Category":"Primitive","Name":"float"},"Security":"None","Tags":["Deprecated"],"ThreadSafety":"Unsafe"},{"MemberType":"Function","Name":"SetTopbarTransparency","Parameters":[{"Name":"transparency","Type":{"Category":"Primitive","Name":"float"}}],"ReturnType":{"Category":"Primitive","Name":"void"},"Security":"None","Tags":["Deprecated"],"ThreadSafety":"Unsafe"},{"MemberType":"Event","Name":"TopbarTransparencyChangedSignal","Parameters":[{"Name":"transparency","Type":{"Category":"Primitive","Name":"float"}}],"Security":"None","Tags":["Deprecated"],"ThreadSafety":"Unsafe"}],"MemoryCategory":"Instances","Name":"PlayerGui","Superclass":"BasePlayerGui","Tags":["NotCreatable","PlayerReplicated"]},{"Members":[{"Category":"Behavior","MemberType":"Property","Name":"ProcessUserInput","Security":{"Read":"PluginSecurity","Write":"PluginSecurity"},"Serialization":{"CanLoad":false,"CanSave":false},"Tags":["Hidden","NotReplicated"],"ThreadSafety":"ReadSafe","ValueType":{"Category":"Primitive","Name":"bool"}},{"Category":"Data","MemberType":"Property","Name":"ResetPlayerGuiOnSpawn","Security":{"Read":"None","Write":"None"},"Serialization":{"CanLoad":true,"CanSave":true},"Tags":["Deprecated"],"ThreadSafety":"ReadSafe","ValueType":{"Category":"Primitive","Name":"bool"}},{"Category":"Data","MemberType":"Property","Name":"ScreenOrientation","Security":{"Read":"None","Write":"None"},"Serialization":{"CanLoad":true,"CanSave":true},"ThreadSafety":"ReadSafe","ValueType":{"Category":"Enum","Name":"ScreenOrientation"}},{"Category":"Data","MemberType":"Property","Name":"ShowDevelopmentGui","Security":{"Read":"None","Write":"None"},"Serialization":{"CanLoad":true,"CanSave":true},"ThreadSafety":"ReadSafe","ValueType":{"Category":"Primitive","Name":"bool"}},{"Category":"Behavior","MemberType":"Property","Name":"VirtualCursorMode","Security":{"Read":"None","Write":"None"},"Serialization":{"CanLoad":true,"CanSave":true},"Tags":["NotScriptable"],"ThreadSafety":"ReadSafe","ValueType":{"Category":"Enum","Name":"VirtualCursorMode"}},{"MemberType":"Function","Name":"GetCoreGuiEnabled","Parameters":[{"Name":"coreGuiType","Type":{"Category":"Enum","Name":"CoreGuiType"}}],"ReturnType":{"Category":"Primitive","Name":"bool"},"Security":"None","ThreadSafety":"Unsafe"},{"MemberType":"Function","Name":"RegisterGetCore","Parameters":[{"Name":"parameterName","Type":{"Category":"Primitive","Name":"string"}},{"Name":"getFunction","Type":{"Category":"DataType","Name":"Function"}}],"ReturnType":{"Category":"Primitive","Name":"void"},"Security":"RobloxScriptSecurity","ThreadSafety":"Unsafe"},{"MemberType":"Function","Name":"RegisterSetCore","Parameters":[{"Name":"parameterName","Type":{"Category":"Primitive","Name":"string"}},{"Name":"setFunction","Type":{"Category":"DataType","Name":"Function"}}],"ReturnType":{"Category":"Primitive","Name":"void"},"Security":"RobloxScriptSecurity","ThreadSafety":"Unsafe"},{"MemberType":"Function","Name":"SetCore","Parameters":[{"Name":"parameterName","Type":{"Category":"Primitive","Name":"string"}},{"Name":"value","Type":{"Category":"Group","Name":"Variant"}}],"ReturnType":{"Category":"Primitive","Name":"void"},"Security":"None","ThreadSafety":"Unsafe"},{"MemberType":"Function","Name":"SetCoreGuiEnabled","Parameters":[{"Name":"coreGuiType","Type":{"Category":"Enum","Name":"CoreGuiType"}},{"Name":"enabled","Type":{"Category":"Primitive","Name":"bool"}}],"ReturnType":{"Category":"Primitive","Name":"void"},"Security":"None","ThreadSafety":"Unsafe"},{"MemberType":"Function","Name":"GetCore","Parameters":[{"Name":"parameterName","Type":{"Category":"Primitive","Name":"string"}}],"ReturnType":{"Category":"Group","Name":"Variant"},"Security":"None","Tags":["Yields"],"ThreadSafety":"Unsafe"},{"MemberType":"Event","Name":"CoreGuiChangedSignal","Parameters":[{"Name":"coreGuiType","Type":{"Category":"Enum","Name":"CoreGuiType"}},{"Name":"enabled","Type":{"Category":"Primitive","Name":"bool"}}],"Security":"RobloxScriptSecurity","ThreadSafety":"Unsafe"}],"MemoryCategory":"Instances","Name":"StarterGui","Superclass":"BasePlayerGui","Tags":["NotCreatable","Service"]},{"Members":[{"Category":"Appearance","MemberType":"Property","Name":"CageMeshId","Security":{"Read":"None","Write":"PluginSecurity"},"Serialization":{"CanLoad":true,"CanSave":true},"ThreadSafety":"ReadSafe","ValueType":{"Category":"DataType","Name":"Content"}},{"Category":"Appearance","MemberType":"Property","Name":"CageOrigin","Security":{"Read":"None","Write":"PluginSecurity"},"Serialization":{"CanLoad":true,"CanSave":true},"ThreadSafety":"ReadSafe","ValueType":{"Category":"DataType","Name":"CFrame"}},{"Category":"Data","MemberType":"Property","Name":"CageOriginWorld","Security":{"Read":"None","Write":"None"},"Serialization":{"CanLoad":false,"CanSave":false},"Tags":["ReadOnly","NotReplicated"],"ThreadSafety":"ReadSafe","ValueType":{"Category":"DataType","Name":"CFrame"}},{"Category":"Data","MemberType":"Property","Name":"HSRAssetId","Security":{"Read":"RobloxSecurity","Write":"RobloxSecurity"},"Serialization":{"CanLoad":true,"CanSave":true},"Tags":["NotScriptable"],"ThreadSafety":"ReadSafe","ValueType":{"Category":"DataType","Name":"Content"}},{"Category":"Appearance","MemberType":"Property","Name":"ImportOrigin","Security":{"Read":"None","Write":"PluginSecurity"},"Serialization":{"CanLoad":true,"CanSave":true},"ThreadSafety":"ReadSafe","ValueType":{"Category":"DataType","Name":"CFrame"}},{"Category":"Data","MemberType":"Property","Name":"ImportOriginWorld","Security":{"Read":"None","Write":"None"},"Serialization":{"CanLoad":false,"CanSave":false},"Tags":["ReadOnly","NotReplicated"],"ThreadSafety":"ReadSafe","ValueType":{"Category":"DataType","Name":"CFrame"}},{"MemberType":"Function","Name":"GetFaces","Parameters":[{"Name":"cageType","Type":{"Category":"Enum","Name":"CageType"}}],"ReturnType":{"Category":"Group","Name":"Array"},"Security":"RobloxScriptSecurity","ThreadSafety":"Unsafe"},{"MemberType":"Function","Name":"GetVertices","Parameters":[{"Name":"cageType","Type":{"Category":"Enum","Name":"CageType"}}],"ReturnType":{"Category":"Group","Name":"Array"},"Security":"RobloxScriptSecurity","ThreadSafety":"Unsafe"},{"MemberType":"Function","Name":"IsHSRReady","Parameters":[],"ReturnType":{"Category":"Primitive","Name":"bool"},"Security":"RobloxScriptSecurity","ThreadSafety":"Unsafe"},{"MemberType":"Function","Name":"ModifyVertices","Parameters":[{"Name":"cageType","Type":{"Category":"Enum","Name":"CageType"}},{"Name":"vertices","Type":{"Category":"Group","Name":"Array"}}],"ReturnType":{"Category":"Primitive","Name":"void"},"Security":"RobloxScriptSecurity","ThreadSafety":"Unsafe"}],"MemoryCategory":"Instances","Name":"BaseWrap","Superclass":"Instance","Tags":["NotCreatable"]},{"Members":[{"Category":"Tuning","MemberType":"Property","Name":"BindOffset","Security":{"Read":"None","Write":"PluginSecurity"},"Serialization":{"CanLoad":true,"CanSave":true},"ThreadSafety":"ReadSafe","ValueType":{"Category":"DataType","Name":"CFrame"}},{"Category":"Debug","MemberType":"Property","Name":"Color","Security":{"Read":"None","Write":"None"},"Serialization":{"CanLoad":false,"CanSave":false},"Tags":["NotReplicated","NotScriptable"],"ThreadSafety":"ReadSafe","ValueType":{"Category":"DataType","Name":"Color3"}},{"Category":"Debug","MemberType":"Property","Name":"DebugMode","Security":{"Read":"None","Write":"None"},"Serialization":{"CanLoad":false,"CanSave":false},"Tags":["NotReplicated","NotScriptable"],"ThreadSafety":"ReadSafe","ValueType":{"Category":"Enum","Name":"WrapLayerDebugMode"}},{"Category":"Behavior","MemberType":"Property","Name":"Enabled","Security":{"Read":"None","Write":"None"},"Serialization":{"CanLoad":true,"CanSave":true},"ThreadSafety":"ReadSafe","ValueType":{"Category":"Primitive","Name":"bool"}},{"Category":"Appearance","MemberType":"Property","Name":"Order","Security":{"Read":"None","Write":"PluginSecurity"},"Serialization":{"CanLoad":true,"CanSave":true},"ThreadSafety":"ReadSafe","ValueType":{"Category":"Primitive","Name":"int"}},{"Category":"Appearance","MemberType":"Property","Name":"Puffiness","Security":{"Read":"None","Write":"PluginSecurity"},"Serialization":{"CanLoad":true,"CanSave":true},"ThreadSafety":"ReadSafe","ValueType":{"Category":"Primitive","Name":"float"}},{"Category":"Appearance","MemberType":"Property","Name":"ReferenceMeshId","Security":{"Read":"None","Write":"PluginSecurity"},"Serialization":{"CanLoad":true,"CanSave":true},"ThreadSafety":"ReadSafe","ValueType":{"Category":"DataType","Name":"Content"}},{"Category":"Appearance","MemberType":"Property","Name":"ReferenceOrigin","Security":{"Read":"None","Write":"PluginSecurity"},"Serialization":{"CanLoad":true,"CanSave":true},"ThreadSafety":"ReadSafe","ValueType":{"Category":"DataType","Name":"CFrame"}},{"Category":"Data","MemberType":"Property","Name":"ReferenceOriginWorld","Security":{"Read":"None","Write":"None"},"Serialization":{"CanLoad":false,"CanSave":false},"Tags":["ReadOnly","NotReplicated"],"ThreadSafety":"ReadSafe","ValueType":{"Category":"DataType","Name":"CFrame"}},{"Category":"Tuning","MemberType":"Property","Name":"ShrinkFactor","Security":{"Read":"None","Write":"PluginSecurity"},"Serialization":{"CanLoad":true,"CanSave":true},"ThreadSafety":"ReadSafe","ValueType":{"Category":"Primitive","Name":"float"}}],"MemoryCategory":"Instances","Name":"WrapLayer","Superclass":"BaseWrap"},{"Members":[{"Category":"Debug","MemberType":"Property","Name":"Color","Security":{"Read":"None","Write":"None"},"Serialization":{"CanLoad":false,"CanSave":false},"Tags":["NotReplicated","NotScriptable"],"ThreadSafety":"ReadSafe","ValueType":{"Category":"DataType","Name":"Color3"}},{"Category":"Debug","MemberType":"Property","Name":"DebugMode","Security":{"Read":"None","Write":"None"},"Serialization":{"CanLoad":false,"CanSave":false},"Tags":["NotReplicated","NotScriptable"],"ThreadSafety":"ReadSafe","ValueType":{"Category":"Enum","Name":"WrapTargetDebugMode"}},{"Category":"Appearance","MemberType":"Property","Name":"Stiffness","Security":{"Read":"None","Write":"PluginSecurity"},"Serialization":{"CanLoad":true,"CanSave":true},"ThreadSafety":"ReadSafe","ValueType":{"Category":"Primitive","Name":"float"}}],"MemoryCategory":"Instances","Name":"WrapTarget","Superclass":"BaseWrap"},{"Members":[{"Category":"Shape","MemberType":"Property","Name":"Attachment0","Security":{"Read":"None","Write":"None"},"Serialization":{"CanLoad":true,"CanSave":true},"ThreadSafety":"ReadSafe","ValueType":{"Category":"Class","Name":"Attachment"}},{"Category":"Shape","MemberType":"Property","Name":"Attachment1","Security":{"Read":"None","Write":"None"},"Serialization":{"CanLoad":true,"CanSave":true},"ThreadSafety":"ReadSafe","ValueType":{"Category":"Class","Name":"Attachment"}},{"Category":"Appearance","MemberType":"Property","Name":"Brightness","Security":{"Read":"None","Write":"None"},"Serialization":{"CanLoad":true,"CanSave":true},"ThreadSafety":"ReadSafe","ValueType":{"Category":"Primitive","Name":"float"}},{"Category":"Appearance","MemberType":"Property","Name":"Color","Security":{"Read":"None","Write":"None"},"Serialization":{"CanLoad":true,"CanSave":true},"ThreadSafety":"ReadSafe","ValueType":{"Category":"DataType","Name":"ColorSequence"}},{"Category":"Shape","MemberType":"Property","Name":"CurveSize0","Security":{"Read":"None","Write":"None"},"Serialization":{"CanLoad":true,"CanSave":true},"ThreadSafety":"ReadSafe","ValueType":{"Category":"Primitive","Name":"float"}},{"Category":"Shape","MemberType":"Property","Name":"CurveSize1","Security":{"Read":"None","Write":"None"},"Serialization":{"CanLoad":true,"CanSave":true},"ThreadSafety":"ReadSafe","ValueType":{"Category":"Primitive","Name":"float"}},{"Category":"Appearance","MemberType":"Property","Name":"Enabled","Security":{"Read":"None","Write":"None"},"Serialization":{"CanLoad":true,"CanSave":true},"ThreadSafety":"ReadSafe","ValueType":{"Category":"Primitive","Name":"bool"}},{"Category":"Shape","MemberType":"Property","Name":"FaceCamera","Security":{"Read":"None","Write":"None"},"Serialization":{"CanLoad":true,"CanSave":true},"ThreadSafety":"ReadSafe","ValueType":{"Category":"Primitive","Name":"bool"}},{"Category":"Appearance","MemberType":"Property","Name":"LightEmission","Security":{"Read":"None","Write":"None"},"Serialization":{"CanLoad":true,"CanSave":true},"ThreadSafety":"ReadSafe","ValueType":{"Category":"Primitive","Name":"float"}},{"Category":"Appearance","MemberType":"Property","Name":"LightInfluence","Security":{"Read":"None","Write":"None"},"Serialization":{"CanLoad":true,"CanSave":true},"ThreadSafety":"ReadSafe","ValueType":{"Category":"Primitive","Name":"float"}},{"Category":"Shape","MemberType":"Property","Name":"Segments","Security":{"Read":"None","Write":"None"},"Serialization":{"CanLoad":true,"CanSave":true},"ThreadSafety":"ReadSafe","ValueType":{"Category":"Primitive","Name":"int"}},{"Category":"Appearance","MemberType":"Property","Name":"Texture","Security":{"Read":"None","Write":"None"},"Serialization":{"CanLoad":true,"CanSave":true},"ThreadSafety":"ReadSafe","ValueType":{"Category":"DataType","Name":"Content"}},{"Category":"Appearance","MemberType":"Property","Name":"TextureLength","Security":{"Read":"None","Write":"None"},"Serialization":{"CanLoad":true,"CanSave":true},"ThreadSafety":"ReadSafe","ValueType":{"Category":"Primitive","Name":"float"}},{"Category":"Appearance","MemberType":"Property","Name":"TextureMode","Security":{"Read":"None","Write":"None"},"Serialization":{"CanLoad":true,"CanSave":true},"ThreadSafety":"ReadSafe","ValueType":{"Category":"Enum","Name":"TextureMode"}},{"Category":"Appearance","MemberType":"Property","Name":"TextureSpeed","Security":{"Read":"None","Write":"None"},"Serialization":{"CanLoad":true,"CanSave":true},"ThreadSafety":"ReadSafe","ValueType":{"Category":"Primitive","Name":"float"}},{"Category":"Appearance","MemberType":"Property","Name":"Transparency","Security":{"Read":"None","Write":"None"},"Serialization":{"CanLoad":true,"CanSave":true},"ThreadSafety":"ReadSafe","ValueType":{"Category":"DataType","Name":"NumberSequence"}},{"Category":"Shape","MemberType":"Property","Name":"Width0","Security":{"Read":"None","Write":"None"},"Serialization":{"CanLoad":true,"CanSave":true},"ThreadSafety":"ReadSafe","ValueType":{"Category":"Primitive","Name":"float"}},{"Category":"Shape","MemberType":"Property","Name":"Width1","Security":{"Read":"None","Write":"None"},"Serialization":{"CanLoad":true,"CanSave":true},"ThreadSafety":"ReadSafe","ValueType":{"Category":"Primitive","Name":"float"}},{"Category":"Appearance","MemberType":"Property","Name":"ZOffset","Security":{"Read":"None","Write":"None"},"Serialization":{"CanLoad":true,"CanSave":true},"ThreadSafety":"ReadSafe","ValueType":{"Category":"Primitive","Name":"float"}},{"MemberType":"Function","Name":"SetTextureOffset","Parameters":[{"Default":"0","Name":"offset","Type":{"Category":"Primitive","Name":"float"}}],"ReturnType":{"Category":"Primitive","Name":"void"},"Security":"None","ThreadSafety":"Unsafe"}],"MemoryCategory":"Instances","Name":"Beam","Superclass":"Instance"},{"Members":[{"MemberType":"Function","Name":"Fire","Parameters":[{"Name":"arguments","Type":{"Category":"Group","Name":"Tuple"}}],"ReturnType":{"Category":"Primitive","Name":"void"},"Security":"None","ThreadSafety":"Safe"},{"MemberType":"Event","Name":"Event","Parameters":[{"Name":"arguments","Type":{"Category":"Group","Name":"Tuple"}}],"Security":"None","ThreadSafety":"Unsafe"}],"MemoryCategory":"Instances","Name":"BindableEvent","Superclass":"Instance"},{"Members":[{"MemberType":"Function","Name":"Invoke","Parameters":[{"Name":"arguments","Type":{"Category":"Group","Name":"Tuple"}}],"ReturnType":{"Category":"Group","Name":"Tuple"},"Security":"None","Tags":["Yields"],"ThreadSafety":"Unsafe"},{"MemberType":"Callback","Name":"OnInvoke","Parameters":[{"Name":"arguments","Type":{"Category":"Group","Name":"Tuple"}}],"ReturnType":{"Category":"Group","Name":"Tuple"},"Security":"None","ThreadSafety":"Unsafe"}],"MemoryCategory":"Instances","Name":"BindableFunction","Superclass":"Instance"},{"Members":[],"MemoryCategory":"Instances","Name":"BodyMover","Superclass":"Instance","Tags":["NotCreatable","Deprecated"]},{"Members":[{"Category":"Goals","MemberType":"Property","Name":"AngularVelocity","Security":{"Read":"None","Write":"None"},"Serialization":{"CanLoad":true,"CanSave":true},"ThreadSafety":"ReadSafe","ValueType":{"Category":"DataType","Name":"Vector3"}},{"Category":"Goals","MemberType":"Property","Name":"MaxTorque","Security":{"Read":"None","Write":"None"},"Serialization":{"CanLoad":true,"CanSave":true},"ThreadSafety":"ReadSafe","ValueType":{"Category":"DataType","Name":"Vector3"}},{"Category":"Goals","MemberType":"Property","Name":"P","Security":{"Read":"None","Write":"None"},"Serialization":{"CanLoad":true,"CanSave":true},"ThreadSafety":"ReadSafe","ValueType":{"Category":"Primitive","Name":"float"}},{"Category":"Goals","MemberType":"Property","Name":"angularvelocity","Security":{"Read":"None","Write":"None"},"Serialization":{"CanLoad":true,"CanSave":false},"Tags":["NotReplicated","Deprecated"],"ThreadSafety":"ReadSafe","ValueType":{"Category":"DataType","Name":"Vector3"}},{"Category":"Goals","MemberType":"Property","Name":"maxTorque","Security":{"Read":"None","Write":"None"},"Serialization":{"CanLoad":true,"CanSave":false},"Tags":["NotReplicated","Deprecated"],"ThreadSafety":"ReadSafe","ValueType":{"Category":"DataType","Name":"Vector3"}}],"MemoryCategory":"Instances","Name":"BodyAngularVelocity","Superclass":"BodyMover","Tags":["Deprecated"]},{"Members":[{"Category":"Goals","MemberType":"Property","Name":"Force","Security":{"Read":"None","Write":"None"},"Serialization":{"CanLoad":true,"CanSave":true},"ThreadSafety":"ReadSafe","ValueType":{"Category":"DataType","Name":"Vector3"}},{"Category":"Goals","MemberType":"Property","Name":"force","Security":{"Read":"None","Write":"None"},"Serialization":{"CanLoad":true,"CanSave":false},"Tags":["NotReplicated","Deprecated"],"ThreadSafety":"ReadSafe","ValueType":{"Category":"DataType","Name":"Vector3"}}],"MemoryCategory":"Instances","Name":"BodyForce","Superclass":"BodyMover","Tags":["Deprecated"]}]}