{"Classes":[{"Members":[{"Category":"Appearance","MemberType":"Property","Name":"Ambient","Security":{"Read":"None","Write":"None"},"Serialization":{"CanLoad":true,"CanSave":true},"ThreadSafety":"ReadSafe","ValueType":{"Category":"DataType","Name":"Color3"}},{"Category":"Appearance","MemberType":"Property","Name":"Brightness","Security":{"Read":"None","Write":"None"},"Serialization":{"CanLoad":true,"CanSave":true},"ThreadSafety":"ReadSafe","ValueType":{"Category":"Primitive","Name":"float"}},{"Category":"Data","MemberType":"Property","Name":"ClockTime","Security":{"Read":"None","Write":"None"},"Serialization":{"CanLoad":true,"CanSave":false},"Tags":["NotReplicated"],"ThreadSafety":"ReadSafe","ValueType":{"Category":"Primitive","Name":"float"}},{"Category":"Appearance","MemberType":"Property","Name":"ColorShift_Bottom","Security":{"Read":"None","Write":"None"},"Serialization":{"CanLoad":true,"CanSave":true},"ThreadSafety":"ReadSafe","ValueType":{"Category":"DataType","Name":"Color3"}},{"Category":"Appearance","MemberType":"Property","Name":"ColorShift_Top","Security":{"Read":"None","Write":"None"},"Serialization":{"CanLoad":true,"CanSave":true},"ThreadSafety":"ReadSafe","ValueType":{"Category":"DataType","Name":"Color3"}},{"Category":"Appearance","MemberType":"Property","Name":"EnvironmentDiffuseScale","Security":{"Read":"None","Write":"None"},"Serialization":{"CanLoad":true,"CanSave":true},"ThreadSafety":"ReadSafe","ValueType":{"Category":"Primitive","Name":"float"}},{"Category":"Appearance","MemberType":"Property","Name":"EnvironmentSpecularScale","Security":{"Read":"None","Write":"None"},"Serialization":{"CanLoad":true,"CanSave":true},"ThreadSafety":"ReadSafe","ValueType":{"Category":"Primitive","Name":"float"}},{"Category":"Exposure","MemberType":"Property","Name":"ExposureCompensation","Security":{"Read":"None","Write":"None"},"Serialization":{"CanLoad":true,"CanSave":true},"ThreadSafety":"ReadSafe","ValueType":{"Category":"Primitive","Name":"float"}},{"Category":"Fog","MemberType":"Property","Name":"FogColor","Security":{"Read":"None","Write":"None"},"Serialization":{"CanLoad":true,"CanSave":true},"ThreadSafety":"ReadSafe","ValueType":{"Category":"DataType","Name":"Color3"}},{"Category":"Fog","MemberType":"Property","Name":"FogEnd","Security":{"Read":"None","Write":"None"},"Serialization":{"CanLoad":true,"CanSave":true},"ThreadSafety":"ReadSafe","ValueType":{"Category":"Primitive","Name":"float"}},{"Category":"Fog","MemberType":"Property","Name":"FogStart","Security":{"Read":"None","Write":"None"},"Serialization":{"CanLoad":true,"CanSave":true},"ThreadSafety":"ReadSafe","ValueType":{"Category":"Primitive","Name":"float"}},{"Category":"Data","MemberType":"Property","Name":"GeographicLatitude","Security":{"Read":"None","Write":"None"},"Serialization":{"CanLoad":true,"CanSave":true},"ThreadSafety":"ReadSafe","ValueType":{"Category":"Primitive","Name":"float"}},{"Category":"Appearance","MemberType":"Property","Name":"GlobalShadows","Security":{"Read":"None","Write":"None"},"Serialization":{"CanLoad":true,"CanSave":true},"ThreadSafety":"ReadSafe","ValueType":{"Category":"Primitive","Name":"bool"}},{"Category":"Appearance","MemberType":"Property","Name":"OutdoorAmbient","Security":{"Read":"None","Write":"None"},"Serialization":{"CanLoad":true,"CanSave":true},"ThreadSafety":"ReadSafe","ValueType":{"Category":"DataType","Name":"Color3"}},{"Category":"Appearance","MemberType":"Property","Name":"Outlines","Security":{"Read":"None","Write":"None"},"Serialization":{"CanLoad":true,"CanSave":true},"Tags":["Deprecated"],"ThreadSafety":"ReadSafe","ValueType":{"Category":"Primitive","Name":"bool"}},{"Category":"Appearance","MemberType":"Property","Name":"ShadowColor","Security":{"Read":"None","Write":"None"},"Serialization":{"CanLoad":true,"CanSave":false},"Tags":["NotReplicated","Deprecated"],"ThreadSafety":"ReadSafe","ValueType":{"Category":"DataType","Name":"Color3"}},{"Category":"Appearance","MemberType":"Property","Name":"ShadowSoftness","Security":{"Read":"None","Write":"None"},"Serialization":{"CanLoad":true,"CanSave":true},"ThreadSafety":"ReadSafe","ValueType":{"Category":"Primitive","Name":"float"}},{"Category":"Appearance","MemberType":"Property","Name":"Technology","Security":{"Read":"None","Write":"None"},"Serialization":{"CanLoad":true,"CanSave":true},"Tags":["NotScriptable"],"ThreadSafety":"ReadSafe","ValueType":{"Category":"Enum","Name":"Technology"}},{"Category":"Appearance","MemberType":"Property","Name":"TempUseNewSkyRemovalBehaviour","Security":{"Read":"RobloxScriptSecurity","Write":"RobloxScriptSecurity"},"Serialization":{"CanLoad":false,"CanSave":false},"Tags":["Hidden","NotReplicated"],"ThreadSafety":"ReadSafe","ValueType":{"Category":"Primitive","Name":"bool"}},{"Category":"Data","MemberType":"Property","Name":"TimeOfDay","Security":{"Read":"None","Write":"None"},"Serialization":{"CanLoad":true,"CanSave":true},"ThreadSafety":"ReadSafe","ValueType":{"Category":"Primitive","Name":"string"}},{"MemberType":"Function","Name":"GetMinutesAfterMidnight","Parameters":[],"ReturnType":{"Category":"Primitive","Name":"double"},"Security":"None","ThreadSafety":"Unsafe"},{"MemberType":"Function","Name":"GetMoonDirection","Parameters":[],"ReturnType":{"Category":"DataType","Name":"Vector3"},"Security":"None","ThreadSafety":"Unsafe"},{"MemberType":"Function","Name":"GetMoonPhase","Parameters":[],"ReturnType":{"Category":"Primitive","Name":"float"},"Security":"None","ThreadSafety":"Unsafe"},{"MemberType":"Function","Name":"GetSunDirection","Parameters":[],"ReturnType":{"Category":"DataType","Name":"Vector3"},"Security":"None","ThreadSafety":"Unsafe"},{"MemberType":"Function","Name":"SetMinutesAfterMidnight","Parameters":[{"Name":"minutes","Type":{"Category":"Primitive","Name":"double"}}],"ReturnType":{"Category":"Primitive","Name":"void"},"Security":"None","ThreadSafety":"Unsafe"},{"MemberType":"Function","Name":"getMinutesAfterMidnight","Parameters":[],"ReturnType":{"Category":"Primitive","Name":"double"},"Security":"None","Tags":["Deprecated"],"ThreadSafety":"Unsafe"},{"MemberType":"Function","Name":"setMinutesAfterMidnight","Parameters":[{"Name":"minutes","Type":{"Category":"Primitive","Name":"double"}}],"ReturnType":{"Category":"Primitive","Name":"void"},"Security":"None","Tags":["Deprecated"],"ThreadSafety":"Unsafe"},{"MemberType":"Event","Name":"LightingChanged","Parameters":[{"Name":"skyChanged","Type":{"Category":"Primitive","Name":"bool"}}],"Security":"None","ThreadSafety":"Unsafe"}],"MemoryCategory":"Instances","Name":"Lighting","Superclass":"Instance","Tags":["NotCreatable","Service"]},{"Members":[{"MemberType":"Function","Name":"Flush","Parameters":[],"ReturnType":{"Category":"Primitive","Name":"void"},"Security":"RobloxScriptSecurity","ThreadSafety":"Unsafe"},{"MemberType":"Function","Name":"GetItem","Parameters":[{"Name":"key","Type":{"Category":"Primitive","Name":"string"}}],"ReturnType":{"Category":"Primitive","Name":"string"},"Security":"RobloxScriptSecurity","ThreadSafety":"Unsafe"},{"MemberType":"Function","Name":"SetItem","Parameters":[{"Name":"key","Type":{"Category":"Primitive","Name":"string"}},{"Name":"value","Type":{"Category":"Primitive","Name":"string"}}],"ReturnType":{"Category":"Primitive","Name":"void"},"Security":"RobloxScriptSecurity","ThreadSafety":"Unsafe"},{"MemberType":"Function","Name":"WhenLoaded","Parameters":[{"Name":"callback","Type":{"Category":"DataType","Name":"Function"}}],"ReturnType":{"Category":"Primitive","Name":"void"},"Security":"RobloxScriptSecurity","ThreadSafety":"Unsafe"},{"MemberType":"Event","Name":"ItemWasSet","Parameters":[{"Name":"key","Type":{"Category":"Primitive","Name":"string"}},{"Name":"value","Type":{"Category":"Primitive","Name":"string"}}],"Security":"RobloxScriptSecurity","ThreadSafety":"Unsafe"},{"MemberType":"Event","Name":"StoreWasCleared","Parameters":[],"Security":"RobloxScriptSecurity","ThreadSafety":"Unsafe"}],"MemoryCategory":"Instances","Name":"LocalStorageService","Superclass":"Instance","Tags":["NotCreatable","Service","NotReplicated"]},{"Members":[],"MemoryCategory":"Instances","Name":"AppStorageService","Superclass":"LocalStorageService","Tags":["NotCreatable","Service","NotReplicated"]},{"Members":[],"MemoryCategory":"Instances","Name":"UserStorageService","Superclass":"LocalStorageService","Tags":["NotCreatable","Service","NotReplicated"]},{"Members":[{"Category":"Behavior","MemberType":"Property","Name":"ForcePlayModeGameLocaleId","Security":{"Read":"LocalUserSecurity","Write":"LocalUserSecurity"},"Serialization":{"CanLoad":false,"CanSave":false},"Tags":["Hidden","NotReplicated"],"ThreadSafety":"ReadSafe","ValueType":{"Category":"Primitive","Name":"string"}},{"Category":"Behavior","MemberType":"Property","Name":"ForcePlayModeRobloxLocaleId","Security":{"Read":"LocalUserSecurity","Write":"LocalUserSecurity"},"Serialization":{"CanLoad":false,"CanSave":false},"Tags":["Hidden","NotReplicated"],"ThreadSafety":"ReadSafe","ValueType":{"Category":"Primitive","Name":"string"}},{"Category":"Localization","MemberType":"Property","Name":"IsTextScraperRunning","Security":{"Read":"RobloxScriptSecurity","Write":"RobloxScriptSecurity"},"Serialization":{"CanLoad":false,"CanSave":false},"Tags":["Hidden"],"ThreadSafety":"ReadSafe","ValueType":{"Category":"Primitive","Name":"bool"}},{"Category":"Behavior","MemberType":"Property","Name":"RobloxForcePlayModeGameLocaleId","Security":{"Read":"RobloxScriptSecurity","Write":"RobloxScriptSecurity"},"Serialization":{"CanLoad":false,"CanSave":false},"Tags":["Hidden","NotReplicated"],"ThreadSafety":"ReadSafe","ValueType":{"Category":"Primitive","Name":"string"}},{"Category":"Behavior","MemberType":"Property","Name":"RobloxForcePlayModeRobloxLocaleId","Security":{"Read":"RobloxScriptSecurity","Write":"RobloxScriptSecurity"},"Serialization":{"CanLoad":false,"CanSave":false},"Tags":["Hidden","NotReplicated"],"ThreadSafety":"ReadSafe","ValueType":{"Category":"Primitive","Name":"string"}},{"Category":"Localization","MemberType":"Property","Name":"RobloxLocaleId","Security":{"Read":"None","Write":"None"},"Serialization":{"CanLoad":false,"CanSave":false},"Tags":["ReadOnly","NotReplicated"],"ThreadSafety":"ReadSafe","ValueType":{"Category":"Primitive","Name":"string"}},{"Category":"Localization","MemberType":"Property","Name":"SystemLocaleId","Security":{"Read":"None","Write":"None"},"Serialization":{"CanLoad":false,"CanSave":false},"Tags":["ReadOnly","NotReplicated"],"ThreadSafety":"ReadSafe","ValueType":{"Category":"Primitive","Name":"string"}},{"MemberType":"Function","Name":"GetCorescriptLocalizations","Parameters":[],"ReturnType":{"Category":"DataType","Name":"Objects"},"Security":"None","ThreadSafety":"Unsafe"},{"MemberType":"Function","Name":"GetTableEntries","Parameters":[{"Default":"nil","Name":"instance","Type":{"Category":"Class","Name":"Instance"}}],"ReturnType":{"Category":"Group","Name":"Array"},"Security":"None","ThreadSafety":"Unsafe"},{"MemberType":"Function","Name":"GetTranslatorForPlayer","Parameters":[{"Name":"player","Type":{"Category":"Class","Name":"Instance"}}],"ReturnType":{"Category":"Class","Name":"Instance"},"Security":"None","ThreadSafety":"Unsafe"},{"MemberType":"Function","Name":"SetRobloxLocaleId","Parameters":[{"Name":"locale","Type":{"Category":"Primitive","Name":"string"}}],"ReturnType":{"Category":"Primitive","Name":"void"},"Security":"RobloxScriptSecurity","ThreadSafety":"Unsafe"},{"MemberType":"Function","Name":"StartTextScraper","Parameters":[],"ReturnType":{"Category":"Primitive","Name":"void"},"Security":"RobloxScriptSecurity","ThreadSafety":"Unsafe"},{"MemberType":"Function","Name":"StopTextScraper","Parameters":[],"ReturnType":{"Category":"Primitive","Name":"void"},"Security":"RobloxScriptSecurity","ThreadSafety":"Unsafe"},{"MemberType":"Function","Name":"GetCountryRegionForPlayerAsync","Parameters":[{"Name":"player","Type":{"Category":"Class","Name":"Instance"}}],"ReturnType":{"Category":"Primitive","Name":"string"},"Security":"None","Tags":["Yields"],"ThreadSafety":"Unsafe"},{"MemberType":"Function","Name":"GetTranslatorForLocaleAsync","Parameters":[{"Name":"locale","Type":{"Category":"Primitive","Name":"string"}}],"ReturnType":{"Category":"Class","Name":"Instance"},"Security":"None","Tags":["Yields"],"ThreadSafety":"Unsafe"},{"MemberType":"Function","Name":"GetTranslatorForPlayerAsync","Parameters":[{"Name":"player","Type":{"Category":"Class","Name":"Instance"}}],"ReturnType":{"Category":"Class","Name":"Instance"},"Security":"None","Tags":["Yields"],"ThreadSafety":"Unsafe"},{"MemberType":"Function","Name":"PromptDownloadGameTableToCSV","Parameters":[{"Name":"table","Type":{"Category":"Class","Name":"Instance"}}],"ReturnType":{"Category":"Primitive","Name":"void"},"Security":"RobloxScriptSecurity","Tags":["Yields"],"ThreadSafety":"Unsafe"},{"MemberType":"Function","Name":"PromptExportToCSVs","Parameters":[],"ReturnType":{"Category":"Primitive","Name":"void"},"Security":"RobloxScriptSecurity","Tags":["Yields"],"ThreadSafety":"Unsafe"},{"MemberType":"Function","Name":"PromptImportFromCSVs","Parameters":[],"ReturnType":{"Category":"Primitive","Name":"void"},"Security":"RobloxScriptSecurity","Tags":["Yields"],"ThreadSafety":"Unsafe"},{"MemberType":"Function","Name":"PromptUploadCSVToGameTable","Parameters":[],"ReturnType":{"Category":"Class","Name":"Instance"},"Security":"RobloxScriptSecurity","Tags":["Yields"],"ThreadSafety":"Unsafe"},{"MemberType":"Event","Name":"AutoTranslateWillRun","Parameters":[],"Security":"RobloxScriptSecurity","ThreadSafety":"Unsafe"}],"MemoryCategory":"Instances","Name":"LocalizationService","Superclass":"Instance","Tags":["NotCreatable","Service","NotReplicated"]},{"Members":[{"Category":"Localization","MemberType":"Property","Name":"DevelopmentLanguage","Security":{"Read":"None","Write":"None"},"Serialization":{"CanLoad":true,"CanSave":false},"Tags":["Hidden","NotReplicated","Deprecated"],"ThreadSafety":"ReadSafe","ValueType":{"Category":"Primitive","Name":"string"}},{"Category":"Behavior","MemberType":"Property","Name":"Root","Security":{"Read":"None","Write":"None"},"Serialization":{"CanLoad":false,"CanSave":false},"Tags":["Hidden","NotReplicated","Deprecated"],"ThreadSafety":"ReadSafe","ValueType":{"Category":"Class","Name":"Instance"}},{"Category":"Localization","MemberType":"Property","Name":"SourceLocaleId","Security":{"Read":"None","Write":"None"},"Serialization":{"CanLoad":true,"CanSave":true},"ThreadSafety":"ReadSafe","ValueType":{"Category":"Primitive","Name":"string"}},{"MemberType":"Function","Name":"GetContents","Parameters":[],"ReturnType":{"Category":"Primitive","Name":"string"},"Security":"None","Tags":["Deprecated"],"ThreadSafety":"Unsafe"},{"MemberType":"Function","Name":"GetEntries","Parameters":[],"ReturnType":{"Category":"Group","Name":"Array"},"Security":"None","ThreadSafety":"Unsafe"},{"MemberType":"Function","Name":"GetString","Parameters":[{"Name":"targetLocaleId","Type":{"Category":"Primitive","Name":"string"}},{"Name":"key","Type":{"Category":"Primitive","Name":"string"}}],"ReturnType":{"Category":"Primitive","Name":"string"},"Security":"None","Tags":["Deprecated"],"ThreadSafety":"Unsafe"},{"MemberType":"Function","Name":"GetTranslator","Parameters":[{"Name":"localeId","Type":{"Category":"Primitive","Name":"string"}}],"ReturnType":{"Category":"Class","Name":"Instance"},"Security":"None","ThreadSafety":"Unsafe"},{"MemberType":"Function","Name":"RemoveEntry","Parameters":[{"Name":"key","Type":{"Category":"Primitive","Name":"string"}},{"Name":"source","Type":{"Category":"Primitive","Name":"string"}},{"Name":"context","Type":{"Category":"Primitive","Name":"string"}}],"ReturnType":{"Category":"Primitive","Name":"void"},"Security":"None","ThreadSafety":"Unsafe"},{"MemberType":"Function","Name":"RemoveEntryValue","Parameters":[{"Name":"key","Type":{"Category":"Primitive","Name":"string"}},{"Name":"source","Type":{"Category":"Primitive","Name":"string"}},{"Name":"context","Type":{"Category":"Primitive","Name":"string"}},{"Name":"localeId","Type":{"Category":"Primitive","Name":"string"}}],"ReturnType":{"Category":"Primitive","Name":"void"},"Security":"None","ThreadSafety":"Unsafe"},{"MemberType":"Function","Name":"RemoveKey","Parameters":[{"Name":"key","Type":{"Category":"Primitive","Name":"string"}}],"ReturnType":{"Category":"Primitive","Name":"void"},"Security":"None","Tags":["Deprecated"],"ThreadSafety":"Unsafe"},{"MemberType":"Function","Name":"RemoveTargetLocale","Parameters":[{"Name":"localeId","Type":{"Category":"Primitive","Name":"string"}}],"ReturnType":{"Category":"Primitive","Name":"void"},"Security":"None","ThreadSafety":"Unsafe"},{"MemberType":"Function","Name":"SetContents","Parameters":[{"Name":"contents","Type":{"Category":"Primitive","Name":"string"}}],"ReturnType":{"Category":"Primitive","Name":"void"},"Security":"None","Tags":["Deprecated"],"ThreadSafety":"Unsafe"},{"MemberType":"Function","Name":"SetEntries","Parameters":[{"Name":"entries","Type":{"Category":"Group","Name":"Variant"}}],"ReturnType":{"Category":"Primitive","Name":"void"},"Security":"None","ThreadSafety":"Unsafe"},{"MemberType":"Function","Name":"SetEntry","Parameters":[{"Name":"key","Type":{"Category":"Primitive","Name":"string"}},{"Name":"targetLocaleId","Type":{"Category":"Primitive","Name":"string"}},{"Name":"text","Type":{"Category":"Primitive","Name":"string"}}],"ReturnType":{"Category":"Primitive","Name":"void"},"Security":"None","Tags":["Deprecated"],"ThreadSafety":"Unsafe"},{"MemberType":"Function","Name":"SetEntryContext","Parameters":[{"Name":"key","Type":{"Category":"Primitive","Name":"string"}},{"Name":"source","Type":{"Category":"Primitive","Name":"string"}},{"Name":"context","Type":{"Category":"Primitive","Name":"string"}},{"Name":"newContext","Type":{"Category":"Primitive","Name":"string"}}],"ReturnType":{"Category":"Primitive","Name":"void"},"Security":"None","ThreadSafety":"Unsafe"},{"MemberType":"Function","Name":"SetEntryExample","Parameters":[{"Name":"key","Type":{"Category":"Primitive","Name":"string"}},{"Name":"source","Type":{"Category":"Primitive","Name":"string"}},{"Name":"context","Type":{"Category":"Primitive","Name":"string"}},{"Name":"example","Type":{"Category":"Primitive","Name":"string"}}],"ReturnType":{"Category":"Primitive","Name":"void"},"Security":"None","ThreadSafety":"Unsafe"},{"MemberType":"Function","Name":"SetEntryKey","Parameters":[{"Name":"key","Type":{"Category":"Primitive","Name":"string"}},{"Name":"source","Type":{"Category":"Primitive","Name":"string"}},{"Name":"context","Type":{"Category":"Primitive","Name":"string"}},{"Name":"newKey","Type":{"Category":"Primitive","Name":"string"}}],"ReturnType":{"Category":"Primitive","Name":"void"},"Security":"None","ThreadSafety":"Unsafe"},{"MemberType":"Function","Name":"SetEntrySource","Parameters":[{"Name":"key","Type":{"Category":"Primitive","Name":"string"}},{"Name":"source","Type":{"Category":"Primitive","Name":"string"}},{"Name":"context","Type":{"Category":"Primitive","Name":"string"}},{"Name":"newSource","Type":{"Category":"Primitive","Name":"string"}}],"ReturnType":{"Category":"Primitive","Name":"void"},"Security":"None","ThreadSafety":"Unsafe"},{"MemberType":"Function","Name":"SetEntryValue","Parameters":[{"Name":"key","Type":{"Category":"Primitive","Name":"string"}},{"Name":"source","Type":{"Category":"Primitive","Name":"string"}},{"Name":"context","Type":{"Category":"Primitive","Name":"string"}},{"Name":"localeId","Type":{"Category":"Primitive","Name":"string"}},{"Name":"text","Type":{"Category":"Primitive","Name":"string"}}],"ReturnType":{"Category":"Primitive","Name":"void"},"Security":"None","ThreadSafety":"Unsafe"},{"MemberType":"Function","Name":"SetIsExemptFromUGCAnalytics","Parameters":[{"Name":"value","Type":{"Category":"Primitive","Name":"bool"}}],"ReturnType":{"Category":"Primitive","Name":"void"},"Security":"RobloxScriptSecurity","ThreadSafety":"Unsafe"}],"MemoryCategory":"Instances","Name":"LocalizationTable","Superclass":"Instance"},{"Members":[{"Category":"Data","MemberType":"Property","Name":"EntityLodEnabled","Security":{"Read":"None","Write":"None"},"Serialization":{"CanLoad":false,"CanSave":false},"Tags":["Hidden","NotReplicated"],"ThreadSafety":"ReadSafe","ValueType":{"Category":"Primitive","Name":"bool"}}],"MemoryCategory":"Instances","Name":"LodDataEntity","Superclass":"Instance","Tags":["NotCreatable"]},{"Members":[],"MemoryCategory":"Instances","Name":"LodDataService","Superclass":"Instance","Tags":["NotCreatable","Service","NotReplicated"]},{"Members":[{"MemberType":"Function","Name":"ExecuteScript","Parameters":[{"Name":"source","Type":{"Category":"Primitive","Name":"string"}}],"ReturnType":{"Category":"Primitive","Name":"void"},"Security":"RobloxScriptSecurity","ThreadSafety":"Unsafe"},{"MemberType":"Function","Name":"GetHttpResultHistory","Parameters":[],"ReturnType":{"Category":"Group","Name":"Array"},"Security":"RobloxScriptSecurity","ThreadSafety":"Unsafe"},{"MemberType":"Function","Name":"GetLogHistory","Parameters":[],"ReturnType":{"Category":"Group","Name":"Array"},"Security":"None","ThreadSafety":"Unsafe"},{"MemberType":"Function","Name":"RequestHttpResultApproved","Parameters":[],"ReturnType":{"Category":"Primitive","Name":"void"},"Security":"RobloxScriptSecurity","ThreadSafety":"Unsafe"},{"MemberType":"Function","Name":"RequestServerHttpResult","Parameters":[],"ReturnType":{"Category":"Primitive","Name":"void"},"Security":"RobloxScriptSecurity","ThreadSafety":"Unsafe"},{"MemberType":"Function","Name":"RequestServerOutput","Parameters":[],"ReturnType":{"Category":"Primitive","Name":"void"},"Security":"RobloxScriptSecurity","ThreadSafety":"Unsafe"},{"MemberType":"Event","Name":"HttpResultOut","Parameters":[{"Name":"httpResult","Type":{"Category":"Group","Name":"Dictionary"}}],"Security":"RobloxScriptSecurity","ThreadSafety":"Unsafe"},{"MemberType":"Event","Name":"MessageOut","Parameters":[{"Name":"message","Type":{"Category":"Primitive","Name":"string"}},{"Name":"messageType","Type":{"Category":"Enum","Name":"MessageType"}}],"Security":"None","ThreadSafety":"Unsafe"},{"MemberType":"Event","Name":"OnHttpResultApproved","Parameters":[{"Name":"isApproved","Type":{"Category":"Primitive","Name":"bool"}}],"Security":"RobloxScriptSecurity","ThreadSafety":"Unsafe"},{"MemberType":"Event","Name":"ServerHttpResultOut","Parameters":[{"Name":"httpResult","Type":{"Category":"Group","Name":"Dictionary"}}],"Security":"RobloxScriptSecurity","ThreadSafety":"Unsafe"},{"MemberType":"Event","Name":"ServerMessageOut","Parameters":[{"Name":"message","Type":{"Category":"Primitive","Name":"string"}},{"Name":"messageType","Type":{"Category":"Enum","Name":"MessageType"}},{"Name":"timestamp","Type":{"Category":"Primitive","Name":"double"}}],"Security":"RobloxScriptSecurity","ThreadSafety":"Unsafe"}],"MemoryCategory":"Instances","Name":"LogService","Superclass":"Instance","Tags":["NotCreatable","Service"]},{"Members":[{"MemberType":"Function","Name":"Logout","Parameters":[],"ReturnType":{"Category":"Primitive","Name":"void"},"Security":"RobloxSecurity","ThreadSafety":"Unsafe"},{"MemberType":"Function","Name":"PromptLogin","Parameters":[],"ReturnType":{"Category":"Primitive","Name":"void"},"Security":"RobloxSecurity","ThreadSafety":"Unsafe"},{"MemberType":"Event","Name":"LoginFailed","Parameters":[{"Name":"loginError","Type":{"Category":"Primitive","Name":"string"}}],"Security":"RobloxSecurity","ThreadSafety":"Unsafe"},{"MemberType":"Event","Name":"LoginSucceeded","Parameters":[{"Name":"username","Type":{"Category":"Primitive","Name":"string"}}],"Security":"RobloxSecurity","ThreadSafety":"Unsafe"}],"MemoryCategory":"Instances","Name":"LoginService","Superclass":"Instance","Tags":["NotCreatable","Service"]},{"Members":[],"MemoryCategory":"Instances","Name":"LuaSettings","Superclass":"Instance","Tags":["NotCreatable","Settings"]},{"Members":[{"Category":"Data","MemberType":"Property","Name":"CurrentEditor","Security":{"Read":"None","Write":"None"},"Serialization":{"CanLoad":false,"CanSave":false},"Tags":["NotScriptable"],"ThreadSafety":"ReadSafe","ValueType":{"Category":"Class","Name":"Instance"}}],"MemoryCategory":"Instances","Name":"LuaSourceContainer","Superclass":"Instance","Tags":["NotCreatable","NotBrowsable"]},{"Members":[{"Category":"Behavior","MemberType":"Property","Name":"Disabled","Security":{"Read":"None","Write":"None"},"Serialization":{"CanLoad":true,"CanSave":true},"ThreadSafety":"ReadSafe","ValueType":{"Category":"Primitive","Name":"bool"}},{"Category":"Data","MemberType":"Property","Name":"LinkedSource","Security":{"Read":"None","Write":"None"},"Serialization":{"CanLoad":true,"CanSave":true},"ThreadSafety":"ReadSafe","ValueType":{"Category":"DataType","Name":"Content"}}],"MemoryCategory":"Script","Name":"BaseScript","Superclass":"LuaSourceContainer","Tags":["NotCreatable"]},{"Members":[],"MemoryCategory":"Script","Name":"CoreScript","Superclass":"BaseScript","Tags":["NotCreatable","NotReplicated"]},{"Members":[{"Category":"Data","MemberType":"Property","Name":"Source","Security":{"Read":"PluginSecurity","Write":"PluginSecurity"},"Serialization":{"CanLoad":true,"CanSave":true},"ThreadSafety":"ReadSafe","ValueType":{"Category":"DataType","Name":"ProtectedString"}},{"MemberType":"Function","Name":"GetHash","Parameters":[],"ReturnType":{"Category":"Primitive","Name":"string"},"Security":"LocalUserSecurity","ThreadSafety":"Unsafe"}],"MemoryCategory":"Script","Name":"Script","Superclass":"BaseScript"},{"Members":[],"MemoryCategory":"Script","Name":"LocalScript","Superclass":"Script"},{"Members":[{"Category":"Data","MemberType":"Property","Name":"LinkedSource","Security":{"Read":"None","Write":"None"},"Serialization":{"CanLoad":true,"CanSave":true},"ThreadSafety":"ReadSafe","ValueType":{"Category":"DataType","Name":"Content"}},{"Category":"Data","MemberType":"Property","Name":"Source","Security":{"Read":"PluginSecurity","Write":"PluginSecurity"},"Serialization":{"CanLoad":true,"CanSave":true},"ThreadSafety":"ReadSafe","ValueType":{"Category":"DataType","Name":"ProtectedString"}}],"MemoryCategory":"Script","Name":"ModuleScript","Superclass":"LuaSourceContainer"},{"Members":[],"MemoryCategory":"Instances","Name":"LuaWebService","Superclass":"Instance","Tags":["NotCreatable","Service"]},{"Members":[],"MemoryCategory":"Instances","Name":"LuauScriptAnalyzerService","Superclass":"Instance","Tags":["NotCreatable","Service","NotReplicated"]},{"Members":[{"Category":"Data","MemberType":"Property","Name":"Length","Security":{"Read":"None","Write":"None"},"Serialization":{"CanLoad":false,"CanSave":true},"Tags":["ReadOnly","NotReplicated"],"ThreadSafety":"ReadSafe","ValueType":{"Category":"Primitive","Name":"int"}},{"MemberType":"Function","Name":"GetMarkerAtIndex","Parameters":[{"Name":"index","Type":{"Category":"Primitive","Name":"int"}}],"ReturnType":{"Category":"Group","Name":"Dictionary"},"Security":"None","ThreadSafety":"Unsafe"},{"MemberType":"Function","Name":"GetMarkers","Parameters":[],"ReturnType":{"Category":"Group","Name":"Array"},"Security":"None","ThreadSafety":"Unsafe"},{"MemberType":"Function","Name":"InsertMarkerAtTime","Parameters":[{"Name":"time","Type":{"Category":"Primitive","Name":"float"}},{"Name":"marker","Type":{"Category":"Primitive","Name":"string"}}],"ReturnType":{"Category":"Group","Name":"Array"},"Security":"None","ThreadSafety":"Unsafe"},{"MemberType":"Function","Name":"RemoveMarkerAtIndex","Parameters":[{"Name":"startingIndex","Type":{"Category":"Primitive","Name":"int"}},{"Default":"1","Name":"count","Type":{"Category":"Primitive","Name":"int"}}],"ReturnType":{"Category":"Primitive","Name":"int"},"Security":"None","ThreadSafety":"Unsafe"}],"MemoryCategory":"Instances","Name":"MarkerCurve","Superclass":"Instance"},{"Members":[{"MemberType":"Function","Name":"PlayerCanMakePurchases","Parameters":[{"Name":"player","Type":{"Category":"Class","Name":"Instance"}}],"ReturnType":{"Category":"Primitive","Name":"bool"},"Security":"RobloxScriptSecurity","ThreadSafety":"Unsafe"},{"MemberType":"Function","Name":"PromptBundlePurchase","Parameters":[{"Name":"player","Type":{"Category":"Class","Name":"Instance"}},{"Name":"bundleId","Type":{"Category":"Primitive","Name":"int64"}}],"ReturnType":{"Category":"Primitive","Name":"void"},"Security":"None","ThreadSafety":"Unsafe"},{"MemberType":"Function","Name":"PromptGamePassPurchase","Parameters":[{"Name":"player","Type":{"Category":"Class","Name":"Instance"}},{"Name":"gamePassId","Type":{"Category":"Primitive","Name":"int64"}}],"ReturnType":{"Category":"Primitive","Name":"void"},"Security":"None","ThreadSafety":"Unsafe"},{"MemberType":"Function","Name":"PromptNativePurchase","Parameters":[{"Name":"player","Type":{"Category":"Class","Name":"Instance"}},{"Name":"productId","Type":{"Category":"Primitive","Name":"string"}}],"ReturnType":{"Category":"Primitive","Name":"void"},"Security":"RobloxScriptSecurity","ThreadSafety":"Unsafe"},{"MemberType":"Function","Name":"PromptPremiumPurchase","Parameters":[{"Name":"player","Type":{"Category":"Class","Name":"Instance"}}],"ReturnType":{"Category":"Primitive","Name":"void"},"Security":"None","ThreadSafety":"Unsafe"},{"MemberType":"Function","Name":"PromptProductPurchase","Parameters":[{"Name":"player","Type":{"Category":"Class","Name":"Instance"}},{"Name":"productId","Type":{"Category":"Primitive","Name":"int64"}},{"Default":"true","Name":"equipIfPurchased","Type":{"Category":"Primitive","Name":"bool"}},{"Default":"Default","Name":"currencyType","Type":{"Category":"Enum","Name":"CurrencyType"}}],"ReturnType":{"Category":"Primitive","Name":"void"},"Security":"None","ThreadSafety":"Unsafe"},{"MemberType":"Function","Name":"PromptPurchase","Parameters":[{"Name":"player","Type":{"Category":"Class","Name":"Instance"}},{"Name":"assetId","Type":{"Category":"Primitive","Name":"int64"}},{"Default":"true","Name":"equipIfPurchased","Type":{"Category":"Primitive","Name":"bool"}},{"Default":"Default","Name":"currencyType","Type":{"Category":"Enum","Name":"CurrencyType"}}],"ReturnType":{"Category":"Primitive","Name":"void"},"Security":"None","ThreadSafety":"Unsafe"},{"MemberType":"Function","Name":"PromptRobloxPurchase","Parameters":[{"Name":"assetId","Type":{"Category":"Primitive","Name":"int64"}},{"Name":"equipIfPurchased","Type":{"Category":"Primitive","Name":"bool"}}],"ReturnType":{"Category":"Primitive","Name":"void"},"Security":"RobloxScriptSecurity","ThreadSafety":"Unsafe"},{"MemberType":"Function","Name":"PromptSubscriptionCancellation","Parameters":[{"Name":"player","Type":{"Category":"Class","Name":"Instance"}},{"Name":"subscriptionId","Type":{"Category":"Primitive","Name":"int64"}}],"ReturnType":{"Category":"Primitive","Name":"void"},"Security":"None","ThreadSafety":"Unsafe"},{"MemberType":"Function","Name":"PromptSubscriptionPurchase","Parameters":[{"Name":"player","Type":{"Category":"Class","Name":"Instance"}},{"Name":"subscriptionId","Type":{"Category":"Primitive","Name":"int64"}}],"ReturnType":{"Category":"Primitive","Name":"void"},"Security":"None","ThreadSafety":"Unsafe"},{"MemberType":"Function","Name":"PromptThirdPartyPurchase","Parameters":[{"Name":"player","Type":{"Category":"Class","Name":"Instance"}},{"Name":"productId","Type":{"Category":"Primitive","Name":"string"}}],"ReturnType":{"Category":"Primitive","Name":"void"},"Security":"LocalUserSecurity","ThreadSafety":"Unsafe"},{"MemberType":"Function","Name":"ReportAssetSale","Parameters":[{"Name":"assetId","Type":{"Category":"Primitive","Name":"string"}},{"Name":"robuxAmount","Type":{"Category":"Primitive","Name":"int"}}],"ReturnType":{"Category":"Primitive","Name":"void"},"Security":"RobloxScriptSecurity","ThreadSafety":"Unsafe"},{"MemberType":"Function","Name":"ReportRobuxUpsellStarted","Parameters":[],"ReturnType":{"Category":"Primitive","Name":"void"},"Security":"RobloxScriptSecurity","ThreadSafety":"Unsafe"},{"MemberType":"Function","Name":"SignalAssetTypePurchased","Parameters":[{"Name":"player","Type":{"Category":"Class","Name":"Instance"}},{"Name":"assetType","Type":{"Category":"Enum","Name":"AssetType"}}],"ReturnType":{"Category":"Primitive","Name":"void"},"Security":"RobloxScriptSecurity","ThreadSafety":"Unsafe"},{"MemberType":"Function","Name":"SignalClientPurchaseSuccess","Parameters":[{"Name":"ticket","Type":{"Category":"Primitive","Name":"string"}},{"Name":"playerId","Type":{"Category":"Primitive","Name":"int64"}},{"Name":"productId","Type":{"Category":"Primitive","Name":"int64"}}],"ReturnType":{"Category":"Primitive","Name":"void"},"Security":"RobloxScriptSecurity","ThreadSafety":"Unsafe"},{"MemberType":"Function","Name":"SignalMockPurchasePremium","Parameters":[],"ReturnType":{"Category":"Primitive","Name":"void"},"Security":"RobloxScriptSecurity","ThreadSafety":"Unsafe"},{"MemberType":"Function","Name":"SignalPromptBundlePurchaseFinished","Parameters":[{"Name":"player","Type":{"Category":"Class","Name":"Instance"}},{"Name":"bundleId","Type":{"Category":"Primitive","Name":"int64"}},{"Name":"success","Type":{"Category":"Primitive","Name":"bool"}}],"ReturnType":{"Category":"Primitive","Name":"void"},"Security":"RobloxScriptSecurity","ThreadSafety":"Unsafe"},{"MemberType":"Function","Name":"SignalPromptGamePassPurchaseFinished","Parameters":[{"Name":"player","Type":{"Category":"Class","Name":"Instance"}},{"Name":"gamePassId","Type":{"Category":"Primitive","Name":"int64"}},{"Name":"success","Type":{"Category":"Primitive","Name":"bool"}}],"ReturnType":{"Category":"Primitive","Name":"void"},"Security":"RobloxScriptSecurity","ThreadSafety":"Unsafe"},{"MemberType":"Function","Name":"SignalPromptPremiumPurchaseFinished","Parameters":[{"Name":"didTryPurchasing","Type":{"Category":"Primitive","Name":"bool"}}],"ReturnType":{"Category":"Primitive","Name":"void"},"Security":"RobloxScriptSecurity","ThreadSafety":"Unsafe"},{"MemberType":"Function","Name":"SignalPromptProductPurchaseFinished","Parameters":[{"Name":"userId","Type":{"Category":"Primitive","Name":"int64"}},{"Name":"productId","Type":{"Category":"Primitive","Name":"int64"}},{"Name":"success","Type":{"Category":"Primitive","Name":"bool"}}],"ReturnType":{"Category":"Primitive","Name":"void"},"Security":"RobloxScriptSecurity","ThreadSafety":"Unsafe"},{"MemberType":"Function","Name":"SignalPromptPurchaseFinished","Parameters":[{"Name":"player","Type":{"Category":"Class","Name":"Instance"}},{"Name":"assetId","Type":{"Category":"Primitive","Name":"int64"}},{"Name":"success","Type":{"Category":"Primitive","Name":"bool"}}],"ReturnType":{"Category":"Primitive","Name":"void"},"Security":"RobloxScriptSecurity","ThreadSafety":"Unsafe"},{"MemberType":"Function","Name":"SignalPromptSubscriptionCancellationFinished","Parameters":[{"Name":"player","Type":{"Category":"Class","Name":"Instance"}},{"Name":"subscriptionId","Type":{"Category":"Primitive","Name":"int64"}},{"Name":"wasCanceled","Type":{"Category":"Primitive","Name":"bool"}}],"ReturnType":{"Category":"Primitive","Name":"void"},"Security":"RobloxScriptSecurity","ThreadSafety":"Unsafe"},{"MemberType":"Function","Name":"SignalPromptSubscriptionPurchaseFinished","Parameters":[{"Name":"player","Type":{"Category":"Class","Name":"Instance"}},{"Name":"subscriptionId","Type":{"Category":"Primitive","Name":"int64"}},{"Name":"wasPurchased","Type":{"Category":"Primitive","Name":"bool"}}],"ReturnType":{"Category":"Primitive","Name":"void"},"Security":"RobloxScriptSecurity","ThreadSafety":"Unsafe"},{"MemberType":"Function","Name":"SignalServerLuaDialogClosed","Parameters":[{"Name":"value","Type":{"Category":"Primitive","Name":"bool"}}],"ReturnType":{"Category":"Primitive","Name":"void"},"Security":"RobloxScriptSecurity","ThreadSafety":"Unsafe"},{"MemberType":"Function","Name":"GetDeveloperProductsAsync","Parameters":[],"ReturnType":{"Category":"Class","Name":"Instance"},"Security":"None","Tags":["Yields"],"ThreadSafety":"Unsafe"},{"MemberType":"Function","Name":"GetProductInfo","Parameters":[{"Name":"assetId","Type":{"Category":"Primitive","Name":"int64"}},{"Default":"Asset","Name":"infoType","Type":{"Category":"Enum","Name":"InfoType"}}],"ReturnType":{"Category":"Group","Name":"Dictionary"},"Security":"None","Tags":["Yields"],"ThreadSafety":"Unsafe"},{"MemberType":"Function","Name":"GetRobuxBalance","Parameters":[],"ReturnType":{"Category":"Primitive","Name":"int"},"Security":"RobloxScriptSecurity","Tags":["Yields"],"ThreadSafety":"Unsafe"},{"MemberType":"Function","Name":"IsPlayerSubscribed","Parameters":[{"Name":"player","Type":{"Category":"Class","Name":"Instance"}},{"Name":"subscriptionId","Type":{"Category":"Primitive","Name":"int64"}}],"ReturnType":{"Category":"Primitive","Name":"bool"},"Security":"None","Tags":["Yields"],"ThreadSafety":"Unsafe"},{"MemberType":"Function","Name":"PerformPurchase","Parameters":[{"Name":"infoType","Type":{"Category":"Enum","Name":"InfoType"}},{"Name":"productId","Type":{"Category":"Primitive","Name":"int64"}},{"Name":"expectedPrice","Type":{"Category":"Primitive","Name":"int"}},{"Name":"requestId","Type":{"Category":"Primitive","Name":"string"}},{"Name":"isRobloxPurchase","Type":{"Category":"Primitive","Name":"bool"}}],"ReturnType":{"Category":"Group","Name":"Dictionary"},"Security":"RobloxScriptSecurity","Tags":["Yields"],"ThreadSafety":"Unsafe"},{"MemberType":"Function","Name":"PlayerOwnsAsset","Parameters":[{"Name":"player","Type":{"Category":"Class","Name":"Instance"}},{"Name":"assetId","Type":{"Category":"Primitive","Name":"int64"}}],"ReturnType":{"Category":"Primitive","Name":"bool"},"Security":"None","Tags":["Yields"],"ThreadSafety":"Unsafe"},{"MemberType":"Function","Name":"UserOwnsGamePassAsync","Parameters":[{"Name":"userId","Type":{"Category":"Primitive","Name":"int64"}},{"Name":"gamePassId","Type":{"Category":"Primitive","Name":"int64"}}],"ReturnType":{"Category":"Primitive","Name":"bool"},"Security":"None","Tags":["Yields"],"ThreadSafety":"Unsafe"},{"MemberType":"Event","Name":"ClientLuaDialogRequested","Parameters":[{"Name":"arguments","Type":{"Category":"Group","Name":"Tuple"}}],"Security":"RobloxScriptSecurity","ThreadSafety":"Unsafe"},{"MemberType":"Event","Name":"ClientPurchaseSuccess","Parameters":[{"Name":"ticket","Type":{"Category":"Primitive","Name":"string"}},{"Name":"playerId","Type":{"Category":"Primitive","Name":"int64"}},{"Name":"productId","Type":{"Category":"Primitive","Name":"int64"}}],"Security":"RobloxScriptSecurity","ThreadSafety":"Unsafe"},{"MemberType":"Event","Name":"NativePurchaseFinished","Parameters":[{"Name":"player","Type":{"Category":"Class","Name":"Instance"}},{"Name":"productId","Type":{"Category":"Primitive","Name":"string"}},{"Name":"wasPurchased","Type":{"Category":"Primitive","Name":"bool"}}],"Security":"RobloxScriptSecurity","ThreadSafety":"Unsafe"},{"MemberType":"Event","Name":"PromptBundlePurchaseFinished","Parameters":[{"Name":"player","Type":{"Category":"Class","Name":"Instance"}},{"Name":"bundleId","Type":{"Category":"Primitive","Name":"int64"}},{"Name":"wasPurchased","Type":{"Category":"Primitive","Name":"bool"}}],"Security":"None","ThreadSafety":"Unsafe"},{"MemberType":"Event","Name":"PromptBundlePurchaseRequested","Parameters":[{"Name":"player","Type":{"Category":"Class","Name":"Instance"}},{"Name":"bundleId","Type":{"Category":"Primitive","Name":"int64"}}],"Security":"RobloxScriptSecurity","ThreadSafety":"Unsafe"},{"MemberType":"Event","Name":"PromptGamePassPurchaseFinished","Parameters":[{"Name":"player","Type":{"Category":"Class","Name":"Instance"}},{"Name":"gamePassId","Type":{"Category":"Primitive","Name":"int64"}},{"Name":"wasPurchased","Type":{"Category":"Primitive","Name":"bool"}}],"Security":"None","ThreadSafety":"Unsafe"},{"MemberType":"Event","Name":"PromptGamePassPurchaseRequested","Parameters":[{"Name":"player","Type":{"Category":"Class","Name":"Instance"}},{"Name":"gamePassId","Type":{"Category":"Primitive","Name":"int64"}}],"Security":"RobloxScriptSecurity","ThreadSafety":"Unsafe"},{"MemberType":"Event","Name":"PromptPremiumPurchaseFinished","Parameters":[],"Security":"None","ThreadSafety":"Unsafe"},{"MemberType":"Event","Name":"PromptPremiumPurchaseRequested","Parameters":[{"Name":"player","Type":{"Category":"Class","Name":"Instance"}}],"Security":"RobloxScriptSecurity","ThreadSafety":"Unsafe"},{"MemberType":"Event","Name":"PromptProductPurchaseFinished","Parameters":[{"Name":"userId","Type":{"Category":"Primitive","Name":"int64"}},{"Name":"productId","Type":{"Category":"Primitive","Name":"int64"}},{"Name":"isPurchased","Type":{"Category":"Primitive","Name":"bool"}}],"Security":"None","Tags":["Deprecated"],"ThreadSafety":"Unsafe"},{"MemberType":"Event","Name":"PromptProductPurchaseRequested","Parameters":[{"Name":"player","Type":{"Category":"Class","Name":"Instance"}},{"Name":"productId","Type":{"Category":"Primitive","Name":"int64"}},{"Name":"equipIfPurchased","Type":{"Category":"Primitive","Name":"bool"}},{"Name":"currencyType","Type":{"Category":"Enum","Name":"CurrencyType"}}],"Security":"RobloxScriptSecurity","ThreadSafety":"Unsafe"},{"MemberType":"Event","Name":"PromptPurchaseFinished","Parameters":[{"Name":"player","Type":{"Category":"Class","Name":"Instance"}},{"Name":"assetId","Type":{"Category":"Primitive","Name":"int64"}},{"Name":"isPurchased","Type":{"Category":"Primitive","Name":"bool"}}],"Security":"None","ThreadSafety":"Unsafe"},{"MemberType":"Event","Name":"PromptPurchaseRequested","Parameters":[{"Name":"player","Type":{"Category":"Class","Name":"Instance"}},{"Name":"assetId","Type":{"Category":"Primitive","Name":"int64"}},{"Name":"equipIfPurchased","Type":{"Category":"Primitive","Name":"bool"}},{"Name":"currencyType","Type":{"Category":"Enum","Name":"CurrencyType"}}],"Security":"RobloxScriptSecurity","ThreadSafety":"Unsafe"},{"MemberType":"Event","Name":"PromptRobloxPurchaseRequested","Parameters":[{"Name":"assetId","Type":{"Category":"Primitive","Name":"int64"}},{"Name":"equipIfPurchased","Type":{"Category":"Primitive","Name":"bool"}}],"Security":"RobloxScriptSecurity","ThreadSafety":"Unsafe"},{"MemberType":"Event","Name":"PromptSubscriptionCancellationFinished","Parameters":[{"Name":"player","Type":{"Category":"Class","Name":"Instance"}},{"Name":"subscriptionId","Type":{"Category":"Primitive","Name":"int64"}},{"Name":"wasCanceled","Type":{"Category":"Primitive","Name":"bool"}}],"Security":"None","ThreadSafety":"Unsafe"},{"MemberType":"Event","Name":"PromptSubscriptionCancellationRequested","Parameters":[{"Name":"player","Type":{"Category":"Class","Name":"Instance"}},{"Name":"subscriptionId","Type":{"Category":"Primitive","Name":"int64"}}],"Security":"RobloxScriptSecurity","ThreadSafety":"Unsafe"},{"MemberType":"Event","Name":"PromptSubscriptionPurchaseFinished","Parameters":[{"Name":"player","Type":{"Category":"Class","Name":"Instance"}},{"Name":"subscriptionId","Type":{"Category":"Primitive","Name":"int64"}},{"Name":"wasPurchased","Type":{"Category":"Primitive","Name":"bool"}}],"Security":"None","ThreadSafety":"Unsafe"},{"MemberType":"Event","Name":"PromptSubscriptionPurchaseRequested","Parameters":[{"Name":"player","Type":{"Category":"Class","Name":"Instance"}},{"Name":"subscriptionId","Type":{"Category":"Primitive","Name":"int64"}}],"Security":"RobloxScriptSecurity","ThreadSafety":"Unsafe"},{"MemberType":"Event","Name":"ServerPurchaseVerification","Parameters":[{"Name":"serverResponseTable","Type":{"Category":"Group","Name":"Dictionary"}}],"Security":"RobloxScriptSecurity","ThreadSafety":"Unsafe"},{"MemberType":"Event","Name":"ThirdPartyPurchaseFinished","Parameters":[{"Name":"player","Type":{"Category":"Class","Name":"Instance"}},{"Name":"productId","Type":{"Category":"Primitive","Name":"string"}},{"Name":"receipt","Type":{"Category":"Primitive","Name":"string"}},{"Name":"wasPurchased","Type":{"Category":"Primitive","Name":"bool"}}],"Security":"LocalUserSecurity","ThreadSafety":"Unsafe"},{"MemberType":"Callback","Name":"ProcessReceipt","Parameters":[{"Name":"receiptInfo","Type":{"Category":"Group","Name":"Dictionary"}}],"ReturnType":{"Category":"Enum","Name":"ProductPurchaseDecision"},"Security":"None","ThreadSafety":"Unsafe"}],"MemoryCategory":"Instances","Name":"MarketplaceService","Superclass":"Instance","Tags":["NotCreatable","Service"]},{"Members":[{"Category":"Material Overrides","MemberType":"Property","Name":"AsphaltName","Security":{"Read":"RobloxSecurity","Write":"RobloxSecurity"},"Serialization":{"CanLoad":true,"CanSave":true},"Tags":["NotScriptable"],"ThreadSafety":"ReadSafe","ValueType":{"Category":"Primitive","Name":"string"}},{"Category":"Material Overrides","MemberType":"Property","Name":"BasaltName","Security":{"Read":"RobloxSecurity","Write":"RobloxSecurity"},"Serialization":{"CanLoad":true,"CanSave":true},"Tags":["NotScriptable"],"ThreadSafety":"ReadSafe","ValueType":{"Category":"Primitive","Name":"string"}},{"Category":"Material Overrides","MemberType":"Property","Name":"Brick","Security":{"Read":"RobloxSecurity","Write":"RobloxSecurity"},"Serialization":{"CanLoad":true,"CanSave":true},"Tags":["NotScriptable"],"ThreadSafety":"ReadSafe","ValueType":{"Category":"Class","Name":"MaterialVariant"}},{"Category":"Material Overrides","MemberType":"Property","Name":"BrickName","Security":{"Read":"RobloxSecurity","Write":"RobloxSecurity"},"Serialization":{"CanLoad":true,"CanSave":true},"Tags":["NotScriptable"],"ThreadSafety":"ReadSafe","ValueType":{"Category":"Primitive","Name":"string"}},{"Category":"Material Overrides","MemberType":"Property","Name":"Cobblestone","Security":{"Read":"RobloxSecurity","Write":"RobloxSecurity"},"Serialization":{"CanLoad":true,"CanSave":true},"Tags":["NotScriptable"],"ThreadSafety":"ReadSafe","ValueType":{"Category":"Class","Name":"MaterialVariant"}},{"Category":"Material Overrides","MemberType":"Property","Name":"CobblestoneName","Security":{"Read":"RobloxSecurity","Write":"RobloxSecurity"},"Serialization":{"CanLoad":true,"CanSave":true},"Tags":["NotScriptable"],"ThreadSafety":"ReadSafe","ValueType":{"Category":"Primitive","Name":"string"}},{"Category":"Material Overrides","MemberType":"Property","Name":"Concrete","Security":{"Read":"RobloxSecurity","Write":"RobloxSecurity"},"Serialization":{"CanLoad":true,"CanSave":true},"Tags":["NotScriptable"],"ThreadSafety":"ReadSafe","ValueType":{"Category":"Class","Name":"MaterialVariant"}},{"Category":"Material Overrides","MemberType":"Property","Name":"ConcreteName","Security":{"Read":"RobloxSecurity","Write":"RobloxSecurity"},"Serialization":{"CanLoad":true,"CanSave":true},"Tags":["NotScriptable"],"ThreadSafety":"ReadSafe","ValueType":{"Category":"Primitive","Name":"string"}},{"Category":"Material Overrides","MemberType":"Property","Name":"CorrodedMetal","Security":{"Read":"RobloxSecurity","Write":"RobloxSecurity"},"Serialization":{"CanLoad":true,"CanSave":true},"Tags":["NotScriptable"],"ThreadSafety":"ReadSafe","ValueType":{"Category":"Class","Name":"MaterialVariant"}},{"Category":"Material Overrides","MemberType":"Property","Name":"CorrodedMetalName","Security":{"Read":"RobloxSecurity","Write":"RobloxSecurity"},"Serialization":{"CanLoad":true,"CanSave":true},"Tags":["NotScriptable"],"ThreadSafety":"ReadSafe","ValueType":{"Category":"Primitive","Name":"string"}},{"Category":"Material Overrides","MemberType":"Property","Name":"CrackedLavaName","Security":{"Read":"RobloxSecurity","Write":"RobloxSecurity"},"Serialization":{"CanLoad":true,"CanSave":true},"Tags":["NotScriptable"],"ThreadSafety":"ReadSafe","ValueType":{"Category":"Primitive","Name":"string"}},{"Category":"Material Overrides","MemberType":"Property","Name":"DiamondPlate","Security":{"Read":"RobloxSecurity","Write":"RobloxSecurity"},"Serialization":{"CanLoad":true,"CanSave":true},"Tags":["NotScriptable"],"ThreadSafety":"ReadSafe","ValueType":{"Category":"Class","Name":"MaterialVariant"}},{"Category":"Material Overrides","MemberType":"Property","Name":"DiamondPlateName","Security":{"Read":"RobloxSecurity","Write":"RobloxSecurity"},"Serialization":{"CanLoad":true,"CanSave":true},"Tags":["NotScriptable"],"ThreadSafety":"ReadSafe","ValueType":{"Category":"Primitive","Name":"string"}},{"Category":"Material Overrides","MemberType":"Property","Name":"Fabric","Security":{"Read":"RobloxSecurity","Write":"RobloxSecurity"},"Serialization":{"CanLoad":true,"CanSave":true},"Tags":["NotScriptable"],"ThreadSafety":"ReadSafe","ValueType":{"Category":"Class","Name":"MaterialVariant"}},{"Category":"Material Overrides","MemberType":"Property","Name":"FabricName","Security":{"Read":"RobloxSecurity","Write":"RobloxSecurity"},"Serialization":{"CanLoad":true,"CanSave":true},"Tags":["NotScriptable"],"ThreadSafety":"ReadSafe","ValueType":{"Category":"Primitive","Name":"string"}},{"Category":"Material Overrides","MemberType":"Property","Name":"Foil","Security":{"Read":"RobloxSecurity","Write":"RobloxSecurity"},"Serialization":{"CanLoad":true,"CanSave":true},"Tags":["NotScriptable"],"ThreadSafety":"ReadSafe","ValueType":{"Category":"Class","Name":"MaterialVariant"}},{"Category":"Material Overrides","MemberType":"Property","Name":"FoilName","Security":{"Read":"RobloxSecurity","Write":"RobloxSecurity"},"Serialization":{"CanLoad":true,"CanSave":true},"Tags":["NotScriptable"],"ThreadSafety":"ReadSafe","ValueType":{"Category":"Primitive","Name":"string"}},{"Category":"Material Overrides","MemberType":"Property","Name":"GlacierName","Security":{"Read":"RobloxSecurity","Write":"RobloxSecurity"},"Serialization":{"CanLoad":true,"CanSave":true},"Tags":["NotScriptable"],"ThreadSafety":"ReadSafe","ValueType":{"Category":"Primitive","Name":"string"}},{"Category":"Material Overrides","MemberType":"Property","Name":"Granite","Security":{"Read":"RobloxSecurity","Write":"RobloxSecurity"},"Serialization":{"CanLoad":true,"CanSave":true},"Tags":["NotScriptable"],"ThreadSafety":"ReadSafe","ValueType":{"Category":"Class","Name":"MaterialVariant"}},{"Category":"Material Overrides","MemberType":"Property","Name":"GraniteName","Security":{"Read":"RobloxSecurity","Write":"RobloxSecurity"},"Serialization":{"CanLoad":true,"CanSave":true},"Tags":["NotScriptable"],"ThreadSafety":"ReadSafe","ValueType":{"Category":"Primitive","Name":"string"}},{"Category":"Material Overrides","MemberType":"Property","Name":"Grass","Security":{"Read":"RobloxSecurity","Write":"RobloxSecurity"},"Serialization":{"CanLoad":true,"CanSave":true},"Tags":["NotScriptable"],"ThreadSafety":"ReadSafe","ValueType":{"Category":"Class","Name":"MaterialVariant"}},{"Category":"Material Overrides","MemberType":"Property","Name":"GrassName","Security":{"Read":"RobloxSecurity","Write":"RobloxSecurity"},"Serialization":{"CanLoad":true,"CanSave":true},"Tags":["NotScriptable"],"ThreadSafety":"ReadSafe","ValueType":{"Category":"Primitive","Name":"string"}},{"Category":"Material Overrides","MemberType":"Property","Name":"GroundName","Security":{"Read":"RobloxSecurity","Write":"RobloxSecurity"},"Serialization":{"CanLoad":true,"CanSave":true},"Tags":["NotScriptable"],"ThreadSafety":"ReadSafe","ValueType":{"Category":"Primitive","Name":"string"}},{"Category":"Material Overrides","MemberType":"Property","Name":"Ice","Security":{"Read":"RobloxSecurity","Write":"RobloxSecurity"},"Serialization":{"CanLoad":true,"CanSave":true},"Tags":["NotScriptable"],"ThreadSafety":"ReadSafe","ValueType":{"Category":"Class","Name":"MaterialVariant"}},{"Category":"Material Overrides","MemberType":"Property","Name":"IceName","Security":{"Read":"RobloxSecurity","Write":"RobloxSecurity"},"Serialization":{"CanLoad":true,"CanSave":true},"Tags":["NotScriptable"],"ThreadSafety":"ReadSafe","ValueType":{"Category":"Primitive","Name":"string"}},{"Category":"Material Overrides","MemberType":"Property","Name":"LeafyGrassName","Security":{"Read":"RobloxSecurity","Write":"RobloxSecurity"},"Serialization":{"CanLoad":true,"CanSave":true},"Tags":["NotScriptable"],"ThreadSafety":"ReadSafe","ValueType":{"Category":"Primitive","Name":"string"}},{"Category":"Material Overrides","MemberType":"Property","Name":"LimestoneName","Security":{"Read":"RobloxSecurity","Write":"RobloxSecurity"},"Serialization":{"CanLoad":true,"CanSave":true},"Tags":["NotScriptable"],"ThreadSafety":"ReadSafe","ValueType":{"Category":"Primitive","Name":"string"}},{"Category":"Material Overrides","MemberType":"Property","Name":"Marble","Security":{"Read":"RobloxSecurity","Write":"RobloxSecurity"},"Serialization":{"CanLoad":true,"CanSave":true},"Tags":["NotScriptable"],"ThreadSafety":"ReadSafe","ValueType":{"Category":"Class","Name":"MaterialVariant"}},{"Category":"Material Overrides","MemberType":"Property","Name":"MarbleName","Security":{"Read":"RobloxSecurity","Write":"RobloxSecurity"},"Serialization":{"CanLoad":true,"CanSave":true},"Tags":["NotScriptable"],"ThreadSafety":"ReadSafe","ValueType":{"Category":"Primitive","Name":"string"}},{"Category":"Material Overrides","MemberType":"Property","Name":"Metal","Security":{"Read":"RobloxSecurity","Write":"RobloxSecurity"},"Serialization":{"CanLoad":true,"CanSave":true},"Tags":["NotScriptable"],"ThreadSafety":"ReadSafe","ValueType":{"Category":"Class","Name":"MaterialVariant"}},{"Category":"Material Overrides","MemberType":"Property","Name":"MetalName","Security":{"Read":"RobloxSecurity","Write":"RobloxSecurity"},"Serialization":{"CanLoad":true,"CanSave":true},"Tags":["NotScriptable"],"ThreadSafety":"ReadSafe","ValueType":{"Category":"Primitive","Name":"string"}},{"Category":"Material Overrides","MemberType":"Property","Name":"MudName","Security":{"Read":"RobloxSecurity","Write":"RobloxSecurity"},"Serialization":{"CanLoad":true,"CanSave":true},"Tags":["NotScriptable"],"ThreadSafety":"ReadSafe","ValueType":{"Category":"Primitive","Name":"string"}},{"Category":"Material Overrides","MemberType":"Property","Name":"PavementName","Security":{"Read":"RobloxSecurity","Write":"RobloxSecurity"},"Serialization":{"CanLoad":true,"CanSave":true},"Tags":["NotScriptable"],"ThreadSafety":"ReadSafe","ValueType":{"Category":"Primitive","Name":"string"}},{"Category":"Material Overrides","MemberType":"Property","Name":"Pebble","Security":{"Read":"RobloxSecurity","Write":"RobloxSecurity"},"Serialization":{"CanLoad":true,"CanSave":true},"Tags":["NotScriptable"],"ThreadSafety":"ReadSafe","ValueType":{"Category":"Class","Name":"MaterialVariant"}},{"Category":"Material Overrides","MemberType":"Property","Name":"PebbleName","Security":{"Read":"RobloxSecurity","Write":"RobloxSecurity"},"Serialization":{"CanLoad":true,"CanSave":true},"Tags":["NotScriptable"],"ThreadSafety":"ReadSafe","ValueType":{"Category":"Primitive","Name":"string"}},{"Category":"Material Overrides","MemberType":"Property","Name":"Plastic","Security":{"Read":"RobloxSecurity","Write":"RobloxSecurity"},"Serialization":{"CanLoad":true,"CanSave":true},"Tags":["NotScriptable"],"ThreadSafety":"ReadSafe","ValueType":{"Category":"Class","Name":"MaterialVariant"}},{"Category":"Material Overrides","MemberType":"Property","Name":"PlasticName","Security":{"Read":"RobloxSecurity","Write":"RobloxSecurity"},"Serialization":{"CanLoad":true,"CanSave":true},"Tags":["NotScriptable"],"ThreadSafety":"ReadSafe","ValueType":{"Category":"Primitive","Name":"string"}},{"Category":"Material Overrides","MemberType":"Property","Name":"RockName","Security":{"Read":"RobloxSecurity","Write":"RobloxSecurity"},"Serialization":{"CanLoad":true,"CanSave":true},"Tags":["NotScriptable"],"ThreadSafety":"ReadSafe","ValueType":{"Category":"Primitive","Name":"string"}},{"Category":"Material Overrides","MemberType":"Property","Name":"SaltName","Security":{"Read":"RobloxSecurity","Write":"RobloxSecurity"},"Serialization":{"CanLoad":true,"CanSave":true},"Tags":["NotScriptable"],"ThreadSafety":"ReadSafe","ValueType":{"Category":"Primitive","Name":"string"}},{"Category":"Material Overrides","MemberType":"Property","Name":"Sand","Security":{"Read":"RobloxSecurity","Write":"RobloxSecurity"},"Serialization":{"CanLoad":true,"CanSave":true},"Tags":["NotScriptable"],"ThreadSafety":"ReadSafe","ValueType":{"Category":"Class","Name":"MaterialVariant"}},{"Category":"Material Overrides","MemberType":"Property","Name":"SandName","Security":{"Read":"RobloxSecurity","Write":"RobloxSecurity"},"Serialization":{"CanLoad":true,"CanSave":true},"Tags":["NotScriptable"],"ThreadSafety":"ReadSafe","ValueType":{"Category":"Primitive","Name":"string"}},{"Category":"Material Overrides","MemberType":"Property","Name":"SandstoneName","Security":{"Read":"RobloxSecurity","Write":"RobloxSecurity"},"Serialization":{"CanLoad":true,"CanSave":true},"Tags":["NotScriptable"],"ThreadSafety":"ReadSafe","ValueType":{"Category":"Primitive","Name":"string"}},{"Category":"Material Overrides","MemberType":"Property","Name":"Slate","Security":{"Read":"RobloxSecurity","Write":"RobloxSecurity"},"Serialization":{"CanLoad":true,"CanSave":true},"Tags":["NotScriptable"],"ThreadSafety":"ReadSafe","ValueType":{"Category":"Class","Name":"MaterialVariant"}},{"Category":"Material Overrides","MemberType":"Property","Name":"SlateName","Security":{"Read":"RobloxSecurity","Write":"RobloxSecurity"},"Serialization":{"CanLoad":true,"CanSave":true},"Tags":["NotScriptable"],"ThreadSafety":"ReadSafe","ValueType":{"Category":"Primitive","Name":"string"}},{"Category":"Material Overrides","MemberType":"Property","Name":"SmoothPlastic","Security":{"Read":"RobloxSecurity","Write":"RobloxSecurity"},"Serialization":{"CanLoad":true,"CanSave":true},"Tags":["NotScriptable"],"ThreadSafety":"ReadSafe","ValueType":{"Category":"Class","Name":"MaterialVariant"}},{"Category":"Material Overrides","MemberType":"Property","Name":"SmoothPlasticName","Security":{"Read":"RobloxSecurity","Write":"RobloxSecurity"},"Serialization":{"CanLoad":true,"CanSave":true},"Tags":["NotScriptable"],"ThreadSafety":"ReadSafe","ValueType":{"Category":"Primitive","Name":"string"}},{"Category":"Material Overrides","MemberType":"Property","Name":"SnowName","Security":{"Read":"RobloxSecurity","Write":"RobloxSecurity"},"Serialization":{"CanLoad":true,"CanSave":true},"Tags":["NotScriptable"],"ThreadSafety":"ReadSafe","ValueType":{"Category":"Primitive","Name":"string"}},{"Category":"Terrain Overrides","MemberType":"Property","Name":"TerrainAsphalt","Security":{"Read":"RobloxSecurity","Write":"RobloxSecurity"},"Serialization":{"CanLoad":true,"CanSave":true},"Tags":["NotScriptable"],"ThreadSafety":"ReadSafe","ValueType":{"Category":"Class","Name":"MaterialVariant"}},{"Category":"Terrain Overrides","MemberType":"Property","Name":"TerrainBasalt","Security":{"Read":"RobloxSecurity","Write":"RobloxSecurity"},"Serialization":{"CanLoad":true,"CanSave":true},"Tags":["NotScriptable"],"ThreadSafety":"ReadSafe","ValueType":{"Category":"Class","Name":"MaterialVariant"}},{"Category":"Terrain Overrides","MemberType":"Property","Name":"TerrainBrick","Security":{"Read":"RobloxSecurity","Write":"RobloxSecurity"},"Serialization":{"CanLoad":true,"CanSave":true},"Tags":["NotScriptable"],"ThreadSafety":"ReadSafe","ValueType":{"Category":"Class","Name":"MaterialVariant"}},{"Category":"Terrain Overrides","MemberType":"Property","Name":"TerrainCobblestone","Security":{"Read":"RobloxSecurity","Write":"RobloxSecurity"},"Serialization":{"CanLoad":true,"CanSave":true},"Tags":["NotScriptable"],"ThreadSafety":"ReadSafe","ValueType":{"Category":"Class","Name":"MaterialVariant"}},{"Category":"Terrain Overrides","MemberType":"Property","Name":"TerrainConcrete","Security":{"Read":"RobloxSecurity","Write":"RobloxSecurity"},"Serialization":{"CanLoad":true,"CanSave":true},"Tags":["NotScriptable"],"ThreadSafety":"ReadSafe","ValueType":{"Category":"Class","Name":"MaterialVariant"}},{"Category":"Terrain Overrides","MemberType":"Property","Name":"TerrainCrackedLava","Security":{"Read":"RobloxSecurity","Write":"RobloxSecurity"},"Serialization":{"CanLoad":true,"CanSave":true},"Tags":["NotScriptable"],"ThreadSafety":"ReadSafe","ValueType":{"Category":"Class","Name":"MaterialVariant"}},{"Category":"Terrain Overrides","MemberType":"Property","Name":"TerrainGlacier","Security":{"Read":"RobloxSecurity","Write":"RobloxSecurity"},"Serialization":{"CanLoad":true,"CanSave":true},"Tags":["NotScriptable"],"ThreadSafety":"ReadSafe","ValueType":{"Category":"Class","Name":"MaterialVariant"}},{"Category":"Terrain Overrides","MemberType":"Property","Name":"TerrainGrass","Security":{"Read":"RobloxSecurity","Write":"RobloxSecurity"},"Serialization":{"CanLoad":true,"CanSave":true},"Tags":["NotScriptable"],"ThreadSafety":"ReadSafe","ValueType":{"Category":"Class","Name":"MaterialVariant"}},{"Category":"Terrain Overrides","MemberType":"Property","Name":"TerrainGround","Security":{"Read":"RobloxSecurity","Write":"RobloxSecurity"},"Serialization":{"CanLoad":true,"CanSave":true},"Tags":["NotScriptable"],"ThreadSafety":"ReadSafe","ValueType":{"Category":"Class","Name":"MaterialVariant"}},{"Category":"Terrain Overrides","MemberType":"Property","Name":"TerrainIce","Security":{"Read":"RobloxSecurity","Write":"RobloxSecurity"},"Serialization":{"CanLoad":true,"CanSave":true},"Tags":["NotScriptable"],"ThreadSafety":"ReadSafe","ValueType":{"Category":"Class","Name":"MaterialVariant"}},{"Category":"Terrain Overrides","MemberType":"Property","Name":"TerrainLeafyGrass","Security":{"Read":"RobloxSecurity","Write":"RobloxSecurity"},"Serialization":{"CanLoad":true,"CanSave":true},"Tags":["NotScriptable"],"ThreadSafety":"ReadSafe","ValueType":{"Category":"Class","Name":"MaterialVariant"}},{"Category":"Terrain Overrides","MemberType":"Property","Name":"TerrainLimestone","Security":{"Read":"RobloxSecurity","Write":"RobloxSecurity"},"Serialization":{"CanLoad":true,"CanSave":true},"Tags":["NotScriptable"],"ThreadSafety":"ReadSafe","ValueType":{"Category":"Class","Name":"MaterialVariant"}},{"Category":"Terrain Overrides","MemberType":"Property","Name":"TerrainMud","Security":{"Read":"RobloxSecurity","Write":"RobloxSecurity"},"Serialization":{"CanLoad":true,"CanSave":true},"Tags":["NotScriptable"],"ThreadSafety":"ReadSafe","ValueType":{"Category":"Class","Name":"MaterialVariant"}},{"Category":"Terrain Overrides","MemberType":"Property","Name":"TerrainPavement","Security":{"Read":"RobloxSecurity","Write":"RobloxSecurity"},"Serialization":{"CanLoad":true,"CanSave":true},"Tags":["NotScriptable"],"ThreadSafety":"ReadSafe","ValueType":{"Category":"Class","Name":"MaterialVariant"}},{"Category":"Terrain Overrides","MemberType":"Property","Name":"TerrainRock","Security":{"Read":"RobloxSecurity","Write":"RobloxSecurity"},"Serialization":{"CanLoad":true,"CanSave":true},"Tags":["NotScriptable"],"ThreadSafety":"ReadSafe","ValueType":{"Category":"Class","Name":"MaterialVariant"}},{"Category":"Terrain Overrides","MemberType":"Property","Name":"TerrainSalt","Security":{"Read":"RobloxSecurity","Write":"RobloxSecurity"},"Serialization":{"CanLoad":true,"CanSave":true},"Tags":["NotScriptable"],"ThreadSafety":"ReadSafe","ValueType":{"Category":"Class","Name":"MaterialVariant"}},{"Category":"Terrain Overrides","MemberType":"Property","Name":"TerrainSand","Security":{"Read":"RobloxSecurity","Write":"RobloxSecurity"},"Serialization":{"CanLoad":true,"CanSave":true},"Tags":["NotScriptable"],"ThreadSafety":"ReadSafe","ValueType":{"Category":"Class","Name":"MaterialVariant"}},{"Category":"Terrain Overrides","MemberType":"Property","Name":"TerrainSandstone","Security":{"Read":"RobloxSecurity","Write":"RobloxSecurity"},"Serialization":{"CanLoad":true,"CanSave":true},"Tags":["NotScriptable"],"ThreadSafety":"ReadSafe","ValueType":{"Category":"Class","Name":"MaterialVariant"}},{"Category":"Terrain Overrides","MemberType":"Property","Name":"TerrainSlate","Security":{"Read":"RobloxSecurity","Write":"RobloxSecurity"},"Serialization":{"CanLoad":true,"CanSave":true},"Tags":["NotScriptable"],"ThreadSafety":"ReadSafe","ValueType":{"Category":"Class","Name":"MaterialVariant"}},{"Category":"Terrain Overrides","MemberType":"Property","Name":"TerrainSnow","Security":{"Read":"RobloxSecurity","Write":"RobloxSecurity"},"Serialization":{"CanLoad":true,"CanSave":true},"Tags":["NotScriptable"],"ThreadSafety":"ReadSafe","ValueType":{"Category":"Class","Name":"MaterialVariant"}},{"Category":"Terrain Overrides","MemberType":"Property","Name":"TerrainWoodPlanks","Security":{"Read":"RobloxSecurity","Write":"RobloxSecurity"},"Serialization":{"CanLoad":true,"CanSave":true},"Tags":["NotScriptable"],"ThreadSafety":"ReadSafe","ValueType":{"Category":"Class","Name":"MaterialVariant"}},{"Category":"Material Pack","MemberType":"Property","Name":"Use2022Materials","Security":{"Read":"RobloxScriptSecurity","Write":"RobloxScriptSecurity"},"Serialization":{"CanLoad":false,"CanSave":false},"Tags":["NotReplicated"],"ThreadSafety":"ReadSafe","ValueType":{"Category":"Primitive","Name":"bool"}},{"Category":"Material Overrides","MemberType":"Property","Name":"Wood","Security":{"Read":"RobloxSecurity","Write":"RobloxSecurity"},"Serialization":{"CanLoad":true,"CanSave":true},"Tags":["NotScriptable"],"ThreadSafety":"ReadSafe","ValueType":{"Category":"Class","Name":"MaterialVariant"}},{"Category":"Material Overrides","MemberType":"Property","Name":"WoodName","Security":{"Read":"RobloxSecurity","Write":"RobloxSecurity"},"Serialization":{"CanLoad":true,"CanSave":true},"Tags":["NotScriptable"],"ThreadSafety":"ReadSafe","ValueType":{"Category":"Primitive","Name":"string"}},{"Category":"Material Overrides","MemberType":"Property","Name":"WoodPlanks","Security":{"Read":"RobloxSecurity","Write":"RobloxSecurity"},"Serialization":{"CanLoad":true,"CanSave":true},"Tags":["NotScriptable"],"ThreadSafety":"ReadSafe","ValueType":{"Category":"Class","Name":"MaterialVariant"}},{"Category":"Material Overrides","MemberType":"Property","Name":"WoodPlanksName","Security":{"Read":"RobloxSecurity","Write":"RobloxSecurity"},"Serialization":{"CanLoad":true,"CanSave":true},"Tags":["NotScriptable"],"ThreadSafety":"ReadSafe","ValueType":{"Category":"Primitive","Name":"string"}},{"Category":"Material Overrides","MemberType":"Property","Name":"hasPropertyWarningInStudio","Security":{"Read":"RobloxSecurity","Write":"RobloxSecurity"},"Serialization":{"CanLoad":false,"CanSave":false},"Tags":["Hidden","ReadOnly","NotReplicated"],"ThreadSafety":"ReadSafe","ValueType":{"Category":"Primitive","Name":"bool"}},{"MemberType":"Function","Name":"ClearOverridePartMaterial","Parameters":[{"Name":"material","Type":{"Category":"Enum","Name":"Material"}}],"ReturnType":{"Category":"Primitive","Name":"void"},"Security":"None","ThreadSafety":"Unsafe"},{"MemberType":"Function","Name":"ClearOverrideTerrainMaterial","Parameters":[{"Name":"material","Type":{"Category":"Enum","Name":"Material"}}],"ReturnType":{"Category":"Primitive","Name":"void"},"Security":"None","ThreadSafety":"Unsafe"},{"MemberType":"Function","Name":"GetBaseMaterialOverride","Parameters":[{"Name":"material","Type":{"Category":"Enum","Name":"Material"}}],"ReturnType":{"Category":"Primitive","Name":"string"},"Security":"None","ThreadSafety":"Unsafe"},{"MemberType":"Function","Name":"GetMaterialOverrideChanged","Parameters":[{"Name":"material","Type":{"Category":"Enum","Name":"Material"}}],"ReturnType":{"Category":"DataType","Name":"RBXScriptSignal"},"Security":"RobloxScriptSecurity","ThreadSafety":"Unsafe"},{"MemberType":"Function","Name":"GetMaterialVariant","Parameters":[{"Name":"material","Type":{"Category":"Enum","Name":"Material"}},{"Name":"name","Type":{"Category":"Primitive","Name":"string"}}],"ReturnType":{"Category":"Class","Name":"MaterialVariant"},"Security":"None","ThreadSafety":"Unsafe"},{"MemberType":"Function","Name":"GetOverridePartMaterial","Parameters":[{"Name":"material","Type":{"Category":"Enum","Name":"Material"}}],"ReturnType":{"Category":"Class","Name":"MaterialVariant"},"Security":"None","ThreadSafety":"Unsafe"},{"MemberType":"Function","Name":"GetOverrideStatus","Parameters":[{"Name":"material","Type":{"Category":"Enum","Name":"Material"}}],"ReturnType":{"Category":"Enum","Name":"PropertyStatus"},"Security":"RobloxScriptSecurity","ThreadSafety":"Unsafe"},{"MemberType":"Function","Name":"GetOverrideTerrainMaterial","Parameters":[{"Name":"material","Type":{"Category":"Enum","Name":"Material"}}],"ReturnType":{"Category":"Class","Name":"MaterialVariant"},"Security":"None","ThreadSafety":"Unsafe"},{"MemberType":"Function","Name":"SetBaseMaterialOverride","Parameters":[{"Name":"material","Type":{"Category":"Enum","Name":"Material"}},{"Name":"name","Type":{"Category":"Primitive","Name":"string"}}],"ReturnType":{"Category":"Primitive","Name":"void"},"Security":"None","ThreadSafety":"Unsafe"},{"MemberType":"Function","Name":"SetOverridePartMaterial","Parameters":[{"Name":"materialVariant","Type":{"Category":"Class","Name":"MaterialVariant"}}],"ReturnType":{"Category":"Primitive","Name":"void"},"Security":"None","ThreadSafety":"Unsafe"},{"MemberType":"Function","Name":"SetOverrideTerrainMaterial","Parameters":[{"Name":"materialVariant","Type":{"Category":"Class","Name":"MaterialVariant"}}],"ReturnType":{"Category":"Primitive","Name":"void"},"Security":"None","ThreadSafety":"Unsafe"},{"MemberType":"Event","Name":"OverrideStatusChanged","Parameters":[{"Name":"material","Type":{"Category":"Enum","Name":"Material"}}],"Security":"RobloxScriptSecurity","ThreadSafety":"Unsafe"}],"MemoryCategory":"Instances","Name":"MaterialService","Superclass":"Instance","Tags":["NotCreatable","Service","NotBrowsable"]},{"Members":[{"Category":"Appearance","MemberType":"Property","Name":"BaseMaterial","Security":{"Read":"PluginSecurity","Write":"PluginSecurity"},"Serialization":{"CanLoad":true,"CanSave":true},"ThreadSafety":"ReadSafe","ValueType":{"Category":"Enum","Name":"Material"}},{"Category":"Appearance","MemberType":"Property","Name":"ColorMap","Security":{"Read":"PluginSecurity","Write":"PluginSecurity"},"Serialization":{"CanLoad":true,"CanSave":true},"ThreadSafety":"ReadSafe","ValueType":{"Category":"DataType","Name":"Content"}},{"Category":"Appearance","MemberType":"Property","Name":"MaterialPattern","Security":{"Read":"None","Write":"None"},"Serialization":{"CanLoad":true,"CanSave":true},"ThreadSafety":"ReadSafe","ValueType":{"Category":"Enum","Name":"MaterialPattern"}},{"Category":"Appearance","MemberType":"Property","Name":"MetalnessMap","Security":{"Read":"PluginSecurity","Write":"PluginSecurity"},"Serialization":{"CanLoad":true,"CanSave":true},"ThreadSafety":"ReadSafe","ValueType":{"Category":"DataType","Name":"Content"}},{"Category":"Appearance","MemberType":"Property","Name":"NormalMap","Security":{"Read":"PluginSecurity","Write":"PluginSecurity"},"Serialization":{"CanLoad":true,"CanSave":true},"ThreadSafety":"ReadSafe","ValueType":{"Category":"DataType","Name":"Content"}},{"Category":"Appearance","MemberType":"Property","Name":"RoughnessMap","Security":{"Read":"PluginSecurity","Write":"PluginSecurity"},"Serialization":{"CanLoad":true,"CanSave":true},"ThreadSafety":"ReadSafe","ValueType":{"Category":"DataType","Name":"Content"}},{"Category":"Appearance","MemberType":"Property","Name":"StudsPerTile","Security":{"Read":"None","Write":"None"},"Serialization":{"CanLoad":true,"CanSave":true},"ThreadSafety":"ReadSafe","ValueType":{"Category":"Primitive","Name":"float"}}],"MemoryCategory":"Instances","Name":"MaterialVariant","Superclass":"Instance","Tags":["NotBrowsable"]},{"Members":[{"MemberType":"Function","Name":"Disconnect","Parameters":[],"ReturnType":{"Category":"Primitive","Name":"void"},"Security":"PluginSecurity","ThreadSafety":"Unsafe"}],"MemoryCategory":"Instances","Name":"MemStorageConnection","Superclass":"Instance","Tags":["NotCreatable","NotReplicated"]},{"Members":[{"MemberType":"Function","Name":"Bind","Parameters":[{"Name":"key","Type":{"Category":"Primitive","Name":"string"}},{"Name":"callback","Type":{"Category":"DataType","Name":"Function"}}],"ReturnType":{"Category":"Class","Name":"MemStorageConnection"},"Security":"RobloxScriptSecurity","ThreadSafety":"Unsafe"},{"MemberType":"Function","Name":"BindAndFire","Parameters":[{"Name":"key","Type":{"Category":"Primitive","Name":"string"}},{"Name":"callback","Type":{"Category":"DataType","Name":"Function"}}],"ReturnType":{"Category":"Class","Name":"MemStorageConnection"},"Security":"RobloxScriptSecurity","ThreadSafety":"Unsafe"},{"MemberType":"Function","Name":"Call","Parameters":[{"Name":"key","Type":{"Category":"Primitive","Name":"string"}},{"Name":"input","Type":{"Category":"Group","Name":"Variant"}}],"ReturnType":{"Category":"Group","Name":"Variant"},"Security":"RobloxScriptSecurity","ThreadSafety":"Unsafe"},{"MemberType":"Function","Name":"Fire","Parameters":[{"Name":"key","Type":{"Category":"Primitive","Name":"string"}},{"Default":"","Name":"value","Type":{"Category":"Primitive","Name":"string"}}],"ReturnType":{"Category":"Primitive","Name":"void"},"Security":"RobloxScriptSecurity","ThreadSafety":"Unsafe"},{"MemberType":"Function","Name":"GetItem","Parameters":[{"Name":"key","Type":{"Category":"Primitive","Name":"string"}},{"Default":"","Name":"defaultValue","Type":{"Category":"Primitive","Name":"string"}}],"ReturnType":{"Category":"Primitive","Name":"string"},"Security":"RobloxScriptSecurity","ThreadSafety":"Unsafe"},{"MemberType":"Function","Name":"HasItem","Parameters":[{"Name":"key","Type":{"Category":"Primitive","Name":"string"}}],"ReturnType":{"Category":"Primitive","Name":"bool"},"Security":"RobloxScriptSecurity","ThreadSafety":"Unsafe"},{"MemberType":"Function","Name":"RemoveItem","Parameters":[{"Name":"key","Type":{"Category":"Primitive","Name":"string"}}],"ReturnType":{"Category":"Primitive","Name":"bool"},"Security":"RobloxScriptSecurity","ThreadSafety":"Unsafe"},{"MemberType":"Function","Name":"SetItem","Parameters":[{"Name":"key","Type":{"Category":"Primitive","Name":"string"}},{"Default":"","Name":"value","Type":{"Category":"Primitive","Name":"string"}}],"ReturnType":{"Category":"Primitive","Name":"void"},"Security":"RobloxScriptSecurity","ThreadSafety":"Unsafe"}],"MemoryCategory":"Instances","Name":"MemStorageService","Superclass":"Instance","Tags":["NotCreatable","Service","NotReplicated"]},{"Members":[{"MemberType":"Function","Name":"AddAsync","Parameters":[{"Name":"value","Type":{"Category":"Group","Name":"Variant"}},{"Name":"expiration","Type":{"Category":"Primitive","Name":"int64"}},{"Default":"0","Name":"priority","Type":{"Category":"Primitive","Name":"double"}}],"ReturnType":{"Category":"Primitive","Name":"void"},"Security":"None","Tags":["Yields"],"ThreadSafety":"Unsafe"},{"MemberType":"Function","Name":"ReadAsync","Parameters":[{"Name":"count","Type":{"Category":"Primitive","Name":"int"}},{"Default":"false","Name":"allOrNothing","Type":{"Category":"Primitive","Name":"bool"}},{"Default":"-1","Name":"waitTimeout","Type":{"Category":"Primitive","Name":"double"}}],"ReturnType":{"Category":"Group","Name":"Tuple"},"Security":"None","Tags":["Yields"],"ThreadSafety":"Unsafe"},{"MemberType":"Function","Name":"RemoveAsync","Parameters":[{"Name":"id","Type":{"Category":"Primitive","Name":"string"}}],"ReturnType":{"Category":"Primitive","Name":"void"},"Security":"None","Tags":["Yields"],"ThreadSafety":"Unsafe"}],"MemoryCategory":"Instances","Name":"MemoryStoreQueue","Superclass":"Instance","Tags":["NotCreatable","NotReplicated"]},{"Members":[{"MemberType":"Function","Name":"GetQueue","Parameters":[{"Name":"name","Type":{"Category":"Primitive","Name":"string"}},{"Default":"30","Name":"invisibilityTimeout","Type":{"Category":"Primitive","Name":"int"}}],"ReturnType":{"Category":"Class","Name":"MemoryStoreQueue"},"Security":"None","ThreadSafety":"Unsafe"},{"MemberType":"Function","Name":"GetSortedMap","Parameters":[{"Name":"name","Type":{"Category":"Primitive","Name":"string"}}],"ReturnType":{"Category":"Class","Name":"MemoryStoreSortedMap"},"Security":"None","ThreadSafety":"Unsafe"}],"MemoryCategory":"Instances","Name":"MemoryStoreService","Superclass":"Instance","Tags":["Service"]},{"Members":[{"MemberType":"Function","Name":"GetAsync","Parameters":[{"Name":"key","Type":{"Category":"Primitive","Name":"string"}}],"ReturnType":{"Category":"Group","Name":"Variant"},"Security":"None","Tags":["Yields"],"ThreadSafety":"Unsafe"},{"MemberType":"Function","Name":"GetRangeAsync","Parameters":[{"Name":"direction","Type":{"Category":"Enum","Name":"SortDirection"}},{"Name":"count","Type":{"Category":"Primitive","Name":"int"}},{"Default":"","Name":"exclusiveLowerBound","Type":{"Category":"Primitive","Name":"string"}},{"Default":"","Name":"exclusiveUpperBound","Type":{"Category":"Primitive","Name":"string"}}],"ReturnType":{"Category":"Group","Name":"Array"},"Security":"None","Tags":["Yields"],"ThreadSafety":"Unsafe"},{"MemberType":"Function","Name":"RemoveAsync","Parameters":[{"Name":"key","Type":{"Category":"Primitive","Name":"string"}}],"ReturnType":{"Category":"Primitive","Name":"void"},"Security":"None","Tags":["Yields"],"ThreadSafety":"Unsafe"},{"MemberType":"Function","Name":"SetAsync","Parameters":[{"Name":"key","Type":{"Category":"Primitive","Name":"string"}},{"Name":"value","Type":{"Category":"Group","Name":"Variant"}},{"Name":"expiration","Type":{"Category":"Primitive","Name":"int64"}}],"ReturnType":{"Category":"Primitive","Name":"bool"},"Security":"None","Tags":["Yields"],"ThreadSafety":"Unsafe"},{"MemberType":"Function","Name":"UpdateAsync","Parameters":[{"Name":"key","Type":{"Category":"Primitive","Name":"string"}},{"Name":"transformFunction","Type":{"Category":"DataType","Name":"Function"}},{"Name":"expiration","Type":{"Category":"Primitive","Name":"int64"}}],"ReturnType":{"Category":"Group","Name":"Variant"},"Security":"None","Tags":["Yields"],"ThreadSafety":"Unsafe"}],"MemoryCategory":"Instances","Name":"MemoryStoreSortedMap","Superclass":"Instance","Tags":["NotCreatable","NotReplicated"]},{"Members":[{"Category":"Appearance","MemberType":"Property","Name":"Text","Security":{"Read":"None","Write":"None"},"Serialization":{"CanLoad":true,"CanSave":true},"ThreadSafety":"ReadSafe","ValueType":{"Category":"Primitive","Name":"string"}}],"MemoryCategory":"Instances","Name":"Message","Superclass":"Instance","Tags":["Deprecated"]},{"Members":[],"MemoryCategory":"Instances","Name":"Hint","Superclass":"Message","Tags":["Deprecated"]},{"Members":[{"MemberType":"Function","Name":"Disconnect","Parameters":[],"ReturnType":{"Category":"Primitive","Name":"void"},"Security":"RobloxScriptSecurity","ThreadSafety":"Unsafe"}],"MemoryCategory":"Instances","Name":"MessageBusConnection","Superclass":"Instance","Tags":["NotCreatable","NotReplicated"]},{"Members":[{"MemberType":"Function","Name":"Call","Parameters":[{"Name":"key","Type":{"Category":"Primitive","Name":"string"}},{"Name":"input","Type":{"Category":"Group","Name":"Variant"}}],"ReturnType":{"Category":"Group","Name":"Variant"},"Security":"RobloxScriptSecurity","ThreadSafety":"Unsafe"},{"MemberType":"Function","Name":"GetLast","Parameters":[{"Name":"mid","Type":{"Category":"Primitive","Name":"string"}}],"ReturnType":{"Category":"Group","Name":"Variant"},"Security":"RobloxScriptSecurity","ThreadSafety":"Unsafe"},{"MemberType":"Function","Name":"GetMessageId","Parameters":[{"Name":"domainName","Type":{"Category":"Primitive","Name":"string"}},{"Name":"messageName","Type":{"Category":"Primitive","Name":"string"}}],"ReturnType":{"Category":"Primitive","Name":"string"},"Security":"RobloxScriptSecurity","ThreadSafety":"Unsafe"},{"MemberType":"Function","Name":"GetProtocolMethodRequestMessageId","Parameters":[{"Name":"protocolName","Type":{"Category":"Primitive","Name":"string"}},{"Name":"methodName","Type":{"Category":"Primitive","Name":"string"}}],"ReturnType":{"Category":"Primitive","Name":"string"},"Security":"RobloxScriptSecurity","ThreadSafety":"Unsafe"},{"MemberType":"Function","Name":"GetProtocolMethodResponseMessageId","Parameters":[{"Name":"protocolName","Type":{"Category":"Primitive","Name":"string"}},{"Name":"methodName","Type":{"Category":"Primitive","Name":"string"}}],"ReturnType":{"Category":"Primitive","Name":"string"},"Security":"RobloxScriptSecurity","ThreadSafety":"Unsafe"},{"MemberType":"Function","Name":"Publish","Parameters":[{"Name":"mid","Type":{"Category":"Primitive","Name":"string"}},{"Name":"params","Type":{"Category":"Group","Name":"Variant"}}],"ReturnType":{"Category":"Primitive","Name":"void"},"Security":"RobloxScriptSecurity","ThreadSafety":"Unsafe"},{"MemberType":"Function","Name":"PublishProtocolMethodRequest","Parameters":[{"Name":"protocolName","Type":{"Category":"Primitive","Name":"string"}},{"Name":"methodName","Type":{"Category":"Primitive","Name":"string"}},{"Name":"message","Type":{"Category":"Group","Name":"Variant"}},{"Name":"customTelemetryData","Type":{"Category":"Group","Name":"Variant"}}],"ReturnType":{"Category":"Primitive","Name":"void"},"Security":"RobloxScriptSecurity","ThreadSafety":"Unsafe"},{"MemberType":"Function","Name":"PublishProtocolMethodResponse","Parameters":[{"Name":"protocolName","Type":{"Category":"Primitive","Name":"string"}},{"Name":"methodName","Type":{"Category":"Primitive","Name":"string"}},{"Name":"message","Type":{"Category":"Group","Name":"Variant"}},{"Name":"responseCode","Type":{"Category":"Primitive","Name":"int"}},{"Name":"customTelemetryData","Type":{"Category":"Group","Name":"Variant"}}],"ReturnType":{"Category":"Primitive","Name":"void"},"Security":"RobloxScriptSecurity","ThreadSafety":"Unsafe"},{"MemberType":"Function","Name":"Subscribe","Parameters":[{"Name":"mid","Type":{"Category":"Primitive","Name":"string"}},{"Name":"callback","Type":{"Category":"DataType","Name":"Function"}},{"Name":"once","Type":{"Category":"Primitive","Name":"bool"}},{"Name":"sticky","Type":{"Category":"Primitive","Name":"bool"}}],"ReturnType":{"Category":"Class","Name":"Instance"},"Security":"RobloxScriptSecurity","ThreadSafety":"Unsafe"},{"MemberType":"Function","Name":"SubscribeToProtocolMethodRequest","Parameters":[{"Name":"protocolName","Type":{"Category":"Primitive","Name":"string"}},{"Name":"methodName","Type":{"Category":"Primitive","Name":"string"}},{"Name":"callback","Type":{"Category":"DataType","Name":"Function"}},{"Name":"once","Type":{"Category":"Primitive","Name":"bool"}},{"Name":"sticky","Type":{"Category":"Primitive","Name":"bool"}}],"ReturnType":{"Category":"Class","Name":"Instance"},"Security":"RobloxScriptSecurity","ThreadSafety":"Unsafe"},{"MemberType":"Function","Name":"SubscribeToProtocolMethodResponse","Parameters":[{"Name":"protocolName","Type":{"Category":"Primitive","Name":"string"}},{"Name":"methodName","Type":{"Category":"Primitive","Name":"string"}},{"Name":"callback","Type":{"Category":"DataType","Name":"Function"}},{"Name":"once","Type":{"Category":"Primitive","Name":"bool"}},{"Name":"sticky","Type":{"Category":"Primitive","Name":"bool"}}],"ReturnType":{"Category":"Class","Name":"Instance"},"Security":"RobloxScriptSecurity","ThreadSafety":"Unsafe"}],"MemoryCategory":"Instances","Name":"MessageBusService","Superclass":"Instance","Tags":["NotCreatable","Service","NotReplicated"]},{"Members":[{"MemberType":"Function","Name":"PublishAsync","Parameters":[{"Name":"topic","Type":{"Category":"Primitive","Name":"string"}},{"Name":"message","Type":{"Category":"Group","Name":"Variant"}}],"ReturnType":{"Category":"Primitive","Name":"void"},"Security":"None","Tags":["Yields"],"ThreadSafety":"Unsafe"},{"MemberType":"Function","Name":"SubscribeAsync","Parameters":[{"Name":"topic","Type":{"Category":"Primitive","Name":"string"}},{"Name":"callback","Type":{"Category":"DataType","Name":"Function"}}],"ReturnType":{"Category":"DataType","Name":"RBXScriptConnection"},"Security":"None","Tags":["Yields"],"ThreadSafety":"Unsafe"}],"MemoryCategory":"Instances","Name":"MessagingService","Superclass":"Instance","Tags":["NotCreatable","Service","NotReplicated"]},{"Members":[{"Category":"Data","MemberType":"Property","Name":"Condition","Security":{"Read":"RobloxScriptSecurity","Write":"RobloxScriptSecurity"},"Serialization":{"CanLoad":true,"CanSave":true},"Tags":["Hidden","NotReplicated"],"ThreadSafety":"ReadSafe","ValueType":{"Category":"Primitive","Name":"string"}},{"Category":"State","MemberType":"Property","Name":"ContinueExecution","Security":{"Read":"RobloxScriptSecurity","Write":"RobloxScriptSecurity"},"Serialization":{"CanLoad":true,"CanSave":true},"Tags":["Hidden","NotReplicated"],"ThreadSafety":"ReadSafe","ValueType":{"Category":"Primitive","Name":"bool"}},{"Category":"State","MemberType":"Property","Name":"Enabled","Security":{"Read":"RobloxScriptSecurity","Write":"RobloxScriptSecurity"},"Serialization":{"CanLoad":true,"CanSave":true},"Tags":["Hidden","NotReplicated"],"ThreadSafety":"ReadSafe","ValueType":{"Category":"Primitive","Name":"bool"}},{"Category":"Data","MemberType":"Property","Name":"Id","Security":{"Read":"RobloxScriptSecurity","Write":"RobloxScriptSecurity"},"Serialization":{"CanLoad":false,"CanSave":true},"Tags":["Hidden","ReadOnly","NotReplicated"],"ThreadSafety":"ReadSafe","ValueType":{"Category":"Primitive","Name":"int"}},{"Category":"State","MemberType":"Property","Name":"IsLogpoint","Security":{"Read":"RobloxScriptSecurity","Write":"RobloxScriptSecurity"},"Serialization":{"CanLoad":false,"CanSave":true},"Tags":["Hidden","ReadOnly","NotReplicated"],"ThreadSafety":"ReadSafe","ValueType":{"Category":"Primitive","Name":"bool"}},{"Category":"Data","MemberType":"Property","Name":"Line","Security":{"Read":"RobloxScriptSecurity","Write":"RobloxScriptSecurity"},"Serialization":{"CanLoad":true,"CanSave":true},"Tags":["Hidden","NotReplicated"],"ThreadSafety":"ReadSafe","ValueType":{"Category":"Primitive","Name":"int"}},{"Category":"Data","MemberType":"Property","Name":"LogMessage","Security":{"Read":"RobloxScriptSecurity","Write":"RobloxScriptSecurity"},"Serialization":{"CanLoad":true,"CanSave":true},"Tags":["Hidden","NotReplicated"],"ThreadSafety":"ReadSafe","ValueType":{"Category":"Primitive","Name":"string"}},{"Category":"Data","MemberType":"Property","Name":"Script","Security":{"Read":"RobloxScriptSecurity","Write":"RobloxScriptSecurity"},"Serialization":{"CanLoad":true,"CanSave":true},"Tags":["Hidden","NotReplicated"],"ThreadSafety":"ReadSafe","ValueType":{"Category":"Primitive","Name":"string"}},{"MemberType":"Function","Name":"GetContextBreakpoints","Parameters":[],"ReturnType":{"Category":"Group","Name":"Dictionary"},"Security":"RobloxScriptSecurity","ThreadSafety":"Unsafe"},{"MemberType":"Function","Name":"Remove","Parameters":[{"Name":"status","Type":{"Category":"DataType","Name":"Function"}}],"ReturnType":{"Category":"Primitive","Name":"int"},"Security":"RobloxScriptSecurity","ThreadSafety":"Unsafe"},{"MemberType":"Function","Name":"SetContinueExecution","Parameters":[{"Name":"enabled","Type":{"Category":"Primitive","Name":"bool"}}],"ReturnType":{"Category":"Primitive","Name":"void"},"Security":"RobloxScriptSecurity","ThreadSafety":"Unsafe"},{"MemberType":"Function","Name":"SetEnabled","Parameters":[{"Name":"enabled","Type":{"Category":"Primitive","Name":"bool"}}],"ReturnType":{"Category":"Primitive","Name":"void"},"Security":"RobloxScriptSecurity","ThreadSafety":"Unsafe"},{"MemberType":"Function","Name":"SetLine","Parameters":[{"Name":"line","Type":{"Category":"Primitive","Name":"int"}},{"Name":"status","Type":{"Category":"DataType","Name":"Function"}}],"ReturnType":{"Category":"Primitive","Name":"int"},"Security":"RobloxScriptSecurity","ThreadSafety":"Unsafe"}],"MemoryCategory":"Instances","Name":"MetaBreakpoint","Superclass":"Instance","Tags":["NotCreatable","NotReplicated"]},{"Members":[],"MemoryCategory":"Instances","Name":"MetaBreakpointContext","Superclass":"Instance","Tags":["NotCreatable","NotReplicated"]},{"Members":[{"Category":"Data","MemberType":"Property","Name":"Hit","Security":{"Read":"None","Write":"None"},"Serialization":{"CanLoad":false,"CanSave":true},"Tags":["ReadOnly","NotReplicated"],"ThreadSafety":"ReadSafe","ValueType":{"Category":"DataType","Name":"CFrame"}},{"Category":"Data","MemberType":"Property","Name":"Icon","Security":{"Read":"None","Write":"None"},"Serialization":{"CanLoad":true,"CanSave":true},"ThreadSafety":"ReadSafe","ValueType":{"Category":"DataType","Name":"Content"}},{"Category":"Data","MemberType":"Property","Name":"Origin","Security":{"Read":"None","Write":"None"},"Serialization":{"CanLoad":false,"CanSave":true},"Tags":["ReadOnly","NotReplicated"],"ThreadSafety":"ReadSafe","ValueType":{"Category":"DataType","Name":"CFrame"}},{"Category":"Data","MemberType":"Property","Name":"Target","Security":{"Read":"None","Write":"None"},"Serialization":{"CanLoad":false,"CanSave":true},"Tags":["ReadOnly","NotReplicated"],"ThreadSafety":"ReadSafe","ValueType":{"Category":"Class","Name":"BasePart"}},{"Category":"Data","MemberType":"Property","Name":"TargetFilter","Security":{"Read":"None","Write":"None"},"Serialization":{"CanLoad":true,"CanSave":true},"ThreadSafety":"ReadSafe","ValueType":{"Category":"Class","Name":"Instance"}},{"Category":"Data","MemberType":"Property","Name":"TargetSurface","Security":{"Read":"None","Write":"None"},"Serialization":{"CanLoad":false,"CanSave":true},"Tags":["ReadOnly","NotReplicated"],"ThreadSafety":"ReadSafe","ValueType":{"Category":"Enum","Name":"NormalId"}},{"Category":"Data","MemberType":"Property","Name":"UnitRay","Security":{"Read":"None","Write":"None"},"Serialization":{"CanLoad":false,"CanSave":true},"Tags":["ReadOnly","NotReplicated"],"ThreadSafety":"ReadSafe","ValueType":{"Category":"DataType","Name":"Ray"}},{"Category":"Data","MemberType":"Property","Name":"ViewSizeX","Security":{"Read":"None","Write":"None"},"Serialization":{"CanLoad":false,"CanSave":true},"Tags":["ReadOnly","NotReplicated"],"ThreadSafety":"ReadSafe","ValueType":{"Category":"Primitive","Name":"int"}},{"Category":"Data","MemberType":"Property","Name":"ViewSizeY","Security":{"Read":"None","Write":"None"},"Serialization":{"CanLoad":false,"CanSave":true},"Tags":["ReadOnly","NotReplicated"],"ThreadSafety":"ReadSafe","ValueType":{"Category":"Primitive","Name":"int"}},{"Category":"Data","MemberType":"Property","Name":"X","Security":{"Read":"None","Write":"None"},"Serialization":{"CanLoad":false,"CanSave":true},"Tags":["ReadOnly","NotReplicated"],"ThreadSafety":"ReadSafe","ValueType":{"Category":"Primitive","Name":"int"}},{"Category":"Data","MemberType":"Property","Name":"Y","Security":{"Read":"None","Write":"None"},"Serialization":{"CanLoad":false,"CanSave":true},"Tags":["ReadOnly","NotReplicated"],"ThreadSafety":"ReadSafe","ValueType":{"Category":"Primitive","Name":"int"}},{"Category":"Data","MemberType":"Property","Name":"hit","Security":{"Read":"None","Write":"None"},"Serialization":{"CanLoad":false,"CanSave":false},"Tags":["Hidden","ReadOnly","NotReplicated","Deprecated"],"ThreadSafety":"ReadSafe","ValueType":{"Category":"DataType","Name":"CFrame"}},{"Category":"Data","MemberType":"Property","Name":"target","Security":{"Read":"None","Write":"None"},"Serialization":{"CanLoad":false,"CanSave":false},"Tags":["ReadOnly","NotReplicated","Deprecated"],"ThreadSafety":"ReadSafe","ValueType":{"Category":"Class","Name":"BasePart"}},{"MemberType":"Event","Name":"Button1Down","Parameters":[],"Security":"None","ThreadSafety":"Unsafe"},{"MemberType":"Event","Name":"Button1Up","Parameters":[],"Security":"None","ThreadSafety":"Unsafe"},{"MemberType":"Event","Name":"Button2Down","Parameters":[],"Security":"None","ThreadSafety":"Unsafe"},{"MemberType":"Event","Name":"Button2Up","Parameters":[],"Security":"None","ThreadSafety":"Unsafe"},{"MemberType":"Event","Name":"Idle","Parameters":[],"Security":"None","ThreadSafety":"Unsafe"},{"MemberType":"Event","Name":"KeyDown","Parameters":[{"Name":"key","Type":{"Category":"Primitive","Name":"string"}}],"Security":"None","Tags":["Deprecated"],"ThreadSafety":"Unsafe"},{"MemberType":"Event","Name":"KeyUp","Parameters":[{"Name":"key","Type":{"Category":"Primitive","Name":"string"}}],"Security":"None","Tags":["Deprecated"],"ThreadSafety":"Unsafe"},{"MemberType":"Event","Name":"Move","Parameters":[],"Security":"None","ThreadSafety":"Unsafe"},{"MemberType":"Event","Name":"WheelBackward","Parameters":[],"Security":"None","ThreadSafety":"Unsafe"},{"MemberType":"Event","Name":"WheelForward","Parameters":[],"Security":"None","ThreadSafety":"Unsafe"},{"MemberType":"Event","Name":"keyDown","Parameters":[{"Name":"key","Type":{"Category":"Primitive","Name":"string"}}],"Security":"None","Tags":["Deprecated"],"ThreadSafety":"Unsafe"}],"MemoryCategory":"Instances","Name":"Mouse","Superclass":"Instance","Tags":["NotCreatable"]},{"Members":[],"MemoryCategory":"Instances","Name":"PlayerMouse","Superclass":"Mouse","Tags":["NotCreatable"]},{"Members":[{"MemberType":"Event","Name":"DragEnter","Parameters":[{"Name":"instances","Type":{"Category":"DataType","Name":"Objects"}}],"Security":"PluginSecurity","ThreadSafety":"Unsafe"}],"MemoryCategory":"Instances","Name":"PluginMouse","Superclass":"Mouse","Tags":["NotCreatable"]},{"Members":[],"MemoryCategory":"Instances","Name":"MouseService","Superclass":"Instance","Tags":["NotCreatable","Service","NotReplicated"]},{"Members":[{"Category":"Data","MemberType":"Property","Name":"FocusedDataModelSession","Security":{"Read":"RobloxScriptSecurity","Write":"RobloxScriptSecurity"},"Serialization":{"CanLoad":false,"CanSave":false},"Tags":["Hidden","ReadOnly","NotReplicated"],"ThreadSafety":"ReadSafe","ValueType":{"Category":"Class","Name":"Instance"}},{"MemberType":"Event","Name":"DataModelSessionEnded","Parameters":[{"Name":"dataModelSession","Type":{"Category":"Class","Name":"Instance"}}],"Security":"RobloxScriptSecurity","ThreadSafety":"Unsafe"},{"MemberType":"Event","Name":"DataModelSessionStarted","Parameters":[{"Name":"dataModelSession","Type":{"Category":"Class","Name":"Instance"}}],"Security":"RobloxScriptSecurity","ThreadSafety":"Unsafe"}],"MemoryCategory":"Instances","Name":"MultipleDocumentInterfaceInstance","Superclass":"Instance","Tags":["NotCreatable","NotReplicated"]},{"Members":[{"MemberType":"Event","Name":"Received","Parameters":[],"Security":"None","ThreadSafety":"Unsafe"}],"MemoryCategory":"Instances","Name":"NetworkMarker","Superclass":"Instance","Tags":["NotCreatable","NotBrowsable"]},{"Members":[{"MemberType":"Function","Name":"SetOutgoingKBPSLimit","Parameters":[{"Name":"limit","Type":{"Category":"Primitive","Name":"int"}}],"ReturnType":{"Category":"Primitive","Name":"void"},"Security":"PluginSecurity","ThreadSafety":"Unsafe"}],"MemoryCategory":"Instances","Name":"NetworkPeer","Superclass":"Instance","Tags":["NotCreatable","NotBrowsable"]},{"Members":[{"MemberType":"Event","Name":"ConnectionAccepted","Parameters":[{"Name":"peer","Type":{"Category":"Primitive","Name":"string"}},{"Name":"replicator","Type":{"Category":"Class","Name":"Instance"}}],"Security":"None","ThreadSafety":"Unsafe"},{"MemberType":"Event","Name":"ConnectionFailed","Parameters":[{"Name":"peer","Type":{"Category":"Primitive","Name":"string"}},{"Name":"code","Type":{"Category":"Primitive","Name":"int"}},{"Name":"reason","Type":{"Category":"Primitive","Name":"string"}}],"Security":"None","ThreadSafety":"Unsafe"}],"MemoryCategory":"Instances","Name":"NetworkClient","Superclass":"NetworkPeer","Tags":["NotCreatable","Service","NotReplicated"]},{"Members":[{"MemberType":"Function","Name":"EncryptStringForPlayerId","Parameters":[{"Name":"toEncrypt","Type":{"Category":"Primitive","Name":"string"}},{"Name":"playerId","Type":{"Category":"Primitive","Name":"int64"}}],"ReturnType":{"Category":"Primitive","Name":"string"},"Security":"None","ThreadSafety":"Unsafe"}],"MemoryCategory":"Instances","Name":"NetworkServer","Superclass":"NetworkPeer","Tags":["NotCreatable","Service","NotReplicated"]},{"Members":[{"MemberType":"Function","Name":"GetPlayer","Parameters":[],"ReturnType":{"Category":"Class","Name":"Instance"},"Security":"None","ThreadSafety":"Unsafe"}],"MemoryCategory":"Instances","Name":"NetworkReplicator","Superclass":"Instance","Tags":["NotCreatable","NotReplicated"]},{"Members":[{"MemberType":"Function","Name":"RequestRCCProfilerData","Parameters":[{"Name":"frameRate","Type":{"Category":"Primitive","Name":"int"}},{"Name":"timeFrame","Type":{"Category":"Primitive","Name":"int"}}],"ReturnType":{"Category":"Primitive","Name":"void"},"Security":"RobloxScriptSecurity","ThreadSafety":"Unsafe"},{"MemberType":"Function","Name":"RequestServerStats","Parameters":[{"Name":"request","Type":{"Category":"Primitive","Name":"bool"}}],"ReturnType":{"Category":"Primitive","Name":"void"},"Security":"RobloxScriptSecurity","ThreadSafety":"Unsafe"},{"MemberType":"Event","Name":"RCCProfilerDataComplete","Parameters":[{"Name":"success","Type":{"Category":"Primitive","Name":"bool"}},{"Name":"message","Type":{"Category":"Primitive","Name":"string"}}],"Security":"RobloxScriptSecurity","ThreadSafety":"Unsafe"},{"MemberType":"Event","Name":"StatsReceived","Parameters":[{"Name":"stats","Type":{"Category":"Group","Name":"Dictionary"}}],"Security":"RobloxScriptSecurity","ThreadSafety":"Unsafe"}],"MemoryCategory":"Instances","Name":"ClientReplicator","Superclass":"NetworkReplicator","Tags":["NotCreatable","NotReplicated"]},{"Members":[],"MemoryCategory":"Instances","Name":"ServerReplicator","Superclass":"NetworkReplicator","Tags":["NotCreatable","NotReplicated"]},{"Members":[{"Category":"Data","MemberType":"Property","Name":"EmulatedTotalMemoryInMB","Security":{"Read":"PluginSecurity","Write":"PluginSecurity"},"Serialization":{"CanLoad":false,"CanSave":false},"Tags":["Hidden","NotReplicated"],"ThreadSafety":"ReadSafe","ValueType":{"Category":"Primitive","Name":"int"}},{"Category":"Data","MemberType":"Property","Name":"FreeMemoryMBytes","Security":{"Read":"PluginSecurity","Write":"PluginSecurity"},"Serialization":{"CanLoad":false,"CanSave":false},"Tags":["Hidden","ReadOnly","NotReplicated"],"ThreadSafety":"ReadSafe","ValueType":{"Category":"Primitive","Name":"float"}},{"Category":"Proxy Settings","MemberType":"Property","Name":"HttpProxyEnabled","Security":{"Read":"None","Write":"RobloxScriptSecurity"},"Serialization":{"CanLoad":true,"CanSave":true},"ThreadSafety":"ReadSafe","ValueType":{"Category":"Primitive","Name":"bool"}},{"Category":"Proxy Settings","MemberType":"Property","Name":"HttpProxyURL","Security":{"Read":"None","Write":"RobloxScriptSecurity"},"Serialization":{"CanLoad":true,"CanSave":true},"ThreadSafety":"ReadSafe","ValueType":{"Category":"Primitive","Name":"string"}},{"Category":"Diagnostics","MemberType":"Property","Name":"IncomingReplicationLag","Security":{"Read":"None","Write":"None"},"Serialization":{"CanLoad":true,"CanSave":true},"ThreadSafety":"ReadSafe","ValueType":{"Category":"Primitive","Name":"double"}},{"Category":"Diagnostics","MemberType":"Property","Name":"PrintJoinSizeBreakdown","Security":{"Read":"None","Write":"None"},"Serialization":{"CanLoad":true,"CanSave":true},"ThreadSafety":"ReadSafe","ValueType":{"Category":"Primitive","Name":"bool"}},{"Category":"Diagnostics","MemberType":"Property","Name":"PrintPhysicsErrors","Security":{"Read":"None","Write":"None"},"Serialization":{"CanLoad":true,"CanSave":true},"ThreadSafety":"ReadSafe","ValueType":{"Category":"Primitive","Name":"bool"}},{"Category":"Diagnostics","MemberType":"Property","Name":"PrintStreamInstanceQuota","Security":{"Read":"None","Write":"None"},"Serialization":{"CanLoad":true,"CanSave":true},"ThreadSafety":"ReadSafe","ValueType":{"Category":"Primitive","Name":"bool"}},{"Category":"Advanced","MemberType":"Property","Name":"RandomizeJoinInstanceOrder","Security":{"Read":"None","Write":"None"},"Serialization":{"CanLoad":true,"CanSave":true},"ThreadSafety":"ReadSafe","ValueType":{"Category":"Primitive","Name":"bool"}},{"Category":"Appearance","MemberType":"Property","Name":"RenderStreamedRegions","Security":{"Read":"None","Write":"None"},"Serialization":{"CanLoad":true,"CanSave":true},"ThreadSafety":"ReadSafe","ValueType":{"Category":"Primitive","Name":"bool"}},{"Category":"Appearance","MemberType":"Property","Name":"ShowActiveAnimationAsset","Security":{"Read":"None","Write":"None"},"Serialization":{"CanLoad":true,"CanSave":true},"ThreadSafety":"ReadSafe","ValueType":{"Category":"Primitive","Name":"bool"}}],"MemoryCategory":"Instances","Name":"NetworkSettings","Superclass":"Instance","Tags":["NotCreatable","Service","NotBrowsable"]}]}