{"Classes":[{"Members":[{"MemberType":"Function","Name":"GetIsThirdPartyAssetAllowed","Parameters":[],"ReturnType":{"Category":"Primitive","Name":"bool"},"Security":"RobloxScriptSecurity","ThreadSafety":"Unsafe"},{"MemberType":"Function","Name":"GetIsThirdPartyPurchaseAllowed","Parameters":[],"ReturnType":{"Category":"Primitive","Name":"bool"},"Security":"RobloxScriptSecurity","ThreadSafety":"Unsafe"},{"MemberType":"Function","Name":"GetIsThirdPartyTeleportAllowed","Parameters":[],"ReturnType":{"Category":"Primitive","Name":"bool"},"Security":"RobloxScriptSecurity","ThreadSafety":"Unsafe"},{"MemberType":"Function","Name":"GetPermissions","Parameters":[{"Name":"assetId","Type":{"Category":"Primitive","Name":"string"}}],"ReturnType":{"Category":"Group","Name":"Array"},"Security":"RobloxScriptSecurity","ThreadSafety":"Unsafe"},{"MemberType":"Function","Name":"SetPermissions","Parameters":[{"Name":"assetId","Type":{"Category":"Primitive","Name":"string"}},{"Name":"permissions","Type":{"Category":"Group","Name":"Array"}}],"ReturnType":{"Category":"Primitive","Name":"void"},"Security":"RobloxScriptSecurity","ThreadSafety":"Unsafe"}],"MemoryCategory":"Instances","Name":"PermissionsService","Superclass":"Instance","Tags":["NotCreatable","Service"]},{"Members":[{"MemberType":"Function","Name":"CollisionGroupContainsPart","Parameters":[{"Name":"name","Type":{"Category":"Primitive","Name":"string"}},{"Name":"part","Type":{"Category":"Class","Name":"BasePart"}}],"ReturnType":{"Category":"Primitive","Name":"bool"},"Security":"None","ThreadSafety":"Unsafe"},{"MemberType":"Function","Name":"CollisionGroupSetCollidable","Parameters":[{"Name":"name1","Type":{"Category":"Primitive","Name":"string"}},{"Name":"name2","Type":{"Category":"Primitive","Name":"string"}},{"Name":"collidable","Type":{"Category":"Primitive","Name":"bool"}}],"ReturnType":{"Category":"Primitive","Name":"void"},"Security":"None","ThreadSafety":"Unsafe"},{"MemberType":"Function","Name":"CollisionGroupsAreCollidable","Parameters":[{"Name":"name1","Type":{"Category":"Primitive","Name":"string"}},{"Name":"name2","Type":{"Category":"Primitive","Name":"string"}}],"ReturnType":{"Category":"Primitive","Name":"bool"},"Security":"None","ThreadSafety":"Unsafe"},{"MemberType":"Function","Name":"CreateCollisionGroup","Parameters":[{"Name":"name","Type":{"Category":"Primitive","Name":"string"}}],"ReturnType":{"Category":"Primitive","Name":"int"},"Security":"None","ThreadSafety":"Unsafe"},{"MemberType":"Function","Name":"GetCollisionGroupId","Parameters":[{"Name":"name","Type":{"Category":"Primitive","Name":"string"}}],"ReturnType":{"Category":"Primitive","Name":"int"},"Security":"None","ThreadSafety":"Unsafe"},{"MemberType":"Function","Name":"GetCollisionGroupName","Parameters":[{"Name":"name","Type":{"Category":"Primitive","Name":"int"}}],"ReturnType":{"Category":"Primitive","Name":"string"},"Security":"None","ThreadSafety":"Unsafe"},{"MemberType":"Function","Name":"GetCollisionGroups","Parameters":[],"ReturnType":{"Category":"Group","Name":"Array"},"Security":"None","ThreadSafety":"Unsafe"},{"MemberType":"Function","Name":"GetMaxCollisionGroups","Parameters":[],"ReturnType":{"Category":"Primitive","Name":"int"},"Security":"None","ThreadSafety":"Unsafe"},{"MemberType":"Function","Name":"IkSolve","Parameters":[{"Name":"part","Type":{"Category":"Class","Name":"BasePart"}},{"Name":"target","Type":{"Category":"DataType","Name":"CFrame"}},{"Name":"translateStiffness","Type":{"Category":"Primitive","Name":"float"}},{"Name":"rotateStiffness","Type":{"Category":"Primitive","Name":"float"}}],"ReturnType":{"Category":"Primitive","Name":"void"},"Security":"RobloxScriptSecurity","ThreadSafety":"Unsafe"},{"MemberType":"Function","Name":"LocalIkSolve","Parameters":[{"Name":"part","Type":{"Category":"Class","Name":"BasePart"}},{"Name":"target","Type":{"Category":"DataType","Name":"CFrame"}},{"Name":"translateStiffness","Type":{"Category":"Primitive","Name":"float"}},{"Name":"rotateStiffness","Type":{"Category":"Primitive","Name":"float"}}],"ReturnType":{"Category":"Primitive","Name":"void"},"Security":"LocalUserSecurity","ThreadSafety":"Unsafe"},{"MemberType":"Function","Name":"RemoveCollisionGroup","Parameters":[{"Name":"name","Type":{"Category":"Primitive","Name":"string"}}],"ReturnType":{"Category":"Primitive","Name":"void"},"Security":"None","ThreadSafety":"Unsafe"},{"MemberType":"Function","Name":"RenameCollisionGroup","Parameters":[{"Name":"from","Type":{"Category":"Primitive","Name":"string"}},{"Name":"to","Type":{"Category":"Primitive","Name":"string"}}],"ReturnType":{"Category":"Primitive","Name":"void"},"Security":"None","ThreadSafety":"Unsafe"},{"MemberType":"Function","Name":"SetPartCollisionGroup","Parameters":[{"Name":"part","Type":{"Category":"Class","Name":"BasePart"}},{"Name":"name","Type":{"Category":"Primitive","Name":"string"}}],"ReturnType":{"Category":"Primitive","Name":"void"},"Security":"None","ThreadSafety":"Unsafe"}],"MemoryCategory":"Instances","Name":"PhysicsService","Superclass":"Instance","Tags":["NotCreatable","Service"]},{"Members":[{"Category":"Performance","MemberType":"Property","Name":"AllowSleep","Security":{"Read":"None","Write":"None"},"Serialization":{"CanLoad":true,"CanSave":true},"ThreadSafety":"ReadSafe","ValueType":{"Category":"Primitive","Name":"bool"}},{"Category":"Display","MemberType":"Property","Name":"AreAnchorsShown","Security":{"Read":"None","Write":"None"},"Serialization":{"CanLoad":true,"CanSave":true},"ThreadSafety":"ReadSafe","ValueType":{"Category":"Primitive","Name":"bool"}},{"Category":"Display","MemberType":"Property","Name":"AreAssembliesShown","Security":{"Read":"None","Write":"None"},"Serialization":{"CanLoad":true,"CanSave":true},"ThreadSafety":"ReadSafe","ValueType":{"Category":"Primitive","Name":"bool"}},{"Category":"Display","MemberType":"Property","Name":"AreAwakePartsHighlighted","Security":{"Read":"None","Write":"None"},"Serialization":{"CanLoad":true,"CanSave":true},"ThreadSafety":"ReadSafe","ValueType":{"Category":"Primitive","Name":"bool"}},{"Category":"Display","MemberType":"Property","Name":"AreBodyTypesShown","Security":{"Read":"None","Write":"None"},"Serialization":{"CanLoad":true,"CanSave":true},"ThreadSafety":"ReadSafe","ValueType":{"Category":"Primitive","Name":"bool"}},{"Category":"Display","MemberType":"Property","Name":"AreContactIslandsShown","Security":{"Read":"None","Write":"None"},"Serialization":{"CanLoad":true,"CanSave":true},"ThreadSafety":"ReadSafe","ValueType":{"Category":"Primitive","Name":"bool"}},{"Category":"Display","MemberType":"Property","Name":"AreContactPointsShown","Security":{"Read":"None","Write":"None"},"Serialization":{"CanLoad":true,"CanSave":true},"ThreadSafety":"ReadSafe","ValueType":{"Category":"Primitive","Name":"bool"}},{"Category":"Display","MemberType":"Property","Name":"AreJointCoordinatesShown","Security":{"Read":"None","Write":"None"},"Serialization":{"CanLoad":true,"CanSave":true},"ThreadSafety":"ReadSafe","ValueType":{"Category":"Primitive","Name":"bool"}},{"Category":"Display","MemberType":"Property","Name":"AreMechanismsShown","Security":{"Read":"None","Write":"None"},"Serialization":{"CanLoad":true,"CanSave":true},"ThreadSafety":"ReadSafe","ValueType":{"Category":"Primitive","Name":"bool"}},{"Category":"Display","MemberType":"Property","Name":"AreModelCoordsShown","Security":{"Read":"None","Write":"None"},"Serialization":{"CanLoad":true,"CanSave":true},"ThreadSafety":"ReadSafe","ValueType":{"Category":"Primitive","Name":"bool"}},{"Category":"Display","MemberType":"Property","Name":"AreOwnersShown","Security":{"Read":"None","Write":"None"},"Serialization":{"CanLoad":true,"CanSave":true},"ThreadSafety":"ReadSafe","ValueType":{"Category":"Primitive","Name":"bool"}},{"Category":"Display","MemberType":"Property","Name":"ArePartCoordsShown","Security":{"Read":"None","Write":"None"},"Serialization":{"CanLoad":true,"CanSave":true},"ThreadSafety":"ReadSafe","ValueType":{"Category":"Primitive","Name":"bool"}},{"Category":"Display","MemberType":"Property","Name":"AreRegionsShown","Security":{"Read":"None","Write":"None"},"Serialization":{"CanLoad":true,"CanSave":true},"ThreadSafety":"ReadSafe","ValueType":{"Category":"Primitive","Name":"bool"}},{"Category":"Display","MemberType":"Property","Name":"AreTerrainReplicationRegionsShown","Security":{"Read":"None","Write":"None"},"Serialization":{"CanLoad":true,"CanSave":true},"ThreadSafety":"ReadSafe","ValueType":{"Category":"Primitive","Name":"bool"}},{"Category":"Display","MemberType":"Property","Name":"AreTimestepsShown","Security":{"Read":"RobloxScriptSecurity","Write":"RobloxScriptSecurity"},"Serialization":{"CanLoad":true,"CanSave":true},"ThreadSafety":"ReadSafe","ValueType":{"Category":"Primitive","Name":"bool"}},{"Category":"Display","MemberType":"Property","Name":"AreUnalignedPartsShown","Security":{"Read":"None","Write":"None"},"Serialization":{"CanLoad":true,"CanSave":true},"ThreadSafety":"ReadSafe","ValueType":{"Category":"Primitive","Name":"bool"}},{"Category":"Display","MemberType":"Property","Name":"AreWorldCoordsShown","Security":{"Read":"None","Write":"None"},"Serialization":{"CanLoad":true,"CanSave":true},"ThreadSafety":"ReadSafe","ValueType":{"Category":"Primitive","Name":"bool"}},{"Category":"Display","MemberType":"Property","Name":"DisableCSGv2","Security":{"Read":"None","Write":"None"},"Serialization":{"CanLoad":true,"CanSave":true},"ThreadSafety":"ReadSafe","ValueType":{"Category":"Primitive","Name":"bool"}},{"Category":"Display","MemberType":"Property","Name":"ForceCSGv2","Security":{"Read":"None","Write":"None"},"Serialization":{"CanLoad":true,"CanSave":true},"Tags":["Hidden","NotReplicated"],"ThreadSafety":"ReadSafe","ValueType":{"Category":"Primitive","Name":"bool"}},{"Category":"Display","MemberType":"Property","Name":"IsInterpolationThrottleShown","Security":{"Read":"None","Write":"None"},"Serialization":{"CanLoad":true,"CanSave":true},"ThreadSafety":"ReadSafe","ValueType":{"Category":"Primitive","Name":"bool"}},{"Category":"Display","MemberType":"Property","Name":"IsReceiveAgeShown","Security":{"Read":"None","Write":"None"},"Serialization":{"CanLoad":true,"CanSave":true},"ThreadSafety":"ReadSafe","ValueType":{"Category":"Primitive","Name":"bool"}},{"Category":"Display","MemberType":"Property","Name":"IsTreeShown","Security":{"Read":"None","Write":"None"},"Serialization":{"CanLoad":true,"CanSave":true},"ThreadSafety":"ReadSafe","ValueType":{"Category":"Primitive","Name":"bool"}},{"Category":"Performance","MemberType":"Property","Name":"PhysicsEnvironmentalThrottle","Security":{"Read":"None","Write":"None"},"Serialization":{"CanLoad":true,"CanSave":true},"ThreadSafety":"ReadSafe","ValueType":{"Category":"Enum","Name":"EnviromentalPhysicsThrottle"}},{"Category":"Display","MemberType":"Property","Name":"ShowDecompositionGeometry","Security":{"Read":"None","Write":"None"},"Serialization":{"CanLoad":true,"CanSave":true},"ThreadSafety":"ReadSafe","ValueType":{"Category":"Primitive","Name":"bool"}},{"Category":"Performance","MemberType":"Property","Name":"ThrottleAdjustTime","Security":{"Read":"None","Write":"None"},"Serialization":{"CanLoad":true,"CanSave":true},"ThreadSafety":"ReadSafe","ValueType":{"Category":"Primitive","Name":"double"}},{"Category":"Display","MemberType":"Property","Name":"UseCSGv2","Security":{"Read":"None","Write":"None"},"Serialization":{"CanLoad":true,"CanSave":true},"ThreadSafety":"ReadSafe","ValueType":{"Category":"Primitive","Name":"bool"}}],"MemoryCategory":"Instances","Name":"PhysicsSettings","Superclass":"Instance","Tags":["NotCreatable","Settings"]},{"Members":[{"Category":"Data","MemberType":"Property","Name":"AccountAge","Security":{"Read":"None","Write":"None"},"Serialization":{"CanLoad":false,"CanSave":false},"Tags":["ReadOnly","NotReplicated"],"ThreadSafety":"ReadSafe","ValueType":{"Category":"Primitive","Name":"int"}},{"Category":"Data","MemberType":"Property","Name":"AppearanceDidLoad","Security":{"Read":"RobloxScriptSecurity","Write":"RobloxScriptSecurity"},"Serialization":{"CanLoad":false,"CanSave":false},"Tags":["Hidden","ReadOnly","NotReplicated","Deprecated"],"ThreadSafety":"ReadSafe","ValueType":{"Category":"Primitive","Name":"bool"}},{"Category":"Data","MemberType":"Property","Name":"AutoJumpEnabled","Security":{"Read":"None","Write":"None"},"Serialization":{"CanLoad":true,"CanSave":true},"ThreadSafety":"ReadSafe","ValueType":{"Category":"Primitive","Name":"bool"}},{"Category":"Camera","MemberType":"Property","Name":"CameraMaxZoomDistance","Security":{"Read":"None","Write":"None"},"Serialization":{"CanLoad":true,"CanSave":true},"ThreadSafety":"ReadSafe","ValueType":{"Category":"Primitive","Name":"float"}},{"Category":"Camera","MemberType":"Property","Name":"CameraMinZoomDistance","Security":{"Read":"None","Write":"None"},"Serialization":{"CanLoad":true,"CanSave":true},"ThreadSafety":"ReadSafe","ValueType":{"Category":"Primitive","Name":"float"}},{"Category":"Camera","MemberType":"Property","Name":"CameraMode","Security":{"Read":"None","Write":"None"},"Serialization":{"CanLoad":true,"CanSave":true},"ThreadSafety":"ReadSafe","ValueType":{"Category":"Enum","Name":"CameraMode"}},{"Category":"Behavior","MemberType":"Property","Name":"CanLoadCharacterAppearance","Security":{"Read":"None","Write":"None"},"Serialization":{"CanLoad":false,"CanSave":false},"ThreadSafety":"ReadSafe","ValueType":{"Category":"Primitive","Name":"bool"}},{"Category":"Data","MemberType":"Property","Name":"Character","Security":{"Read":"None","Write":"None"},"Serialization":{"CanLoad":true,"CanSave":true},"ThreadSafety":"ReadSafe","ValueType":{"Category":"Class","Name":"Model"}},{"Category":"Data","MemberType":"Property","Name":"CharacterAppearance","Security":{"Read":"None","Write":"None"},"Serialization":{"CanLoad":true,"CanSave":true},"Tags":["NotBrowsable","Deprecated"],"ThreadSafety":"ReadSafe","ValueType":{"Category":"Primitive","Name":"string"}},{"Category":"Data","MemberType":"Property","Name":"CharacterAppearanceId","Security":{"Read":"None","Write":"None"},"Serialization":{"CanLoad":true,"CanSave":true},"ThreadSafety":"ReadSafe","ValueType":{"Category":"Primitive","Name":"int64"}},{"Category":"Data","MemberType":"Property","Name":"ChatMode","Security":{"Read":"RobloxScriptSecurity","Write":"RobloxScriptSecurity"},"Serialization":{"CanLoad":false,"CanSave":false},"Tags":["Hidden","ReadOnly","NotReplicated"],"ThreadSafety":"ReadSafe","ValueType":{"Category":"Enum","Name":"ChatMode"}},{"Category":"Data","MemberType":"Property","Name":"DataComplexity","Security":{"Read":"None","Write":"None"},"Serialization":{"CanLoad":false,"CanSave":false},"Tags":["Hidden","ReadOnly","NotReplicated","Deprecated"],"ThreadSafety":"ReadSafe","ValueType":{"Category":"Primitive","Name":"int"}},{"Category":"Data","MemberType":"Property","Name":"DataComplexityLimit","Security":{"Read":"LocalUserSecurity","Write":"LocalUserSecurity"},"Serialization":{"CanLoad":false,"CanSave":false},"Tags":["Hidden","NotReplicated","Deprecated"],"ThreadSafety":"ReadSafe","ValueType":{"Category":"Primitive","Name":"int"}},{"Category":"Data","MemberType":"Property","Name":"DataReady","Security":{"Read":"None","Write":"None"},"Serialization":{"CanLoad":false,"CanSave":false},"Tags":["Hidden","ReadOnly","NotReplicated","Deprecated"],"ThreadSafety":"ReadSafe","ValueType":{"Category":"Primitive","Name":"bool"}},{"Category":"Camera","MemberType":"Property","Name":"DevCameraOcclusionMode","Security":{"Read":"None","Write":"None"},"Serialization":{"CanLoad":true,"CanSave":true},"ThreadSafety":"ReadSafe","ValueType":{"Category":"Enum","Name":"DevCameraOcclusionMode"}},{"Category":"Camera","MemberType":"Property","Name":"DevComputerCameraMode","Security":{"Read":"None","Write":"None"},"Serialization":{"CanLoad":true,"CanSave":true},"ThreadSafety":"ReadSafe","ValueType":{"Category":"Enum","Name":"DevComputerCameraMovementMode"}},{"Category":"Control","MemberType":"Property","Name":"DevComputerMovementMode","Security":{"Read":"None","Write":"None"},"Serialization":{"CanLoad":true,"CanSave":true},"ThreadSafety":"ReadSafe","ValueType":{"Category":"Enum","Name":"DevComputerMovementMode"}},{"Category":"Camera","MemberType":"Property","Name":"DevEnableMouseLock","Security":{"Read":"None","Write":"None"},"Serialization":{"CanLoad":true,"CanSave":true},"ThreadSafety":"ReadSafe","ValueType":{"Category":"Primitive","Name":"bool"}},{"Category":"Camera","MemberType":"Property","Name":"DevTouchCameraMode","Security":{"Read":"None","Write":"None"},"Serialization":{"CanLoad":true,"CanSave":true},"ThreadSafety":"ReadSafe","ValueType":{"Category":"Enum","Name":"DevTouchCameraMovementMode"}},{"Category":"Control","MemberType":"Property","Name":"DevTouchMovementMode","Security":{"Read":"None","Write":"None"},"Serialization":{"CanLoad":true,"CanSave":true},"ThreadSafety":"ReadSafe","ValueType":{"Category":"Enum","Name":"DevTouchMovementMode"}},{"Category":"Data","MemberType":"Property","Name":"DisplayName","Security":{"Read":"None","Write":"None"},"Serialization":{"CanLoad":false,"CanSave":false},"ThreadSafety":"ReadSafe","ValueType":{"Category":"Primitive","Name":"string"}},{"Category":"Data","MemberType":"Property","Name":"FollowUserId","Security":{"Read":"None","Write":"None"},"Serialization":{"CanLoad":false,"CanSave":true},"Tags":["ReadOnly","NotReplicated"],"ThreadSafety":"ReadSafe","ValueType":{"Category":"Primitive","Name":"int64"}},{"Category":"Behavior","MemberType":"Property","Name":"GameplayPaused","Security":{"Read":"None","Write":"NotAccessibleSecurity"},"Serialization":{"CanLoad":true,"CanSave":true},"ThreadSafety":"ReadSafe","ValueType":{"Category":"Primitive","Name":"bool"}},{"Category":"Data","MemberType":"Property","Name":"Guest","Security":{"Read":"RobloxScriptSecurity","Write":"RobloxScriptSecurity"},"Serialization":{"CanLoad":false,"CanSave":false},"Tags":["Hidden","ReadOnly","NotReplicated"],"ThreadSafety":"ReadSafe","ValueType":{"Category":"Primitive","Name":"bool"}},{"Category":"Camera","MemberType":"Property","Name":"HealthDisplayDistance","Security":{"Read":"None","Write":"None"},"Serialization":{"CanLoad":true,"CanSave":true},"ThreadSafety":"ReadSafe","ValueType":{"Category":"Primitive","Name":"float"}},{"Category":"Data","MemberType":"Property","Name":"LocaleId","Security":{"Read":"None","Write":"None"},"Serialization":{"CanLoad":false,"CanSave":false},"Tags":["Hidden","ReadOnly","NotReplicated"],"ThreadSafety":"ReadSafe","ValueType":{"Category":"Primitive","Name":"string"}},{"Category":"Data","MemberType":"Property","Name":"MaximumSimulationRadius","Security":{"Read":"LocalUserSecurity","Write":"LocalUserSecurity"},"Serialization":{"CanLoad":false,"CanSave":false},"Tags":["Hidden","NotReplicated"],"ThreadSafety":"ReadSafe","ValueType":{"Category":"Primitive","Name":"float"}},{"Category":"Data","MemberType":"Property","Name":"MembershipType","Security":{"Read":"None","Write":"None"},"Serialization":{"CanLoad":false,"CanSave":false},"Tags":["ReadOnly","NotReplicated"],"ThreadSafety":"ReadSafe","ValueType":{"Category":"Enum","Name":"MembershipType"}},{"Category":"Camera","MemberType":"Property","Name":"NameDisplayDistance","Security":{"Read":"None","Write":"None"},"Serialization":{"CanLoad":true,"CanSave":true},"ThreadSafety":"ReadSafe","ValueType":{"Category":"Primitive","Name":"float"}},{"Category":"Team","MemberType":"Property","Name":"Neutral","Security":{"Read":"None","Write":"None"},"Serialization":{"CanLoad":true,"CanSave":true},"ThreadSafety":"ReadSafe","ValueType":{"Category":"Primitive","Name":"bool"}},{"Category":"Data","MemberType":"Property","Name":"OsPlatform","Security":{"Read":"RobloxScriptSecurity","Write":"RobloxScriptSecurity"},"Serialization":{"CanLoad":false,"CanSave":false},"Tags":["Hidden","NotReplicated"],"ThreadSafety":"ReadSafe","ValueType":{"Category":"Primitive","Name":"string"}},{"Category":"Data","MemberType":"Property","Name":"PlatformName","Security":{"Read":"RobloxScriptSecurity","Write":"RobloxScriptSecurity"},"Serialization":{"CanLoad":false,"CanSave":false},"Tags":["Hidden"],"ThreadSafety":"ReadSafe","ValueType":{"Category":"Primitive","Name":"string"}},{"Category":"Data","MemberType":"Property","Name":"ReplicationFocus","Security":{"Read":"None","Write":"None"},"Serialization":{"CanLoad":true,"CanSave":true},"ThreadSafety":"ReadSafe","ValueType":{"Category":"Class","Name":"Instance"}},{"Category":"Data","MemberType":"Property","Name":"RespawnLocation","Security":{"Read":"None","Write":"None"},"Serialization":{"CanLoad":true,"CanSave":true},"ThreadSafety":"ReadSafe","ValueType":{"Category":"Class","Name":"SpawnLocation"}},{"Category":"Data","MemberType":"Property","Name":"SimulationRadius","Security":{"Read":"LocalUserSecurity","Write":"LocalUserSecurity"},"Serialization":{"CanLoad":false,"CanSave":false},"Tags":["Hidden"],"ThreadSafety":"ReadSafe","ValueType":{"Category":"Primitive","Name":"float"}},{"Category":"Team","MemberType":"Property","Name":"Team","Security":{"Read":"None","Write":"None"},"Serialization":{"CanLoad":true,"CanSave":true},"Tags":["NotReplicated"],"ThreadSafety":"ReadSafe","ValueType":{"Category":"Class","Name":"Team"}},{"Category":"Team","MemberType":"Property","Name":"TeamColor","Security":{"Read":"None","Write":"None"},"Serialization":{"CanLoad":true,"CanSave":true},"ThreadSafety":"ReadSafe","ValueType":{"Category":"DataType","Name":"BrickColor"}},{"Category":"Data","MemberType":"Property","Name":"Teleported","Security":{"Read":"RobloxScriptSecurity","Write":"RobloxScriptSecurity"},"Serialization":{"CanLoad":false,"CanSave":false},"Tags":["Hidden","ReadOnly","NotReplicated"],"ThreadSafety":"ReadSafe","ValueType":{"Category":"Primitive","Name":"bool"}},{"Category":"Data","MemberType":"Property","Name":"TeleportedIn","Security":{"Read":"RobloxScriptSecurity","Write":"RobloxScriptSecurity"},"Serialization":{"CanLoad":true,"CanSave":true},"Tags":["Hidden"],"ThreadSafety":"ReadSafe","ValueType":{"Category":"Primitive","Name":"bool"}},{"Category":"Data","MemberType":"Property","Name":"UserId","Security":{"Read":"None","Write":"None"},"Serialization":{"CanLoad":false,"CanSave":false},"ThreadSafety":"ReadSafe","ValueType":{"Category":"Primitive","Name":"int64"}},{"Category":"Data","MemberType":"Property","Name":"VRDevice","Security":{"Read":"RobloxScriptSecurity","Write":"RobloxScriptSecurity"},"Serialization":{"CanLoad":false,"CanSave":false},"Tags":["Hidden"],"ThreadSafety":"ReadSafe","ValueType":{"Category":"Primitive","Name":"string"}},{"Category":"Data","MemberType":"Property","Name":"userId","Security":{"Read":"None","Write":"None"},"Serialization":{"CanLoad":false,"CanSave":false},"Tags":["Deprecated"],"ThreadSafety":"ReadSafe","ValueType":{"Category":"Primitive","Name":"int64"}},{"MemberType":"Function","Name":"AddToBlockList","Parameters":[{"Name":"userIds","Type":{"Category":"Group","Name":"Array"}}],"ReturnType":{"Category":"Primitive","Name":"void"},"Security":"RobloxScriptSecurity","ThreadSafety":"Unsafe"},{"MemberType":"Function","Name":"ClearCharacterAppearance","Parameters":[],"ReturnType":{"Category":"Primitive","Name":"void"},"Security":"None","ThreadSafety":"Unsafe"},{"MemberType":"Function","Name":"DistanceFromCharacter","Parameters":[{"Name":"point","Type":{"Category":"DataType","Name":"Vector3"}}],"ReturnType":{"Category":"Primitive","Name":"float"},"Security":"None","ThreadSafety":"Unsafe"},{"MemberType":"Function","Name":"GetFriendStatus","Parameters":[{"Name":"player","Type":{"Category":"Class","Name":"Player"}}],"ReturnType":{"Category":"Enum","Name":"FriendStatus"},"Security":"RobloxScriptSecurity","ThreadSafety":"Unsafe"},{"MemberType":"Function","Name":"GetGameSessionID","Parameters":[],"ReturnType":{"Category":"Primitive","Name":"string"},"Security":"RobloxSecurity","ThreadSafety":"Unsafe"},{"MemberType":"Function","Name":"GetJoinData","Parameters":[],"ReturnType":{"Category":"Group","Name":"Dictionary"},"Security":"None","ThreadSafety":"Unsafe"},{"MemberType":"Function","Name":"GetMouse","Parameters":[],"ReturnType":{"Category":"Class","Name":"Mouse"},"Security":"None","ThreadSafety":"Unsafe"},{"MemberType":"Function","Name":"GetNetworkPing","Parameters":[],"ReturnType":{"Category":"Primitive","Name":"float"},"Security":"None","ThreadSafety":"Unsafe"},{"MemberType":"Function","Name":"GetUnder13","Parameters":[],"ReturnType":{"Category":"Primitive","Name":"bool"},"Security":"RobloxScriptSecurity","ThreadSafety":"Unsafe"},{"MemberType":"Function","Name":"HasAppearanceLoaded","Parameters":[],"ReturnType":{"Category":"Primitive","Name":"bool"},"Security":"None","ThreadSafety":"Unsafe"},{"MemberType":"Function","Name":"IsUserAvailableForExperiment","Parameters":[],"ReturnType":{"Category":"Primitive","Name":"bool"},"Security":"None","Tags":["Deprecated"],"ThreadSafety":"Unsafe"},{"MemberType":"Function","Name":"Kick","Parameters":[{"Default":"","Name":"message","Type":{"Category":"Primitive","Name":"string"}}],"ReturnType":{"Category":"Primitive","Name":"void"},"Security":"None","ThreadSafety":"Unsafe"},{"MemberType":"Function","Name":"LoadBoolean","Parameters":[{"Name":"key","Type":{"Category":"Primitive","Name":"string"}}],"ReturnType":{"Category":"Primitive","Name":"bool"},"Security":"None","Tags":["Deprecated"],"ThreadSafety":"Unsafe"},{"MemberType":"Function","Name":"LoadCharacterAppearance","Parameters":[{"Name":"assetInstance","Type":{"Category":"Class","Name":"Instance"}}],"ReturnType":{"Category":"Primitive","Name":"void"},"Security":"None","Tags":["Deprecated"],"ThreadSafety":"Unsafe"},{"MemberType":"Function","Name":"LoadData","Parameters":[],"ReturnType":{"Category":"Primitive","Name":"void"},"Security":"LocalUserSecurity","Tags":["Deprecated"],"ThreadSafety":"Unsafe"},{"MemberType":"Function","Name":"LoadInstance","Parameters":[{"Name":"key","Type":{"Category":"Primitive","Name":"string"}}],"ReturnType":{"Category":"Class","Name":"Instance"},"Security":"None","Tags":["Deprecated"],"ThreadSafety":"Unsafe"},{"MemberType":"Function","Name":"LoadNumber","Parameters":[{"Name":"key","Type":{"Category":"Primitive","Name":"string"}}],"ReturnType":{"Category":"Primitive","Name":"double"},"Security":"None","Tags":["Deprecated"],"ThreadSafety":"Unsafe"},{"MemberType":"Function","Name":"LoadString","Parameters":[{"Name":"key","Type":{"Category":"Primitive","Name":"string"}}],"ReturnType":{"Category":"Primitive","Name":"string"},"Security":"None","Tags":["Deprecated"],"ThreadSafety":"Unsafe"},{"MemberType":"Function","Name":"Move","Parameters":[{"Name":"walkDirection","Type":{"Category":"DataType","Name":"Vector3"}},{"Default":"false","Name":"relativeToCamera","Type":{"Category":"Primitive","Name":"bool"}}],"ReturnType":{"Category":"Primitive","Name":"void"},"Security":"None","ThreadSafety":"Unsafe"},{"MemberType":"Function","Name":"RemoveCharacter","Parameters":[],"ReturnType":{"Category":"Primitive","Name":"void"},"Security":"LocalUserSecurity","ThreadSafety":"Unsafe"},{"MemberType":"Function","Name":"RequestFriendship","Parameters":[{"Name":"player","Type":{"Category":"Class","Name":"Player"}}],"ReturnType":{"Category":"Primitive","Name":"void"},"Security":"RobloxScriptSecurity","ThreadSafety":"Unsafe"},{"MemberType":"Function","Name":"RevokeFriendship","Parameters":[{"Name":"player","Type":{"Category":"Class","Name":"Player"}}],"ReturnType":{"Category":"Primitive","Name":"void"},"Security":"RobloxScriptSecurity","ThreadSafety":"Unsafe"},{"MemberType":"Function","Name":"SaveBoolean","Parameters":[{"Name":"key","Type":{"Category":"Primitive","Name":"string"}},{"Name":"value","Type":{"Category":"Primitive","Name":"bool"}}],"ReturnType":{"Category":"Primitive","Name":"void"},"Security":"None","Tags":["Deprecated"],"ThreadSafety":"Unsafe"},{"MemberType":"Function","Name":"SaveData","Parameters":[],"ReturnType":{"Category":"Primitive","Name":"void"},"Security":"LocalUserSecurity","Tags":["Deprecated"],"ThreadSafety":"Unsafe"},{"MemberType":"Function","Name":"SaveInstance","Parameters":[{"Name":"key","Type":{"Category":"Primitive","Name":"string"}},{"Name":"value","Type":{"Category":"Class","Name":"Instance"}}],"ReturnType":{"Category":"Primitive","Name":"void"},"Security":"None","Tags":["Deprecated"],"ThreadSafety":"Unsafe"},{"MemberType":"Function","Name":"SaveNumber","Parameters":[{"Name":"key","Type":{"Category":"Primitive","Name":"string"}},{"Name":"value","Type":{"Category":"Primitive","Name":"double"}}],"ReturnType":{"Category":"Primitive","Name":"void"},"Security":"None","Tags":["Deprecated"],"ThreadSafety":"Unsafe"},{"MemberType":"Function","Name":"SaveString","Parameters":[{"Name":"key","Type":{"Category":"Primitive","Name":"string"}},{"Name":"value","Type":{"Category":"Primitive","Name":"string"}}],"ReturnType":{"Category":"Primitive","Name":"void"},"Security":"None","Tags":["Deprecated"],"ThreadSafety":"Unsafe"},{"MemberType":"Function","Name":"SetAccountAge","Parameters":[{"Name":"accountAge","Type":{"Category":"Primitive","Name":"int"}}],"ReturnType":{"Category":"Primitive","Name":"void"},"Security":"PluginSecurity","ThreadSafety":"Unsafe"},{"MemberType":"Function","Name":"SetCharacterAppearanceJson","Parameters":[{"Name":"jsonBlob","Type":{"Category":"Primitive","Name":"string"}}],"ReturnType":{"Category":"Primitive","Name":"void"},"Security":"RobloxScriptSecurity","ThreadSafety":"Unsafe"},{"MemberType":"Function","Name":"SetMembershipType","Parameters":[{"Name":"membershipType","Type":{"Category":"Enum","Name":"MembershipType"}}],"ReturnType":{"Category":"Primitive","Name":"void"},"Security":"RobloxScriptSecurity","ThreadSafety":"Unsafe"},{"MemberType":"Function","Name":"SetSuperSafeChat","Parameters":[{"Name":"value","Type":{"Category":"Primitive","Name":"bool"}}],"ReturnType":{"Category":"Primitive","Name":"void"},"Security":"PluginSecurity","ThreadSafety":"Unsafe"},{"MemberType":"Function","Name":"SetUnder13","Parameters":[{"Name":"value","Type":{"Category":"Primitive","Name":"bool"}}],"ReturnType":{"Category":"Primitive","Name":"void"},"Security":"RobloxSecurity","Tags":["Deprecated"],"ThreadSafety":"Unsafe"},{"MemberType":"Function","Name":"UpdatePlayerBlocked","Parameters":[{"Name":"userId","Type":{"Category":"Primitive","Name":"int64"}},{"Name":"blocked","Type":{"Category":"Primitive","Name":"bool"}}],"ReturnType":{"Category":"Primitive","Name":"void"},"Security":"RobloxScriptSecurity","ThreadSafety":"Unsafe"},{"MemberType":"Function","Name":"loadBoolean","Parameters":[{"Name":"key","Type":{"Category":"Primitive","Name":"string"}}],"ReturnType":{"Category":"Primitive","Name":"bool"},"Security":"None","Tags":["Deprecated"],"ThreadSafety":"Unsafe"},{"MemberType":"Function","Name":"loadInstance","Parameters":[{"Name":"key","Type":{"Category":"Primitive","Name":"string"}}],"ReturnType":{"Category":"Class","Name":"Instance"},"Security":"None","Tags":["Deprecated"],"ThreadSafety":"Unsafe"},{"MemberType":"Function","Name":"loadNumber","Parameters":[{"Name":"key","Type":{"Category":"Primitive","Name":"string"}}],"ReturnType":{"Category":"Primitive","Name":"double"},"Security":"None","Tags":["Deprecated"],"ThreadSafety":"Unsafe"},{"MemberType":"Function","Name":"loadString","Parameters":[{"Name":"key","Type":{"Category":"Primitive","Name":"string"}}],"ReturnType":{"Category":"Primitive","Name":"string"},"Security":"None","Tags":["Deprecated"],"ThreadSafety":"Unsafe"},{"MemberType":"Function","Name":"saveBoolean","Parameters":[{"Name":"key","Type":{"Category":"Primitive","Name":"string"}},{"Name":"value","Type":{"Category":"Primitive","Name":"bool"}}],"ReturnType":{"Category":"Primitive","Name":"void"},"Security":"None","Tags":["Deprecated"],"ThreadSafety":"Unsafe"},{"MemberType":"Function","Name":"saveInstance","Parameters":[{"Name":"key","Type":{"Category":"Primitive","Name":"string"}},{"Name":"value","Type":{"Category":"Class","Name":"Instance"}}],"ReturnType":{"Category":"Primitive","Name":"void"},"Security":"None","Tags":["Deprecated"],"ThreadSafety":"Unsafe"},{"MemberType":"Function","Name":"saveNumber","Parameters":[{"Name":"key","Type":{"Category":"Primitive","Name":"string"}},{"Name":"value","Type":{"Category":"Primitive","Name":"double"}}],"ReturnType":{"Category":"Primitive","Name":"void"},"Security":"None","Tags":["Deprecated"],"ThreadSafety":"Unsafe"},{"MemberType":"Function","Name":"saveString","Parameters":[{"Name":"key","Type":{"Category":"Primitive","Name":"string"}},{"Name":"value","Type":{"Category":"Primitive","Name":"string"}}],"ReturnType":{"Category":"Primitive","Name":"void"},"Security":"None","Tags":["Deprecated"],"ThreadSafety":"Unsafe"},{"MemberType":"Function","Name":"GetFriendsOnline","Parameters":[{"Default":"200","Name":"maxFriends","Type":{"Category":"Primitive","Name":"int"}}],"ReturnType":{"Category":"Group","Name":"Array"},"Security":"None","Tags":["Yields"],"ThreadSafety":"Unsafe"},{"MemberType":"Function","Name":"GetRankInGroup","Parameters":[{"Name":"groupId","Type":{"Category":"Primitive","Name":"int64"}}],"ReturnType":{"Category":"Primitive","Name":"int"},"Security":"None","Tags":["Yields"],"ThreadSafety":"Unsafe"},{"MemberType":"Function","Name":"GetRoleInGroup","Parameters":[{"Name":"groupId","Type":{"Category":"Primitive","Name":"int64"}}],"ReturnType":{"Category":"Primitive","Name":"string"},"Security":"None","Tags":["Yields"],"ThreadSafety":"Unsafe"},{"MemberType":"Function","Name":"IsBestFriendsWith","Parameters":[{"Name":"userId","Type":{"Category":"Primitive","Name":"int64"}}],"ReturnType":{"Category":"Primitive","Name":"bool"},"Security":"None","Tags":["Yields","Deprecated"],"ThreadSafety":"Unsafe"},{"MemberType":"Function","Name":"IsFriendsWith","Parameters":[{"Name":"userId","Type":{"Category":"Primitive","Name":"int64"}}],"ReturnType":{"Category":"Primitive","Name":"bool"},"Security":"None","Tags":["Yields"],"ThreadSafety":"Unsafe"},{"MemberType":"Function","Name":"IsInGroup","Parameters":[{"Name":"groupId","Type":{"Category":"Primitive","Name":"int64"}}],"ReturnType":{"Category":"Primitive","Name":"bool"},"Security":"None","Tags":["Yields"],"ThreadSafety":"Unsafe"},{"MemberType":"Function","Name":"LoadCharacter","Parameters":[],"ReturnType":{"Category":"Primitive","Name":"void"},"Security":"None","Tags":["Yields"],"ThreadSafety":"Unsafe"},{"MemberType":"Function","Name":"LoadCharacterBlocking","Parameters":[],"ReturnType":{"Category":"Primitive","Name":"void"},"Security":"LocalUserSecurity","Tags":["Yields"],"ThreadSafety":"Unsafe"},{"MemberType":"Function","Name":"LoadCharacterWithHumanoidDescription","Parameters":[{"Name":"humanoidDescription","Type":{"Category":"Class","Name":"HumanoidDescription"}}],"ReturnType":{"Category":"Primitive","Name":"void"},"Security":"None","Tags":["Yields"],"ThreadSafety":"Unsafe"},{"MemberType":"Function","Name":"RequestStreamAroundAsync","Parameters":[{"Name":"position","Type":{"Category":"DataType","Name":"Vector3"}},{"Default":"0","Name":"timeOut","Type":{"Category":"Primitive","Name":"double"}}],"ReturnType":{"Category":"Primitive","Name":"void"},"Security":"None","Tags":["Yields"],"ThreadSafety":"Unsafe"},{"MemberType":"Function","Name":"WaitForDataReady","Parameters":[],"ReturnType":{"Category":"Primitive","Name":"bool"},"Security":"None","Tags":["Yields","Deprecated"],"ThreadSafety":"Unsafe"},{"MemberType":"Function","Name":"isFriendsWith","Parameters":[{"Name":"userId","Type":{"Category":"Primitive","Name":"int64"}}],"ReturnType":{"Category":"Primitive","Name":"bool"},"Security":"None","Tags":["Yields","Deprecated"],"ThreadSafety":"Unsafe"},{"MemberType":"Function","Name":"waitForDataReady","Parameters":[],"ReturnType":{"Category":"Primitive","Name":"bool"},"Security":"None","Tags":["Yields","Deprecated"],"ThreadSafety":"Unsafe"},{"MemberType":"Event","Name":"CharacterAdded","Parameters":[{"Name":"character","Type":{"Category":"Class","Name":"Model"}}],"Security":"None","ThreadSafety":"Unsafe"},{"MemberType":"Event","Name":"CharacterAppearanceLoaded","Parameters":[{"Name":"character","Type":{"Category":"Class","Name":"Model"}}],"Security":"None","ThreadSafety":"Unsafe"},{"MemberType":"Event","Name":"CharacterRemoving","Parameters":[{"Name":"character","Type":{"Category":"Class","Name":"Model"}}],"Security":"None","ThreadSafety":"Unsafe"},{"MemberType":"Event","Name":"Chatted","Parameters":[{"Name":"message","Type":{"Category":"Primitive","Name":"string"}},{"Name":"recipient","Type":{"Category":"Class","Name":"Player"}}],"Security":"None","ThreadSafety":"Unsafe"},{"MemberType":"Event","Name":"FriendStatusChanged","Parameters":[{"Name":"player","Type":{"Category":"Class","Name":"Player"}},{"Name":"friendStatus","Type":{"Category":"Enum","Name":"FriendStatus"}}],"Security":"RobloxScriptSecurity","ThreadSafety":"Unsafe"},{"MemberType":"Event","Name":"Idled","Parameters":[{"Name":"time","Type":{"Category":"Primitive","Name":"double"}}],"Security":"None","ThreadSafety":"Unsafe"},{"MemberType":"Event","Name":"OnTeleport","Parameters":[{"Name":"teleportState","Type":{"Category":"Enum","Name":"TeleportState"}},{"Name":"placeId","Type":{"Category":"Primitive","Name":"int64"}},{"Name":"spawnName","Type":{"Category":"Primitive","Name":"string"}}],"Security":"None","ThreadSafety":"Unsafe"},{"MemberType":"Event","Name":"SimulationRadiusChanged","Parameters":[{"Name":"radius","Type":{"Category":"Primitive","Name":"float"}}],"Security":"LocalUserSecurity","ThreadSafety":"Unsafe"}],"MemoryCategory":"Instances","Name":"Player","Superclass":"Instance"},{"Members":[{"Category":"Behavior","MemberType":"Property","Name":"CustomPoliciesEnabled","Security":{"Read":"RobloxScriptSecurity","Write":"RobloxScriptSecurity"},"Serialization":{"CanLoad":true,"CanSave":true},"Tags":["Hidden"],"ThreadSafety":"ReadSafe","ValueType":{"Category":"Primitive","Name":"bool"}},{"Category":"Behavior","MemberType":"Property","Name":"EmulatedCountryCode","Security":{"Read":"RobloxScriptSecurity","Write":"RobloxScriptSecurity"},"Serialization":{"CanLoad":true,"CanSave":true},"Tags":["Hidden"],"ThreadSafety":"ReadSafe","ValueType":{"Category":"Primitive","Name":"string"}},{"Category":"Behavior","MemberType":"Property","Name":"EmulatedGameLocale","Security":{"Read":"RobloxScriptSecurity","Write":"RobloxScriptSecurity"},"Serialization":{"CanLoad":true,"CanSave":true},"Tags":["Hidden"],"ThreadSafety":"ReadSafe","ValueType":{"Category":"Primitive","Name":"string"}},{"Category":"Behavior","MemberType":"Property","Name":"PlayerEmulationEnabled","Security":{"Read":"RobloxScriptSecurity","Write":"RobloxScriptSecurity"},"Serialization":{"CanLoad":true,"CanSave":true},"Tags":["Hidden"],"ThreadSafety":"ReadSafe","ValueType":{"Category":"Primitive","Name":"bool"}},{"Category":"Behavior","MemberType":"Property","Name":"SerializedEmulatedPolicyInfo","Security":{"Read":"RobloxSecurity","Write":"RobloxSecurity"},"Serialization":{"CanLoad":true,"CanSave":true},"Tags":["Hidden"],"ThreadSafety":"ReadSafe","ValueType":{"Category":"DataType","Name":"BinaryString"}},{"MemberType":"Function","Name":"GetEmulatedPolicyInfo","Parameters":[],"ReturnType":{"Category":"Group","Name":"Dictionary"},"Security":"RobloxScriptSecurity","ThreadSafety":"Unsafe"},{"MemberType":"Function","Name":"RegionCodeWillHaveAutomaticNonCustomPolicies","Parameters":[{"Name":"regionCode","Type":{"Category":"Primitive","Name":"string"}}],"ReturnType":{"Category":"Primitive","Name":"bool"},"Security":"RobloxScriptSecurity","ThreadSafety":"Unsafe"},{"MemberType":"Function","Name":"SetEmulatedPolicyInfo","Parameters":[{"Name":"emulatedPolicyInfo","Type":{"Category":"Group","Name":"Dictionary"}}],"ReturnType":{"Category":"Primitive","Name":"void"},"Security":"RobloxScriptSecurity","ThreadSafety":"Unsafe"}],"MemoryCategory":"Instances","Name":"PlayerEmulatorService","Superclass":"Instance","Tags":["NotCreatable","Service"]},{"Members":[{"MemberType":"Function","Name":"ClearComputerCameraMovementModes","Parameters":[],"ReturnType":{"Category":"Primitive","Name":"void"},"Security":"None","ThreadSafety":"Unsafe"},{"MemberType":"Function","Name":"ClearComputerMovementModes","Parameters":[],"ReturnType":{"Category":"Primitive","Name":"void"},"Security":"None","ThreadSafety":"Unsafe"},{"MemberType":"Function","Name":"ClearTouchCameraMovementModes","Parameters":[],"ReturnType":{"Category":"Primitive","Name":"void"},"Security":"None","ThreadSafety":"Unsafe"},{"MemberType":"Function","Name":"ClearTouchMovementModes","Parameters":[],"ReturnType":{"Category":"Primitive","Name":"void"},"Security":"None","ThreadSafety":"Unsafe"},{"MemberType":"Function","Name":"GetRegisteredComputerCameraMovementModes","Parameters":[],"ReturnType":{"Category":"Group","Name":"Array"},"Security":"RobloxScriptSecurity","ThreadSafety":"Unsafe"},{"MemberType":"Function","Name":"GetRegisteredComputerMovementModes","Parameters":[],"ReturnType":{"Category":"Group","Name":"Array"},"Security":"RobloxScriptSecurity","ThreadSafety":"Unsafe"},{"MemberType":"Function","Name":"GetRegisteredTouchCameraMovementModes","Parameters":[],"ReturnType":{"Category":"Group","Name":"Array"},"Security":"RobloxScriptSecurity","ThreadSafety":"Unsafe"},{"MemberType":"Function","Name":"GetRegisteredTouchMovementModes","Parameters":[],"ReturnType":{"Category":"Group","Name":"Array"},"Security":"RobloxScriptSecurity","ThreadSafety":"Unsafe"},{"MemberType":"Function","Name":"RegisterComputerCameraMovementMode","Parameters":[{"Name":"cameraMovementMode","Type":{"Category":"Enum","Name":"ComputerCameraMovementMode"}}],"ReturnType":{"Category":"Primitive","Name":"void"},"Security":"None","ThreadSafety":"Unsafe"},{"MemberType":"Function","Name":"RegisterComputerMovementMode","Parameters":[{"Name":"movementMode","Type":{"Category":"Enum","Name":"ComputerMovementMode"}}],"ReturnType":{"Category":"Primitive","Name":"void"},"Security":"None","ThreadSafety":"Unsafe"},{"MemberType":"Function","Name":"RegisterTouchCameraMovementMode","Parameters":[{"Name":"cameraMovementMode","Type":{"Category":"Enum","Name":"TouchCameraMovementMode"}}],"ReturnType":{"Category":"Primitive","Name":"void"},"Security":"None","ThreadSafety":"Unsafe"},{"MemberType":"Function","Name":"RegisterTouchMovementMode","Parameters":[{"Name":"movementMode","Type":{"Category":"Enum","Name":"TouchMovementMode"}}],"ReturnType":{"Category":"Primitive","Name":"void"},"Security":"None","ThreadSafety":"Unsafe"},{"MemberType":"Event","Name":"ComputerCameraMovementModeRegistered","Parameters":[],"Security":"RobloxScriptSecurity","ThreadSafety":"Unsafe"},{"MemberType":"Event","Name":"ComputerMovementModeRegistered","Parameters":[],"Security":"RobloxScriptSecurity","ThreadSafety":"Unsafe"},{"MemberType":"Event","Name":"TouchCameraMovementModeRegistered","Parameters":[],"Security":"RobloxScriptSecurity","ThreadSafety":"Unsafe"},{"MemberType":"Event","Name":"TouchMovementModeRegistered","Parameters":[],"Security":"RobloxScriptSecurity","ThreadSafety":"Unsafe"}],"MemoryCategory":"Instances","Name":"PlayerScripts","Superclass":"Instance","Tags":["NotCreatable","NotReplicated"]},{"Members":[{"Category":"Data","MemberType":"Property","Name":"BubbleChat","Security":{"Read":"None","Write":"None"},"Serialization":{"CanLoad":false,"CanSave":false},"Tags":["ReadOnly","NotReplicated"],"ThreadSafety":"ReadSafe","ValueType":{"Category":"Primitive","Name":"bool"}},{"Category":"Behavior","MemberType":"Property","Name":"CharacterAutoLoads","Security":{"Read":"None","Write":"None"},"Serialization":{"CanLoad":true,"CanSave":true},"Tags":["NotReplicated"],"ThreadSafety":"ReadSafe","ValueType":{"Category":"Primitive","Name":"bool"}},{"Category":"Data","MemberType":"Property","Name":"ClassicChat","Security":{"Read":"None","Write":"None"},"Serialization":{"CanLoad":false,"CanSave":false},"Tags":["ReadOnly","NotReplicated"],"ThreadSafety":"ReadSafe","ValueType":{"Category":"Primitive","Name":"bool"}},{"Category":"Data","MemberType":"Property","Name":"LocalPlayer","Security":{"Read":"None","Write":"None"},"Serialization":{"CanLoad":false,"CanSave":false},"Tags":["ReadOnly","NotReplicated"],"ThreadSafety":"ReadSafe","ValueType":{"Category":"Class","Name":"Player"}},{"Category":"Data","MemberType":"Property","Name":"MaxPlayers","Security":{"Read":"None","Write":"None"},"Serialization":{"CanLoad":false,"CanSave":false},"Tags":["ReadOnly","NotReplicated"],"ThreadSafety":"ReadSafe","ValueType":{"Category":"Primitive","Name":"int"}},{"Category":"Data","MemberType":"Property","Name":"MaxPlayersInternal","Security":{"Read":"LocalUserSecurity","Write":"LocalUserSecurity"},"Serialization":{"CanLoad":true,"CanSave":true},"Tags":["Hidden"],"ThreadSafety":"ReadSafe","ValueType":{"Category":"Primitive","Name":"int"}},{"Category":"Data","MemberType":"Property","Name":"NumPlayers","Security":{"Read":"None","Write":"None"},"Serialization":{"CanLoad":false,"CanSave":false},"Tags":["ReadOnly","NotReplicated","Deprecated"],"ThreadSafety":"ReadSafe","ValueType":{"Category":"Primitive","Name":"int"}},{"Category":"Data","MemberType":"Property","Name":"PreferredPlayers","Security":{"Read":"None","Write":"None"},"Serialization":{"CanLoad":false,"CanSave":false},"Tags":["ReadOnly","NotReplicated"],"ThreadSafety":"ReadSafe","ValueType":{"Category":"Primitive","Name":"int"}},{"Category":"Data","MemberType":"Property","Name":"PreferredPlayersInternal","Security":{"Read":"LocalUserSecurity","Write":"LocalUserSecurity"},"Serialization":{"CanLoad":true,"CanSave":true},"Tags":["Hidden"],"ThreadSafety":"ReadSafe","ValueType":{"Category":"Primitive","Name":"int"}},{"Category":"Data","MemberType":"Property","Name":"RespawnTime","Security":{"Read":"None","Write":"None"},"Serialization":{"CanLoad":true,"CanSave":true},"ThreadSafety":"ReadSafe","ValueType":{"Category":"Primitive","Name":"float"}},{"Category":"Data","MemberType":"Property","Name":"localPlayer","Security":{"Read":"None","Write":"None"},"Serialization":{"CanLoad":false,"CanSave":false},"Tags":["Hidden","ReadOnly","NotReplicated","Deprecated"],"ThreadSafety":"ReadSafe","ValueType":{"Category":"Class","Name":"Player"}},{"Category":"Data","MemberType":"Property","Name":"numPlayers","Security":{"Read":"None","Write":"None"},"Serialization":{"CanLoad":false,"CanSave":false},"Tags":["Hidden","ReadOnly","NotReplicated","Deprecated"],"ThreadSafety":"ReadSafe","ValueType":{"Category":"Primitive","Name":"int"}},{"MemberType":"Function","Name":"Chat","Parameters":[{"Name":"message","Type":{"Category":"Primitive","Name":"string"}}],"ReturnType":{"Category":"Primitive","Name":"void"},"Security":"PluginSecurity","ThreadSafety":"Unsafe"},{"MemberType":"Function","Name":"CreateLocalPlayer","Parameters":[],"ReturnType":{"Category":"Class","Name":"Player"},"Security":"LocalUserSecurity","ThreadSafety":"Unsafe"},{"MemberType":"Function","Name":"GetPlayerByUserId","Parameters":[{"Name":"userId","Type":{"Category":"Primitive","Name":"int64"}}],"ReturnType":{"Category":"Class","Name":"Player"},"Security":"None","ThreadSafety":"Unsafe"},{"MemberType":"Function","Name":"GetPlayerFromCharacter","Parameters":[{"Name":"character","Type":{"Category":"Class","Name":"Model"}}],"ReturnType":{"Category":"Class","Name":"Player"},"Security":"None","ThreadSafety":"Unsafe"},{"MemberType":"Function","Name":"GetPlayers","Parameters":[],"ReturnType":{"Category":"DataType","Name":"Objects"},"Security":"None","ThreadSafety":"Unsafe"},{"MemberType":"Function","Name":"ReportAbuse","Parameters":[{"Name":"player","Type":{"Category":"Class","Name":"Player"}},{"Name":"reason","Type":{"Category":"Primitive","Name":"string"}},{"Name":"optionalMessage","Type":{"Category":"Primitive","Name":"string"}}],"ReturnType":{"Category":"Primitive","Name":"void"},"Security":"LocalUserSecurity","ThreadSafety":"Unsafe"},{"MemberType":"Function","Name":"SetChatStyle","Parameters":[{"Default":"Classic","Name":"style","Type":{"Category":"Enum","Name":"ChatStyle"}}],"ReturnType":{"Category":"Primitive","Name":"void"},"Security":"PluginSecurity","ThreadSafety":"Unsafe"},{"MemberType":"Function","Name":"SetLocalPlayerInfo","Parameters":[{"Name":"userId","Type":{"Category":"Primitive","Name":"int64"}},{"Name":"userName","Type":{"Category":"Primitive","Name":"string"}},{"Name":"displayName","Type":{"Category":"Primitive","Name":"string"}},{"Name":"membershipType","Type":{"Category":"Enum","Name":"MembershipType"}},{"Name":"isUnder13","Type":{"Category":"Primitive","Name":"bool"}}],"ReturnType":{"Category":"Primitive","Name":"void"},"Security":"RobloxScriptSecurity","ThreadSafety":"Unsafe"},{"MemberType":"Function","Name":"TeamChat","Parameters":[{"Name":"message","Type":{"Category":"Primitive","Name":"string"}}],"ReturnType":{"Category":"Primitive","Name":"void"},"Security":"PluginSecurity","ThreadSafety":"Unsafe"},{"MemberType":"Function","Name":"WhisperChat","Parameters":[{"Name":"message","Type":{"Category":"Primitive","Name":"string"}},{"Name":"player","Type":{"Category":"Class","Name":"Instance"}}],"ReturnType":{"Category":"Primitive","Name":"void"},"Security":"LocalUserSecurity","ThreadSafety":"Unsafe"},{"MemberType":"Function","Name":"getPlayers","Parameters":[],"ReturnType":{"Category":"DataType","Name":"Objects"},"Security":"None","Tags":["Deprecated"],"ThreadSafety":"Unsafe"},{"MemberType":"Function","Name":"playerFromCharacter","Parameters":[{"Name":"character","Type":{"Category":"Class","Name":"Model"}}],"ReturnType":{"Category":"Class","Name":"Player"},"Security":"None","Tags":["Deprecated"],"ThreadSafety":"Unsafe"},{"MemberType":"Function","Name":"players","Parameters":[],"ReturnType":{"Category":"DataType","Name":"Objects"},"Security":"None","Tags":["Deprecated"],"ThreadSafety":"Unsafe"},{"MemberType":"Function","Name":"CreateHumanoidModelFromDescription","Parameters":[{"Name":"description","Type":{"Category":"Class","Name":"HumanoidDescription"}},{"Name":"rigType","Type":{"Category":"Enum","Name":"HumanoidRigType"}},{"Default":"Default","Name":"assetTypeVerification","Type":{"Category":"Enum","Name":"AssetTypeVerification"}}],"ReturnType":{"Category":"Class","Name":"Model"},"Security":"None","Tags":["Yields"],"ThreadSafety":"Unsafe"},{"MemberType":"Function","Name":"CreateHumanoidModelFromUserId","Parameters":[{"Name":"userId","Type":{"Category":"Primitive","Name":"int64"}}],"ReturnType":{"Category":"Class","Name":"Model"},"Security":"None","Tags":["Yields"],"ThreadSafety":"Unsafe"},{"MemberType":"Function","Name":"GetCharacterAppearanceAsync","Parameters":[{"Name":"userId","Type":{"Category":"Primitive","Name":"int64"}}],"ReturnType":{"Category":"Class","Name":"Model"},"Security":"None","Tags":["Yields","Deprecated"],"ThreadSafety":"Unsafe"},{"MemberType":"Function","Name":"GetCharacterAppearanceInfoAsync","Parameters":[{"Name":"userId","Type":{"Category":"Primitive","Name":"int64"}}],"ReturnType":{"Category":"Group","Name":"Dictionary"},"Security":"None","Tags":["Yields"],"ThreadSafety":"Unsafe"},{"MemberType":"Function","Name":"GetFriendsAsync","Parameters":[{"Name":"userId","Type":{"Category":"Primitive","Name":"int64"}}],"ReturnType":{"Category":"Class","Name":"FriendPages"},"Security":"None","Tags":["Yields"],"ThreadSafety":"Unsafe"},{"MemberType":"Function","Name":"GetHumanoidDescriptionFromOutfitId","Parameters":[{"Name":"outfitId","Type":{"Category":"Primitive","Name":"int64"}}],"ReturnType":{"Category":"Class","Name":"HumanoidDescription"},"Security":"None","Tags":["Yields"],"ThreadSafety":"Unsafe"},{"MemberType":"Function","Name":"GetHumanoidDescriptionFromUserId","Parameters":[{"Name":"userId","Type":{"Category":"Primitive","Name":"int64"}}],"ReturnType":{"Category":"Class","Name":"HumanoidDescription"},"Security":"None","Tags":["Yields"],"ThreadSafety":"Unsafe"},{"MemberType":"Function","Name":"GetNameFromUserIdAsync","Parameters":[{"Name":"userId","Type":{"Category":"Primitive","Name":"int64"}}],"ReturnType":{"Category":"Primitive","Name":"string"},"Security":"None","Tags":["Yields"],"ThreadSafety":"Unsafe"},{"MemberType":"Function","Name":"GetUserIdFromNameAsync","Parameters":[{"Name":"userName","Type":{"Category":"Primitive","Name":"string"}}],"ReturnType":{"Category":"Primitive","Name":"int64"},"Security":"None","Tags":["Yields"],"ThreadSafety":"Unsafe"},{"MemberType":"Function","Name":"GetUserThumbnailAsync","Parameters":[{"Name":"userId","Type":{"Category":"Primitive","Name":"int64"}},{"Name":"thumbnailType","Type":{"Category":"Enum","Name":"ThumbnailType"}},{"Name":"thumbnailSize","Type":{"Category":"Enum","Name":"ThumbnailSize"}}],"ReturnType":{"Category":"Group","Name":"Tuple"},"Security":"None","Tags":["Yields"],"ThreadSafety":"Unsafe"},{"MemberType":"Event","Name":"FriendRequestEvent","Parameters":[{"Name":"player","Type":{"Category":"Class","Name":"Player"}},{"Name":"player","Type":{"Category":"Class","Name":"Player"}},{"Name":"friendRequestEvent","Type":{"Category":"Enum","Name":"FriendRequestEvent"}}],"Security":"RobloxScriptSecurity","ThreadSafety":"Unsafe"},{"MemberType":"Event","Name":"GameAnnounce","Parameters":[{"Name":"message","Type":{"Category":"Primitive","Name":"string"}}],"Security":"RobloxScriptSecurity","ThreadSafety":"Unsafe"},{"MemberType":"Event","Name":"PlayerAdded","Parameters":[{"Name":"player","Type":{"Category":"Class","Name":"Player"}}],"Security":"None","ThreadSafety":"Unsafe"},{"MemberType":"Event","Name":"PlayerChatted","Parameters":[{"Name":"chatType","Type":{"Category":"Enum","Name":"PlayerChatType"}},{"Name":"player","Type":{"Category":"Class","Name":"Player"}},{"Name":"message","Type":{"Category":"Primitive","Name":"string"}},{"Name":"targetPlayer","Type":{"Category":"Class","Name":"Player"}}],"Security":"LocalUserSecurity","ThreadSafety":"Unsafe"},{"MemberType":"Event","Name":"PlayerConnecting","Parameters":[{"Name":"player","Type":{"Category":"Class","Name":"Player"}}],"Security":"LocalUserSecurity","ThreadSafety":"Unsafe"},{"MemberType":"Event","Name":"PlayerDisconnecting","Parameters":[{"Name":"player","Type":{"Category":"Class","Name":"Player"}}],"Security":"LocalUserSecurity","ThreadSafety":"Unsafe"},{"MemberType":"Event","Name":"PlayerMembershipChanged","Parameters":[{"Name":"player","Type":{"Category":"Class","Name":"Player"}}],"Security":"None","ThreadSafety":"Unsafe"},{"MemberType":"Event","Name":"PlayerRejoining","Parameters":[{"Name":"player","Type":{"Category":"Class","Name":"Player"}}],"Security":"LocalUserSecurity","ThreadSafety":"Unsafe"},{"MemberType":"Event","Name":"PlayerRemoving","Parameters":[{"Name":"player","Type":{"Category":"Class","Name":"Player"}}],"Security":"None","ThreadSafety":"Unsafe"}],"MemoryCategory":"Instances","Name":"Players","Superclass":"Instance","Tags":["NotCreatable","Service"]},{"Members":[{"Category":"Data","MemberType":"Property","Name":"CollisionEnabled","Security":{"Read":"None","Write":"None"},"Serialization":{"CanLoad":false,"CanSave":false},"Tags":["ReadOnly","NotReplicated"],"ThreadSafety":"ReadSafe","ValueType":{"Category":"Primitive","Name":"bool"}},{"Category":"Data","MemberType":"Property","Name":"GridSize","Security":{"Read":"None","Write":"None"},"Serialization":{"CanLoad":false,"CanSave":false},"Tags":["ReadOnly","NotReplicated"],"ThreadSafety":"ReadSafe","ValueType":{"Category":"Primitive","Name":"float"}},{"Category":"Data","MemberType":"Property","Name":"HostDataModelType","Security":{"Read":"RobloxScriptSecurity","Write":"RobloxScriptSecurity"},"Serialization":{"CanLoad":false,"CanSave":false},"Tags":["Hidden","ReadOnly","NotReplicated"],"ThreadSafety":"ReadSafe","ValueType":{"Category":"Enum","Name":"StudioDataModelType"}},{"Category":"Data","MemberType":"Property","Name":"HostDataModelTypeIsCurrent","Security":{"Read":"RobloxScriptSecurity","Write":"RobloxScriptSecurity"},"Serialization":{"CanLoad":false,"CanSave":false},"Tags":["Hidden","ReadOnly","NotReplicated"],"ThreadSafety":"ReadSafe","ValueType":{"Category":"Primitive","Name":"bool"}},{"Category":"Data","MemberType":"Property","Name":"MultipleDocumentInterfaceInstance","Security":{"Read":"RobloxScriptSecurity","Write":"RobloxScriptSecurity"},"Serialization":{"CanLoad":false,"CanSave":false},"Tags":["Hidden","ReadOnly","NotReplicated"],"ThreadSafety":"ReadSafe","ValueType":{"Category":"Class","Name":"MultipleDocumentInterfaceInstance"}},{"Category":"Behavior","MemberType":"Property","Name":"UsesAssetInsertionDrag","Security":{"Read":"RobloxScriptSecurity","Write":"RobloxScriptSecurity"},"Serialization":{"CanLoad":false,"CanSave":false},"Tags":["Hidden","NotReplicated"],"ThreadSafety":"ReadSafe","ValueType":{"Category":"Primitive","Name":"bool"}},{"MemberType":"Function","Name":"Activate","Parameters":[{"Name":"exclusiveMouse","Type":{"Category":"Primitive","Name":"bool"}}],"ReturnType":{"Category":"Primitive","Name":"void"},"Security":"PluginSecurity","ThreadSafety":"Unsafe"},{"MemberType":"Function","Name":"CreatePluginAction","Parameters":[{"Name":"actionId","Type":{"Category":"Primitive","Name":"string"}},{"Name":"text","Type":{"Category":"Primitive","Name":"string"}},{"Name":"statusTip","Type":{"Category":"Primitive","Name":"string"}},{"Default":"","Name":"iconName","Type":{"Category":"Primitive","Name":"string"}},{"Default":"true","Name":"allowBinding","Type":{"Category":"Primitive","Name":"bool"}}],"ReturnType":{"Category":"Class","Name":"PluginAction"},"Security":"PluginSecurity","ThreadSafety":"Unsafe"},{"MemberType":"Function","Name":"CreatePluginMenu","Parameters":[{"Name":"id","Type":{"Category":"Primitive","Name":"string"}},{"Default":"","Name":"title","Type":{"Category":"Primitive","Name":"string"}},{"Default":"","Name":"icon","Type":{"Category":"Primitive","Name":"string"}}],"ReturnType":{"Category":"Class","Name":"PluginMenu"},"Security":"PluginSecurity","ThreadSafety":"Unsafe"},{"MemberType":"Function","Name":"CreateToolbar","Parameters":[{"Name":"name","Type":{"Category":"Primitive","Name":"string"}}],"ReturnType":{"Category":"Class","Name":"PluginToolbar"},"Security":"PluginSecurity","ThreadSafety":"Unsafe"},{"MemberType":"Function","Name":"Deactivate","Parameters":[],"ReturnType":{"Category":"Primitive","Name":"void"},"Security":"PluginSecurity","ThreadSafety":"Unsafe"},{"MemberType":"Function","Name":"GetItem","Parameters":[{"Name":"key","Type":{"Category":"Primitive","Name":"string"}},{"Name":"defaultValue","Type":{"Category":"Group","Name":"Variant"}}],"ReturnType":{"Category":"Group","Name":"Variant"},"Security":"RobloxScriptSecurity","ThreadSafety":"Unsafe"},{"MemberType":"Function","Name":"GetJoinMode","Parameters":[],"ReturnType":{"Category":"Enum","Name":"JointCreationMode"},"Security":"PluginSecurity","ThreadSafety":"Unsafe"},{"MemberType":"Function","Name":"GetMouse","Parameters":[],"ReturnType":{"Category":"Class","Name":"PluginMouse"},"Security":"PluginSecurity","ThreadSafety":"Unsafe"},{"MemberType":"Function","Name":"GetSelectedRibbonTool","Parameters":[],"ReturnType":{"Category":"Enum","Name":"RibbonTool"},"Security":"PluginSecurity","ThreadSafety":"Unsafe"},{"MemberType":"Function","Name":"GetSetting","Parameters":[{"Name":"key","Type":{"Category":"Primitive","Name":"string"}}],"ReturnType":{"Category":"Group","Name":"Variant"},"Security":"PluginSecurity","ThreadSafety":"Unsafe"},{"MemberType":"Function","Name":"GetStudioUserId","Parameters":[],"ReturnType":{"Category":"Primitive","Name":"int64"},"Security":"PluginSecurity","Tags":["Deprecated"],"ThreadSafety":"Unsafe"},{"MemberType":"Function","Name":"Invoke","Parameters":[{"Name":"key","Type":{"Category":"Primitive","Name":"string"}},{"Name":"arguments","Type":{"Category":"Group","Name":"Tuple"}}],"ReturnType":{"Category":"Primitive","Name":"void"},"Security":"RobloxScriptSecurity","ThreadSafety":"Unsafe"},{"MemberType":"Function","Name":"IsActivated","Parameters":[],"ReturnType":{"Category":"Primitive","Name":"bool"},"Security":"PluginSecurity","ThreadSafety":"Unsafe"},{"MemberType":"Function","Name":"IsActivatedWithExclusiveMouse","Parameters":[],"ReturnType":{"Category":"Primitive","Name":"bool"},"Security":"PluginSecurity","ThreadSafety":"Unsafe"},{"MemberType":"Function","Name":"Negate","Parameters":[{"Name":"objects","Type":{"Category":"DataType","Name":"Objects"}}],"ReturnType":{"Category":"DataType","Name":"Objects"},"Security":"PluginSecurity","ThreadSafety":"Unsafe"},{"MemberType":"Function","Name":"OnInvoke","Parameters":[{"Name":"key","Type":{"Category":"Primitive","Name":"string"}},{"Name":"callback","Type":{"Category":"DataType","Name":"Function"}}],"ReturnType":{"Category":"Class","Name":"Instance"},"Security":"RobloxScriptSecurity","ThreadSafety":"Unsafe"},{"MemberType":"Function","Name":"OnSetItem","Parameters":[{"Name":"key","Type":{"Category":"Primitive","Name":"string"}},{"Name":"callback","Type":{"Category":"DataType","Name":"Function"}}],"ReturnType":{"Category":"Class","Name":"Instance"},"Security":"RobloxScriptSecurity","ThreadSafety":"Unsafe"},{"MemberType":"Function","Name":"OpenScript","Parameters":[{"Name":"script","Type":{"Category":"Class","Name":"LuaSourceContainer"}},{"Default":"1","Name":"lineNumber","Type":{"Category":"Primitive","Name":"int"}}],"ReturnType":{"Category":"Primitive","Name":"void"},"Security":"PluginSecurity","ThreadSafety":"Unsafe"},{"MemberType":"Function","Name":"OpenWikiPage","Parameters":[{"Name":"url","Type":{"Category":"Primitive","Name":"string"}}],"ReturnType":{"Category":"Primitive","Name":"void"},"Security":"PluginSecurity","ThreadSafety":"Unsafe"},{"MemberType":"Function","Name":"PauseSound","Parameters":[{"Name":"sound","Type":{"Category":"Class","Name":"Instance"}}],"ReturnType":{"Category":"Primitive","Name":"void"},"Security":"RobloxScriptSecurity","ThreadSafety":"Unsafe"},{"MemberType":"Function","Name":"PlaySound","Parameters":[{"Name":"sound","Type":{"Category":"Class","Name":"Instance"}},{"Default":"0","Name":"normalizedTimePosition","Type":{"Category":"Primitive","Name":"double"}}],"ReturnType":{"Category":"Primitive","Name":"void"},"Security":"RobloxScriptSecurity","ThreadSafety":"Unsafe"},{"MemberType":"Function","Name":"ResumeSound","Parameters":[{"Name":"sound","Type":{"Category":"Class","Name":"Instance"}}],"ReturnType":{"Category":"Primitive","Name":"void"},"Security":"RobloxScriptSecurity","ThreadSafety":"Unsafe"},{"MemberType":"Function","Name":"SaveSelectedToRoblox","Parameters":[],"ReturnType":{"Category":"Primitive","Name":"void"},"Security":"PluginSecurity","ThreadSafety":"Unsafe"},{"MemberType":"Function","Name":"SelectRibbonTool","Parameters":[{"Name":"tool","Type":{"Category":"Enum","Name":"RibbonTool"}},{"Name":"position","Type":{"Category":"DataType","Name":"UDim2"}}],"ReturnType":{"Category":"Primitive","Name":"void"},"Security":"PluginSecurity","ThreadSafety":"Unsafe"},{"MemberType":"Function","Name":"Separate","Parameters":[{"Name":"objects","Type":{"Category":"DataType","Name":"Objects"}}],"ReturnType":{"Category":"DataType","Name":"Objects"},"Security":"PluginSecurity","ThreadSafety":"Unsafe"},{"MemberType":"Function","Name":"SetItem","Parameters":[{"Name":"key","Type":{"Category":"Primitive","Name":"string"}},{"Name":"value","Type":{"Category":"Group","Name":"Variant"}}],"ReturnType":{"Category":"Primitive","Name":"void"},"Security":"RobloxScriptSecurity","ThreadSafety":"Unsafe"},{"MemberType":"Function","Name":"SetReady","Parameters":[],"ReturnType":{"Category":"Primitive","Name":"void"},"Security":"RobloxScriptSecurity","ThreadSafety":"Unsafe"},{"MemberType":"Function","Name":"SetSetting","Parameters":[{"Name":"key","Type":{"Category":"Primitive","Name":"string"}},{"Name":"value","Type":{"Category":"Group","Name":"Variant"}}],"ReturnType":{"Category":"Primitive","Name":"void"},"Security":"PluginSecurity","ThreadSafety":"Unsafe"},{"MemberType":"Function","Name":"StartDecalDrag","Parameters":[{"Name":"decal","Type":{"Category":"Class","Name":"Instance"}}],"ReturnType":{"Category":"Primitive","Name":"void"},"Security":"RobloxScriptSecurity","ThreadSafety":"Unsafe"},{"MemberType":"Function","Name":"StartDrag","Parameters":[{"Name":"dragData","Type":{"Category":"Group","Name":"Dictionary"}}],"ReturnType":{"Category":"Primitive","Name":"void"},"Security":"PluginSecurity","ThreadSafety":"Unsafe"},{"MemberType":"Function","Name":"StopAllSounds","Parameters":[],"ReturnType":{"Category":"Primitive","Name":"void"},"Security":"RobloxScriptSecurity","ThreadSafety":"Unsafe"},{"MemberType":"Function","Name":"Union","Parameters":[{"Name":"objects","Type":{"Category":"DataType","Name":"Objects"}}],"ReturnType":{"Category":"Class","Name":"Instance"},"Security":"PluginSecurity","ThreadSafety":"Unsafe"},{"MemberType":"Function","Name":"CreateDockWidgetPluginGui","Parameters":[{"Name":"pluginGuiId","Type":{"Category":"Primitive","Name":"string"}},{"Name":"dockWidgetPluginGuiInfo","Type":{"Category":"DataType","Name":"DockWidgetPluginGuiInfo"}}],"ReturnType":{"Category":"Class","Name":"DockWidgetPluginGui"},"Security":"PluginSecurity","Tags":["Yields"],"ThreadSafety":"Unsafe"},{"MemberType":"Function","Name":"CreateQWidgetPluginGui","Parameters":[{"Name":"pluginGuiId","Type":{"Category":"Primitive","Name":"string"}},{"Name":"pluginGuiOptions","Type":{"Category":"Group","Name":"Dictionary"}}],"ReturnType":{"Category":"Class","Name":"QWidgetPluginGui"},"Security":"RobloxScriptSecurity","Tags":["Yields"],"ThreadSafety":"Unsafe"},{"MemberType":"Function","Name":"ImportFbxAnimation","Parameters":[{"Name":"rigModel","Type":{"Category":"Class","Name":"Instance"}},{"Default":"true","Name":"isR15","Type":{"Category":"Primitive","Name":"bool"}}],"ReturnType":{"Category":"Class","Name":"Instance"},"Security":"PluginSecurity","Tags":["Yields"],"ThreadSafety":"Unsafe"},{"MemberType":"Function","Name":"ImportFbxRig","Parameters":[{"Default":"true","Name":"isR15","Type":{"Category":"Primitive","Name":"bool"}}],"ReturnType":{"Category":"Class","Name":"Instance"},"Security":"PluginSecurity","Tags":["Yields"],"ThreadSafety":"Unsafe"},{"MemberType":"Function","Name":"PromptForExistingAssetId","Parameters":[{"Name":"assetType","Type":{"Category":"Primitive","Name":"string"}}],"ReturnType":{"Category":"Primitive","Name":"int64"},"Security":"PluginSecurity","Tags":["Yields"],"ThreadSafety":"Unsafe"},{"MemberType":"Function","Name":"PromptSaveSelection","Parameters":[{"Default":"","Name":"suggestedFileName","Type":{"Category":"Primitive","Name":"string"}}],"ReturnType":{"Category":"Primitive","Name":"bool"},"Security":"PluginSecurity","Tags":["Yields"],"ThreadSafety":"Unsafe"},{"MemberType":"Event","Name":"Deactivation","Parameters":[],"Security":"PluginSecurity","ThreadSafety":"Unsafe"},{"MemberType":"Event","Name":"Ready","Parameters":[],"Security":"RobloxScriptSecurity","ThreadSafety":"Unsafe"},{"MemberType":"Event","Name":"Unloading","Parameters":[],"Security":"PluginSecurity","ThreadSafety":"Unsafe"}],"MemoryCategory":"Instances","Name":"Plugin","Superclass":"Instance","Tags":["NotCreatable"]},{"Members":[{"Category":"Data","MemberType":"Property","Name":"ActionId","Security":{"Read":"None","Write":"None"},"Serialization":{"CanLoad":false,"CanSave":false},"Tags":["ReadOnly","NotReplicated"],"ThreadSafety":"ReadSafe","ValueType":{"Category":"Primitive","Name":"string"}},{"Category":"Data","MemberType":"Property","Name":"AllowBinding","Security":{"Read":"None","Write":"None"},"Serialization":{"CanLoad":false,"CanSave":false},"Tags":["ReadOnly","NotReplicated"],"ThreadSafety":"ReadSafe","ValueType":{"Category":"Primitive","Name":"bool"}},{"Category":"Data","MemberType":"Property","Name":"Checked","Security":{"Read":"RobloxScriptSecurity","Write":"RobloxScriptSecurity"},"Serialization":{"CanLoad":false,"CanSave":false},"Tags":["Hidden","NotReplicated"],"ThreadSafety":"ReadSafe","ValueType":{"Category":"Primitive","Name":"bool"}},{"Category":"Data","MemberType":"Property","Name":"DefaultShortcut","Security":{"Read":"RobloxScriptSecurity","Write":"RobloxScriptSecurity"},"Serialization":{"CanLoad":false,"CanSave":false},"Tags":["Hidden","NotReplicated"],"ThreadSafety":"ReadSafe","ValueType":{"Category":"Primitive","Name":"string"}},{"Category":"Data","MemberType":"Property","Name":"Enabled","Security":{"Read":"RobloxScriptSecurity","Write":"RobloxScriptSecurity"},"Serialization":{"CanLoad":false,"CanSave":false},"Tags":["Hidden","NotReplicated"],"ThreadSafety":"ReadSafe","ValueType":{"Category":"Primitive","Name":"bool"}},{"Category":"Data","MemberType":"Property","Name":"StatusTip","Security":{"Read":"None","Write":"None"},"Serialization":{"CanLoad":false,"CanSave":false},"Tags":["ReadOnly","NotReplicated"],"ThreadSafety":"ReadSafe","ValueType":{"Category":"Primitive","Name":"string"}},{"Category":"Data","MemberType":"Property","Name":"Text","Security":{"Read":"None","Write":"None"},"Serialization":{"CanLoad":false,"CanSave":false},"Tags":["ReadOnly","NotReplicated"],"ThreadSafety":"ReadSafe","ValueType":{"Category":"Primitive","Name":"string"}},{"MemberType":"Event","Name":"Triggered","Parameters":[],"Security":"PluginSecurity","ThreadSafety":"Unsafe"}],"MemoryCategory":"Instances","Name":"PluginAction","Superclass":"Instance","Tags":["NotReplicated"]},{"Members":[],"MemoryCategory":"Instances","Name":"PluginDebugService","Superclass":"Instance","Tags":["NotCreatable","Service","NotReplicated"]},{"Members":[{"Category":"Data","MemberType":"Property","Name":"Data","Security":{"Read":"None","Write":"None"},"Serialization":{"CanLoad":false,"CanSave":false},"Tags":["ReadOnly","NotReplicated"],"ThreadSafety":"ReadSafe","ValueType":{"Category":"Primitive","Name":"string"}},{"Category":"Data","MemberType":"Property","Name":"MimeType","Security":{"Read":"None","Write":"None"},"Serialization":{"CanLoad":false,"CanSave":false},"Tags":["ReadOnly","NotReplicated"],"ThreadSafety":"ReadSafe","ValueType":{"Category":"Primitive","Name":"string"}},{"Category":"Data","MemberType":"Property","Name":"Position","Security":{"Read":"None","Write":"None"},"Serialization":{"CanLoad":false,"CanSave":false},"Tags":["ReadOnly","NotReplicated"],"ThreadSafety":"ReadSafe","ValueType":{"Category":"DataType","Name":"Vector2"}},{"Category":"Data","MemberType":"Property","Name":"Sender","Security":{"Read":"None","Write":"None"},"Serialization":{"CanLoad":false,"CanSave":false},"Tags":["ReadOnly","NotReplicated"],"ThreadSafety":"ReadSafe","ValueType":{"Category":"Primitive","Name":"string"}}],"MemoryCategory":"Instances","Name":"PluginDragEvent","Superclass":"Instance","Tags":["NotCreatable","NotReplicated"]},{"Members":[],"MemoryCategory":"Instances","Name":"PluginGuiService","Superclass":"Instance","Tags":["NotCreatable","Service","NotReplicated"]},{"Members":[{"MemberType":"Function","Name":"CreatePlugin","Parameters":[],"ReturnType":{"Category":"Class","Name":"Instance"},"Security":"PluginSecurity","Tags":["Deprecated","CustomLuaState"],"ThreadSafety":"Unsafe"},{"MemberType":"Function","Name":"ExportPlace","Parameters":[{"Default":"","Name":"filePath","Type":{"Category":"Primitive","Name":"string"}}],"ReturnType":{"Category":"Primitive","Name":"void"},"Security":"PluginSecurity","ThreadSafety":"Unsafe"},{"MemberType":"Function","Name":"ExportSelection","Parameters":[{"Default":"","Name":"filePath","Type":{"Category":"Primitive","Name":"string"}}],"ReturnType":{"Category":"Primitive","Name":"void"},"Security":"PluginSecurity","ThreadSafety":"Unsafe"}],"MemoryCategory":"Instances","Name":"PluginManager","Superclass":"Instance","Tags":["NotCreatable"]},{"Members":[{"MemberType":"Function","Name":"CreatePlugin","Parameters":[],"ReturnType":{"Category":"Class","Name":"Instance"},"Security":"PluginSecurity","Tags":["Deprecated","CustomLuaState"],"ThreadSafety":"Unsafe"},{"MemberType":"Function","Name":"ExportPlace","Parameters":[{"Default":"","Name":"filePath","Type":{"Category":"Primitive","Name":"string"}}],"ReturnType":{"Category":"Primitive","Name":"void"},"Security":"PluginSecurity","ThreadSafety":"Unsafe"},{"MemberType":"Function","Name":"ExportSelection","Parameters":[{"Default":"","Name":"filePath","Type":{"Category":"Primitive","Name":"string"}}],"ReturnType":{"Category":"Primitive","Name":"void"},"Security":"PluginSecurity","ThreadSafety":"Unsafe"}],"MemoryCategory":"Instances","Name":"PluginManagerInterface","Superclass":"Instance","Tags":["NotCreatable","NotReplicated"]},{"Members":[{"Category":"Appearance","MemberType":"Property","Name":"Icon","Security":{"Read":"None","Write":"None"},"Serialization":{"CanLoad":true,"CanSave":false},"Tags":["NotReplicated"],"ThreadSafety":"ReadSafe","ValueType":{"Category":"Primitive","Name":"string"}},{"Category":"Appearance","MemberType":"Property","Name":"Title","Security":{"Read":"None","Write":"None"},"Serialization":{"CanLoad":true,"CanSave":false},"Tags":["NotReplicated"],"ThreadSafety":"ReadSafe","ValueType":{"Category":"Primitive","Name":"string"}},{"MemberType":"Function","Name":"AddAction","Parameters":[{"Name":"action","Type":{"Category":"Class","Name":"Instance"}}],"ReturnType":{"Category":"Primitive","Name":"void"},"Security":"PluginSecurity","ThreadSafety":"Unsafe"},{"MemberType":"Function","Name":"AddMenu","Parameters":[{"Name":"menu","Type":{"Category":"Class","Name":"Instance"}}],"ReturnType":{"Category":"Primitive","Name":"void"},"Security":"PluginSecurity","ThreadSafety":"Unsafe"},{"MemberType":"Function","Name":"AddNewAction","Parameters":[{"Name":"actionId","Type":{"Category":"Primitive","Name":"string"}},{"Name":"text","Type":{"Category":"Primitive","Name":"string"}},{"Default":"","Name":"icon","Type":{"Category":"Primitive","Name":"string"}}],"ReturnType":{"Category":"Class","Name":"Instance"},"Security":"PluginSecurity","ThreadSafety":"Unsafe"},{"MemberType":"Function","Name":"AddSeparator","Parameters":[],"ReturnType":{"Category":"Primitive","Name":"void"},"Security":"PluginSecurity","ThreadSafety":"Unsafe"},{"MemberType":"Function","Name":"Clear","Parameters":[],"ReturnType":{"Category":"Primitive","Name":"void"},"Security":"PluginSecurity","ThreadSafety":"Unsafe"},{"MemberType":"Function","Name":"ShowAsync","Parameters":[],"ReturnType":{"Category":"Class","Name":"Instance"},"Security":"PluginSecurity","Tags":["Yields"],"ThreadSafety":"Unsafe"}],"MemoryCategory":"Instances","Name":"PluginMenu","Superclass":"Instance","Tags":["NotCreatable","NotReplicated"]},{"Members":[{"MemberType":"Function","Name":"GetPluginPolicy","Parameters":[{"Name":"pluginName","Type":{"Category":"Primitive","Name":"string"}}],"ReturnType":{"Category":"Group","Name":"Dictionary"},"Security":"RobloxScriptSecurity","ThreadSafety":"Unsafe"}],"MemoryCategory":"Instances","Name":"PluginPolicyService","Superclass":"Instance","Tags":["NotCreatable","Service","NotReplicated"]},{"Members":[{"MemberType":"Function","Name":"CreateButton","Parameters":[{"Name":"buttonId","Type":{"Category":"Primitive","Name":"string"}},{"Name":"tooltip","Type":{"Category":"Primitive","Name":"string"}},{"Name":"iconname","Type":{"Category":"Primitive","Name":"string"}},{"Default":"","Name":"text","Type":{"Category":"Primitive","Name":"string"}}],"ReturnType":{"Category":"Class","Name":"Instance"},"Security":"PluginSecurity","ThreadSafety":"Unsafe"}],"MemoryCategory":"Instances","Name":"PluginToolbar","Superclass":"Instance","Tags":["NotCreatable"]},{"Members":[{"Category":"Appearance","MemberType":"Property","Name":"ClickableWhenViewportHidden","Security":{"Read":"None","Write":"None"},"Serialization":{"CanLoad":true,"CanSave":false},"Tags":["NotReplicated"],"ThreadSafety":"ReadSafe","ValueType":{"Category":"Primitive","Name":"bool"}},{"Category":"Appearance","MemberType":"Property","Name":"Enabled","Security":{"Read":"None","Write":"None"},"Serialization":{"CanLoad":true,"CanSave":false},"Tags":["NotReplicated"],"ThreadSafety":"ReadSafe","ValueType":{"Category":"Primitive","Name":"bool"}},{"Category":"Appearance","MemberType":"Property","Name":"Icon","Security":{"Read":"None","Write":"None"},"Serialization":{"CanLoad":true,"CanSave":false},"Tags":["NotReplicated"],"ThreadSafety":"ReadSafe","ValueType":{"Category":"DataType","Name":"Content"}},{"MemberType":"Function","Name":"SetActive","Parameters":[{"Name":"active","Type":{"Category":"Primitive","Name":"bool"}}],"ReturnType":{"Category":"Primitive","Name":"void"},"Security":"PluginSecurity","ThreadSafety":"Unsafe"},{"MemberType":"Event","Name":"Click","Parameters":[],"Security":"PluginSecurity","ThreadSafety":"Unsafe"}],"MemoryCategory":"Instances","Name":"PluginToolbarButton","Superclass":"Instance","Tags":["NotCreatable"]},{"Members":[{"MemberType":"Function","Name":"GetAwardablePoints","Parameters":[],"ReturnType":{"Category":"Primitive","Name":"int"},"Security":"None","Tags":["Deprecated"],"ThreadSafety":"Unsafe"},{"MemberType":"Function","Name":"AwardPoints","Parameters":[{"Name":"userId","Type":{"Category":"Primitive","Name":"int64"}},{"Name":"amount","Type":{"Category":"Primitive","Name":"int"}}],"ReturnType":{"Category":"Group","Name":"Tuple"},"Security":"None","Tags":["Yields","Deprecated"],"ThreadSafety":"Unsafe"},{"MemberType":"Function","Name":"GetGamePointBalance","Parameters":[{"Name":"userId","Type":{"Category":"Primitive","Name":"int64"}}],"ReturnType":{"Category":"Primitive","Name":"int"},"Security":"None","Tags":["Yields","Deprecated"],"ThreadSafety":"Unsafe"},{"MemberType":"Function","Name":"GetPointBalance","Parameters":[{"Name":"userId","Type":{"Category":"Primitive","Name":"int64"}}],"ReturnType":{"Category":"Primitive","Name":"int"},"Security":"None","Tags":["Yields","Deprecated"],"ThreadSafety":"Unsafe"},{"MemberType":"Event","Name":"PointsAwarded","Parameters":[{"Name":"userId","Type":{"Category":"Primitive","Name":"int64"}},{"Name":"pointsAwarded","Type":{"Category":"Primitive","Name":"int"}},{"Name":"userBalanceInGame","Type":{"Category":"Primitive","Name":"int"}},{"Name":"userTotalBalance","Type":{"Category":"Primitive","Name":"int"}}],"Security":"None","ThreadSafety":"Unsafe"}],"MemoryCategory":"Instances","Name":"PointsService","Superclass":"Instance","Tags":["NotCreatable","Service","Deprecated"]},{"Members":[{"Category":"Data","MemberType":"Property","Name":"IsLuobuServer","Security":{"Read":"RobloxScriptSecurity","Write":"RobloxScriptSecurity"},"Serialization":{"CanLoad":true,"CanSave":true},"Tags":["Hidden"],"ThreadSafety":"ReadSafe","ValueType":{"Category":"Enum","Name":"TriStateBoolean"}},{"Category":"Data","MemberType":"Property","Name":"LuobuWhitelisted","Security":{"Read":"RobloxScriptSecurity","Write":"RobloxScriptSecurity"},"Serialization":{"CanLoad":true,"CanSave":true},"Tags":["Hidden"],"ThreadSafety":"ReadSafe","ValueType":{"Category":"Enum","Name":"TriStateBoolean"}},{"MemberType":"Function","Name":"GetPolicyInfoForPlayerAsync","Parameters":[{"Name":"player","Type":{"Category":"Class","Name":"Instance"}}],"ReturnType":{"Category":"Group","Name":"Dictionary"},"Security":"None","Tags":["Yields"],"ThreadSafety":"Unsafe"},{"MemberType":"Function","Name":"GetPolicyInfoForServerRobloxOnlyAsync","Parameters":[],"ReturnType":{"Category":"Group","Name":"Dictionary"},"Security":"RobloxScriptSecurity","Tags":["Yields"],"ThreadSafety":"Unsafe"}],"MemoryCategory":"Instances","Name":"PolicyService","Superclass":"Instance","Tags":["NotCreatable","Service","NotReplicated"]},{"Members":[{"Category":"Data","MemberType":"Property","Name":"EasingDirection","Security":{"Read":"None","Write":"None"},"Serialization":{"CanLoad":true,"CanSave":true},"ThreadSafety":"ReadSafe","ValueType":{"Category":"Enum","Name":"PoseEasingDirection"}},{"Category":"Data","MemberType":"Property","Name":"EasingStyle","Security":{"Read":"None","Write":"None"},"Serialization":{"CanLoad":true,"CanSave":true},"ThreadSafety":"ReadSafe","ValueType":{"Category":"Enum","Name":"PoseEasingStyle"}},{"Category":"Data","MemberType":"Property","Name":"Weight","Security":{"Read":"None","Write":"None"},"Serialization":{"CanLoad":true,"CanSave":true},"ThreadSafety":"ReadSafe","ValueType":{"Category":"Primitive","Name":"float"}}],"MemoryCategory":"Instances","Name":"PoseBase","Superclass":"Instance","Tags":["NotCreatable"]},{"Members":[{"Category":"Data","MemberType":"Property","Name":"Value","Security":{"Read":"None","Write":"None"},"Serialization":{"CanLoad":true,"CanSave":true},"ThreadSafety":"ReadSafe","ValueType":{"Category":"Primitive","Name":"double"}}],"MemoryCategory":"Animation","Name":"NumberPose","Superclass":"PoseBase"},{"Members":[{"Category":"Data","MemberType":"Property","Name":"CFrame","Security":{"Read":"None","Write":"None"},"Serialization":{"CanLoad":true,"CanSave":true},"ThreadSafety":"ReadSafe","ValueType":{"Category":"DataType","Name":"CFrame"}},{"Category":"Data","MemberType":"Property","Name":"MaskWeight","Security":{"Read":"None","Write":"None"},"Serialization":{"CanLoad":true,"CanSave":false},"Tags":["NotReplicated","Deprecated"],"ThreadSafety":"ReadSafe","ValueType":{"Category":"Primitive","Name":"float"}},{"MemberType":"Function","Name":"AddSubPose","Parameters":[{"Name":"pose","Type":{"Category":"Class","Name":"Instance"}}],"ReturnType":{"Category":"Primitive","Name":"void"},"Security":"None","ThreadSafety":"Unsafe"},{"MemberType":"Function","Name":"GetSubPoses","Parameters":[],"ReturnType":{"Category":"DataType","Name":"Objects"},"Security":"None","ThreadSafety":"Unsafe"},{"MemberType":"Function","Name":"RemoveSubPose","Parameters":[{"Name":"pose","Type":{"Category":"Class","Name":"Instance"}}],"ReturnType":{"Category":"Primitive","Name":"void"},"Security":"None","ThreadSafety":"Unsafe"}],"MemoryCategory":"Animation","Name":"Pose","Superclass":"PoseBase"},{"Members":[{"Category":"State","MemberType":"Property","Name":"Enabled","Security":{"Read":"None","Write":"None"},"Serialization":{"CanLoad":true,"CanSave":true},"ThreadSafety":"ReadSafe","ValueType":{"Category":"Primitive","Name":"bool"}}],"MemoryCategory":"Instances","Name":"PostEffect","Superclass":"Instance","Tags":["NotCreatable"]},{"Members":[{"Category":"State","MemberType":"Property","Name":"Intensity","Security":{"Read":"None","Write":"None"},"Serialization":{"CanLoad":true,"CanSave":true},"ThreadSafety":"ReadSafe","ValueType":{"Category":"Primitive","Name":"float"}},{"Category":"State","MemberType":"Property","Name":"Size","Security":{"Read":"None","Write":"None"},"Serialization":{"CanLoad":true,"CanSave":true},"ThreadSafety":"ReadSafe","ValueType":{"Category":"Primitive","Name":"float"}},{"Category":"State","MemberType":"Property","Name":"Threshold","Security":{"Read":"None","Write":"None"},"Serialization":{"CanLoad":true,"CanSave":true},"ThreadSafety":"ReadSafe","ValueType":{"Category":"Primitive","Name":"float"}}],"MemoryCategory":"Instances","Name":"BloomEffect","Superclass":"PostEffect"},{"Members":[{"Category":"State","MemberType":"Property","Name":"Size","Security":{"Read":"None","Write":"None"},"Serialization":{"CanLoad":true,"CanSave":true},"ThreadSafety":"ReadSafe","ValueType":{"Category":"Primitive","Name":"float"}}],"MemoryCategory":"Instances","Name":"BlurEffect","Superclass":"PostEffect"},{"Members":[{"Category":"State","MemberType":"Property","Name":"Brightness","Security":{"Read":"None","Write":"None"},"Serialization":{"CanLoad":true,"CanSave":true},"ThreadSafety":"ReadSafe","ValueType":{"Category":"Primitive","Name":"float"}},{"Category":"State","MemberType":"Property","Name":"Contrast","Security":{"Read":"None","Write":"None"},"Serialization":{"CanLoad":true,"CanSave":true},"ThreadSafety":"ReadSafe","ValueType":{"Category":"Primitive","Name":"float"}},{"Category":"State","MemberType":"Property","Name":"Saturation","Security":{"Read":"None","Write":"None"},"Serialization":{"CanLoad":true,"CanSave":true},"ThreadSafety":"ReadSafe","ValueType":{"Category":"Primitive","Name":"float"}},{"Category":"State","MemberType":"Property","Name":"TintColor","Security":{"Read":"None","Write":"None"},"Serialization":{"CanLoad":true,"CanSave":true},"ThreadSafety":"ReadSafe","ValueType":{"Category":"DataType","Name":"Color3"}}],"MemoryCategory":"Instances","Name":"ColorCorrectionEffect","Superclass":"PostEffect"},{"Members":[{"Category":"State","MemberType":"Property","Name":"FarIntensity","Security":{"Read":"None","Write":"None"},"Serialization":{"CanLoad":true,"CanSave":true},"ThreadSafety":"ReadSafe","ValueType":{"Category":"Primitive","Name":"float"}},{"Category":"State","MemberType":"Property","Name":"FocusDistance","Security":{"Read":"None","Write":"None"},"Serialization":{"CanLoad":true,"CanSave":true},"ThreadSafety":"ReadSafe","ValueType":{"Category":"Primitive","Name":"float"}},{"Category":"State","MemberType":"Property","Name":"InFocusRadius","Security":{"Read":"None","Write":"None"},"Serialization":{"CanLoad":true,"CanSave":true},"ThreadSafety":"ReadSafe","ValueType":{"Category":"Primitive","Name":"float"}},{"Category":"State","MemberType":"Property","Name":"NearIntensity","Security":{"Read":"None","Write":"None"},"Serialization":{"CanLoad":true,"CanSave":true},"ThreadSafety":"ReadSafe","ValueType":{"Category":"Primitive","Name":"float"}}],"MemoryCategory":"Instances","Name":"DepthOfFieldEffect","Superclass":"PostEffect"},{"Members":[{"Category":"State","MemberType":"Property","Name":"Intensity","Security":{"Read":"None","Write":"None"},"Serialization":{"CanLoad":true,"CanSave":true},"ThreadSafety":"ReadSafe","ValueType":{"Category":"Primitive","Name":"float"}},{"Category":"State","MemberType":"Property","Name":"Spread","Security":{"Read":"None","Write":"None"},"Serialization":{"CanLoad":true,"CanSave":true},"ThreadSafety":"ReadSafe","ValueType":{"Category":"Primitive","Name":"float"}}],"MemoryCategory":"Instances","Name":"SunRaysEffect","Superclass":"PostEffect"},{"Members":[],"MemoryCategory":"Instances","Name":"ProcessInstancePhysicsService","Superclass":"Instance","Tags":["NotCreatable","Service"]},{"Members":[{"Category":"Data","MemberType":"Property","Name":"ActionText","Security":{"Read":"None","Write":"None"},"Serialization":{"CanLoad":true,"CanSave":true},"ThreadSafety":"ReadSafe","ValueType":{"Category":"Primitive","Name":"string"}},{"Category":"Localization","MemberType":"Property","Name":"AutoLocalize","Security":{"Read":"None","Write":"None"},"Serialization":{"CanLoad":true,"CanSave":true},"ThreadSafety":"ReadSafe","ValueType":{"Category":"Primitive","Name":"bool"}},{"Category":"Data","MemberType":"Property","Name":"ClickablePrompt","Security":{"Read":"None","Write":"None"},"Serialization":{"CanLoad":true,"CanSave":true},"ThreadSafety":"ReadSafe","ValueType":{"Category":"Primitive","Name":"bool"}},{"Category":"Data","MemberType":"Property","Name":"Enabled","Security":{"Read":"None","Write":"None"},"Serialization":{"CanLoad":true,"CanSave":true},"ThreadSafety":"ReadSafe","ValueType":{"Category":"Primitive","Name":"bool"}},{"Category":"Data","MemberType":"Property","Name":"Exclusivity","Security":{"Read":"None","Write":"None"},"Serialization":{"CanLoad":true,"CanSave":true},"ThreadSafety":"ReadSafe","ValueType":{"Category":"Enum","Name":"ProximityPromptExclusivity"}},{"Category":"Data","MemberType":"Property","Name":"GamepadKeyCode","Security":{"Read":"None","Write":"None"},"Serialization":{"CanLoad":true,"CanSave":true},"ThreadSafety":"ReadSafe","ValueType":{"Category":"Enum","Name":"KeyCode"}},{"Category":"Data","MemberType":"Property","Name":"HoldDuration","Security":{"Read":"None","Write":"None"},"Serialization":{"CanLoad":true,"CanSave":true},"ThreadSafety":"ReadSafe","ValueType":{"Category":"Primitive","Name":"float"}},{"Category":"Data","MemberType":"Property","Name":"KeyboardKeyCode","Security":{"Read":"None","Write":"None"},"Serialization":{"CanLoad":true,"CanSave":true},"ThreadSafety":"ReadSafe","ValueType":{"Category":"Enum","Name":"KeyCode"}},{"Category":"Data","MemberType":"Property","Name":"MaxActivationDistance","Security":{"Read":"None","Write":"None"},"Serialization":{"CanLoad":true,"CanSave":true},"ThreadSafety":"ReadSafe","ValueType":{"Category":"Primitive","Name":"float"}},{"Category":"Data","MemberType":"Property","Name":"ObjectText","Security":{"Read":"None","Write":"None"},"Serialization":{"CanLoad":true,"CanSave":true},"ThreadSafety":"ReadSafe","ValueType":{"Category":"Primitive","Name":"string"}},{"Category":"Data","MemberType":"Property","Name":"RequiresLineOfSight","Security":{"Read":"None","Write":"None"},"Serialization":{"CanLoad":true,"CanSave":true},"ThreadSafety":"ReadSafe","ValueType":{"Category":"Primitive","Name":"bool"}},{"Category":"Localization","MemberType":"Property","Name":"RootLocalizationTable","Security":{"Read":"None","Write":"None"},"Serialization":{"CanLoad":true,"CanSave":true},"ThreadSafety":"ReadSafe","ValueType":{"Category":"Class","Name":"LocalizationTable"}},{"Category":"Data","MemberType":"Property","Name":"Style","Security":{"Read":"None","Write":"None"},"Serialization":{"CanLoad":true,"CanSave":true},"ThreadSafety":"ReadSafe","ValueType":{"Category":"Enum","Name":"ProximityPromptStyle"}},{"Category":"Data","MemberType":"Property","Name":"UIOffset","Security":{"Read":"None","Write":"None"},"Serialization":{"CanLoad":true,"CanSave":true},"ThreadSafety":"ReadSafe","ValueType":{"Category":"DataType","Name":"Vector2"}},{"MemberType":"Function","Name":"InputHoldBegin","Parameters":[],"ReturnType":{"Category":"Primitive","Name":"void"},"Security":"None","ThreadSafety":"Unsafe"},{"MemberType":"Function","Name":"InputHoldEnd","Parameters":[],"ReturnType":{"Category":"Primitive","Name":"void"},"Security":"None","ThreadSafety":"Unsafe"},{"MemberType":"Event","Name":"PromptButtonHoldBegan","Parameters":[{"Name":"playerWhoTriggered","Type":{"Category":"Class","Name":"Player"}}],"Security":"None","ThreadSafety":"Unsafe"},{"MemberType":"Event","Name":"PromptButtonHoldEnded","Parameters":[{"Name":"playerWhoTriggered","Type":{"Category":"Class","Name":"Player"}}],"Security":"None","ThreadSafety":"Unsafe"},{"MemberType":"Event","Name":"PromptHidden","Parameters":[],"Security":"None","ThreadSafety":"Unsafe"},{"MemberType":"Event","Name":"PromptShown","Parameters":[{"Name":"inputType","Type":{"Category":"Enum","Name":"ProximityPromptInputType"}}],"Security":"None","ThreadSafety":"Unsafe"},{"MemberType":"Event","Name":"TriggerEnded","Parameters":[{"Name":"playerWhoTriggered","Type":{"Category":"Class","Name":"Player"}}],"Security":"None","ThreadSafety":"Unsafe"},{"MemberType":"Event","Name":"Triggered","Parameters":[{"Name":"playerWhoTriggered","Type":{"Category":"Class","Name":"Player"}}],"Security":"None","ThreadSafety":"Unsafe"}],"MemoryCategory":"Instances","Name":"ProximityPrompt","Superclass":"Instance"},{"Members":[{"Category":"Data","MemberType":"Property","Name":"Enabled","Security":{"Read":"None","Write":"None"},"Serialization":{"CanLoad":true,"CanSave":true},"ThreadSafety":"ReadSafe","ValueType":{"Category":"Primitive","Name":"bool"}},{"Category":"Data","MemberType":"Property","Name":"MaxPromptsVisible","Security":{"Read":"None","Write":"None"},"Serialization":{"CanLoad":true,"CanSave":true},"ThreadSafety":"ReadSafe","ValueType":{"Category":"Primitive","Name":"int"}},{"MemberType":"Event","Name":"PromptButtonHoldBegan","Parameters":[{"Name":"prompt","Type":{"Category":"Class","Name":"ProximityPrompt"}},{"Name":"playerWhoTriggered","Type":{"Category":"Class","Name":"Player"}}],"Security":"None","ThreadSafety":"Unsafe"},{"MemberType":"Event","Name":"PromptButtonHoldEnded","Parameters":[{"Name":"prompt","Type":{"Category":"Class","Name":"ProximityPrompt"}},{"Name":"playerWhoTriggered","Type":{"Category":"Class","Name":"Player"}}],"Security":"None","ThreadSafety":"Unsafe"},{"MemberType":"Event","Name":"PromptHidden","Parameters":[{"Name":"prompt","Type":{"Category":"Class","Name":"ProximityPrompt"}}],"Security":"None","ThreadSafety":"Unsafe"},{"MemberType":"Event","Name":"PromptShown","Parameters":[{"Name":"prompt","Type":{"Category":"Class","Name":"ProximityPrompt"}},{"Name":"inputType","Type":{"Category":"Enum","Name":"ProximityPromptInputType"}}],"Security":"None","ThreadSafety":"Unsafe"},{"MemberType":"Event","Name":"PromptTriggerEnded","Parameters":[{"Name":"prompt","Type":{"Category":"Class","Name":"ProximityPrompt"}},{"Name":"playerWhoTriggered","Type":{"Category":"Class","Name":"Player"}}],"Security":"None","ThreadSafety":"Unsafe"},{"MemberType":"Event","Name":"PromptTriggered","Parameters":[{"Name":"prompt","Type":{"Category":"Class","Name":"ProximityPrompt"}},{"Name":"playerWhoTriggered","Type":{"Category":"Class","Name":"Player"}}],"Security":"None","ThreadSafety":"Unsafe"}],"MemoryCategory":"Instances","Name":"ProximityPromptService","Superclass":"Instance","Tags":["Service","NotBrowsable"]},{"Members":[{"MemberType":"Function","Name":"PublishDescendantAssets","Parameters":[{"Name":"instance","Type":{"Category":"Class","Name":"Instance"}}],"ReturnType":{"Category":"Primitive","Name":"bool"},"Security":"RobloxScriptSecurity","ThreadSafety":"Unsafe"},{"MemberType":"Function","Name":"PublishCageMeshAsync","Parameters":[{"Name":"wrap","Type":{"Category":"Class","Name":"Instance"}},{"Name":"cageType","Type":{"Category":"Enum","Name":"CageType"}}],"ReturnType":{"Category":"DataType","Name":"Content"},"Security":"RobloxScriptSecurity","Tags":["Yields"],"ThreadSafety":"Unsafe"}],"MemoryCategory":"Instances","Name":"PublishService","Superclass":"Instance","Tags":["NotCreatable","Service","NotReplicated"]},{"Members":[{"MemberType":"Function","Name":"AddGlobalPointsField","Parameters":[{"Name":"key","Type":{"Category":"Primitive","Name":"string"}},{"Name":"value","Type":{"Category":"Primitive","Name":"int"}}],"ReturnType":{"Category":"Primitive","Name":"void"},"Security":"RobloxScriptSecurity","ThreadSafety":"Unsafe"},{"MemberType":"Function","Name":"AddGlobalPointsTag","Parameters":[{"Name":"key","Type":{"Category":"Primitive","Name":"string"}},{"Name":"value","Type":{"Category":"Primitive","Name":"string"}}],"ReturnType":{"Category":"Primitive","Name":"void"},"Security":"RobloxScriptSecurity","ThreadSafety":"Unsafe"},{"MemberType":"Function","Name":"GetClientId","Parameters":[],"ReturnType":{"Category":"Primitive","Name":"string"},"Security":"RobloxScriptSecurity","ThreadSafety":"Unsafe"},{"MemberType":"Function","Name":"GetSessionId","Parameters":[],"ReturnType":{"Category":"Primitive","Name":"string"},"Security":"RobloxScriptSecurity","ThreadSafety":"Unsafe"},{"MemberType":"Function","Name":"ReleaseRBXEventStream","Parameters":[{"Name":"target","Type":{"Category":"Primitive","Name":"string"}}],"ReturnType":{"Category":"Primitive","Name":"void"},"Security":"RobloxScriptSecurity","ThreadSafety":"Unsafe"},{"MemberType":"Function","Name":"RemoveGlobalPointsField","Parameters":[{"Name":"key","Type":{"Category":"Primitive","Name":"string"}}],"ReturnType":{"Category":"Primitive","Name":"void"},"Security":"RobloxScriptSecurity","ThreadSafety":"Unsafe"},{"MemberType":"Function","Name":"RemoveGlobalPointsTag","Parameters":[{"Name":"key","Type":{"Category":"Primitive","Name":"string"}}],"ReturnType":{"Category":"Primitive","Name":"void"},"Security":"RobloxScriptSecurity","ThreadSafety":"Unsafe"},{"MemberType":"Function","Name":"ReportCounter","Parameters":[{"Name":"counterName","Type":{"Category":"Primitive","Name":"string"}},{"Default":"1","Name":"amount","Type":{"Category":"Primitive","Name":"int"}}],"ReturnType":{"Category":"Primitive","Name":"void"},"Security":"RobloxScriptSecurity","ThreadSafety":"Unsafe"},{"MemberType":"Function","Name":"ReportInfluxSeries","Parameters":[{"Name":"seriesName","Type":{"Category":"Primitive","Name":"string"}},{"Name":"points","Type":{"Category":"Group","Name":"Dictionary"}},{"Name":"throttlingPercentage","Type":{"Category":"Primitive","Name":"int"}}],"ReturnType":{"Category":"Primitive","Name":"void"},"Security":"RobloxScriptSecurity","ThreadSafety":"Unsafe"},{"MemberType":"Function","Name":"ReportStats","Parameters":[{"Name":"category","Type":{"Category":"Primitive","Name":"string"}},{"Name":"value","Type":{"Category":"Primitive","Name":"float"}}],"ReturnType":{"Category":"Primitive","Name":"void"},"Security":"RobloxScriptSecurity","ThreadSafety":"Unsafe"},{"MemberType":"Function","Name":"ReportToDiagByCountryCode","Parameters":[{"Name":"featureName","Type":{"Category":"Primitive","Name":"string"}},{"Name":"measureName","Type":{"Category":"Primitive","Name":"string"}},{"Name":"seconds","Type":{"Category":"Primitive","Name":"double"}}],"ReturnType":{"Category":"Primitive","Name":"void"},"Security":"RobloxScriptSecurity","ThreadSafety":"Unsafe"},{"MemberType":"Function","Name":"SendEventDeferred","Parameters":[{"Name":"target","Type":{"Category":"Primitive","Name":"string"}},{"Name":"eventContext","Type":{"Category":"Primitive","Name":"string"}},{"Name":"eventName","Type":{"Category":"Primitive","Name":"string"}},{"Name":"additionalArgs","Type":{"Category":"Group","Name":"Dictionary"}}],"ReturnType":{"Category":"Primitive","Name":"void"},"Security":"RobloxScriptSecurity","ThreadSafety":"Unsafe"},{"MemberType":"Function","Name":"SendEventImmediately","Parameters":[{"Name":"target","Type":{"Category":"Primitive","Name":"string"}},{"Name":"eventContext","Type":{"Category":"Primitive","Name":"string"}},{"Name":"eventName","Type":{"Category":"Primitive","Name":"string"}},{"Name":"additionalArgs","Type":{"Category":"Group","Name":"Dictionary"}}],"ReturnType":{"Category":"Primitive","Name":"void"},"Security":"RobloxScriptSecurity","ThreadSafety":"Unsafe"},{"MemberType":"Function","Name":"SetRBXEvent","Parameters":[{"Name":"target","Type":{"Category":"Primitive","Name":"string"}},{"Name":"eventContext","Type":{"Category":"Primitive","Name":"string"}},{"Name":"eventName","Type":{"Category":"Primitive","Name":"string"}},{"Name":"additionalArgs","Type":{"Category":"Group","Name":"Dictionary"}}],"ReturnType":{"Category":"Primitive","Name":"void"},"Security":"RobloxScriptSecurity","ThreadSafety":"Unsafe"},{"MemberType":"Function","Name":"SetRBXEventStream","Parameters":[{"Name":"target","Type":{"Category":"Primitive","Name":"string"}},{"Name":"eventContext","Type":{"Category":"Primitive","Name":"string"}},{"Name":"eventName","Type":{"Category":"Primitive","Name":"string"}},{"Name":"additionalArgs","Type":{"Category":"Group","Name":"Dictionary"}}],"ReturnType":{"Category":"Primitive","Name":"void"},"Security":"RobloxScriptSecurity","ThreadSafety":"Unsafe"},{"MemberType":"Function","Name":"TrackEvent","Parameters":[{"Name":"category","Type":{"Category":"Primitive","Name":"string"}},{"Name":"action","Type":{"Category":"Primitive","Name":"string"}},{"Name":"label","Type":{"Category":"Primitive","Name":"string"}},{"Default":"0","Name":"value","Type":{"Category":"Primitive","Name":"int64"}}],"ReturnType":{"Category":"Primitive","Name":"void"},"Security":"RobloxScriptSecurity","ThreadSafety":"Unsafe"},{"MemberType":"Function","Name":"TrackEventWithArgs","Parameters":[{"Name":"category","Type":{"Category":"Primitive","Name":"string"}},{"Name":"action","Type":{"Category":"Primitive","Name":"string"}},{"Name":"label","Type":{"Category":"Primitive","Name":"string"}},{"Name":"args","Type":{"Category":"Group","Name":"Dictionary"}},{"Default":"0","Name":"value","Type":{"Category":"Primitive","Name":"int64"}}],"ReturnType":{"Category":"Primitive","Name":"void"},"Security":"RobloxScriptSecurity","ThreadSafety":"Unsafe"},{"MemberType":"Function","Name":"UpdateHeartbeatObject","Parameters":[{"Name":"args","Type":{"Category":"Group","Name":"Dictionary"}}],"ReturnType":{"Category":"Primitive","Name":"void"},"Security":"RobloxScriptSecurity","ThreadSafety":"Unsafe"}],"MemoryCategory":"Instances","Name":"RbxAnalyticsService","Superclass":"Instance","Tags":["NotCreatable","Service"]},{"Members":[],"MemoryCategory":"Instances","Name":"ReflectionMetadata","Superclass":"Instance"},{"Members":[],"MemoryCategory":"Instances","Name":"ReflectionMetadataCallbacks","Superclass":"Instance"},{"Members":[],"MemoryCategory":"Instances","Name":"ReflectionMetadataClasses","Superclass":"Instance"},{"Members":[],"MemoryCategory":"Instances","Name":"ReflectionMetadataEnums","Superclass":"Instance"},{"Members":[],"MemoryCategory":"Instances","Name":"ReflectionMetadataEvents","Superclass":"Instance"},{"Members":[],"MemoryCategory":"Instances","Name":"ReflectionMetadataFunctions","Superclass":"Instance"}]}