{"Classes":[{"Members":[{"MemberType":"Function","Name":"BindAction","Parameters":[{"Name":"actionName","Type":{"Category":"Primitive","Name":"string"}},{"Name":"functionToBind","Type":{"Category":"DataType","Name":"Function"}},{"Name":"createTouchButton","Type":{"Category":"Primitive","Name":"bool"}},{"Name":"inputTypes","Type":{"Category":"Group","Name":"Tuple"}}],"ReturnType":{"Category":"Primitive","Name":"void"},"Security":"None","ThreadSafety":"Unsafe"},{"MemberType":"Function","Name":"BindActionAtPriority","Parameters":[{"Name":"actionName","Type":{"Category":"Primitive","Name":"string"}},{"Name":"functionToBind","Type":{"Category":"DataType","Name":"Function"}},{"Name":"createTouchButton","Type":{"Category":"Primitive","Name":"bool"}},{"Name":"priorityLevel","Type":{"Category":"Primitive","Name":"int"}},{"Name":"inputTypes","Type":{"Category":"Group","Name":"Tuple"}}],"ReturnType":{"Category":"Primitive","Name":"void"},"Security":"None","ThreadSafety":"Unsafe"},{"MemberType":"Function","Name":"BindActionToInputTypes","Parameters":[{"Name":"actionName","Type":{"Category":"Primitive","Name":"string"}},{"Name":"functionToBind","Type":{"Category":"DataType","Name":"Function"}},{"Name":"createTouchButton","Type":{"Category":"Primitive","Name":"bool"}},{"Name":"inputTypes","Type":{"Category":"Group","Name":"Tuple"}}],"ReturnType":{"Category":"Primitive","Name":"void"},"Security":"None","Tags":["Deprecated"],"ThreadSafety":"Unsafe"},{"MemberType":"Function","Name":"BindActivate","Parameters":[{"Name":"userInputTypeForActivation","Type":{"Category":"Enum","Name":"UserInputType"}},{"Default":"Unknown","Name":"keyCodeForActivation","Type":{"Category":"Enum","Name":"KeyCode"}}],"ReturnType":{"Category":"Primitive","Name":"void"},"Security":"None","ThreadSafety":"Unsafe"},{"MemberType":"Function","Name":"BindCoreAction","Parameters":[{"Name":"actionName","Type":{"Category":"Primitive","Name":"string"}},{"Name":"functionToBind","Type":{"Category":"DataType","Name":"Function"}},{"Name":"createTouchButton","Type":{"Category":"Primitive","Name":"bool"}},{"Name":"inputTypes","Type":{"Category":"Group","Name":"Tuple"}}],"ReturnType":{"Category":"Primitive","Name":"void"},"Security":"RobloxScriptSecurity","ThreadSafety":"Unsafe"},{"MemberType":"Function","Name":"BindCoreActionAtPriority","Parameters":[{"Name":"actionName","Type":{"Category":"Primitive","Name":"string"}},{"Name":"functionToBind","Type":{"Category":"DataType","Name":"Function"}},{"Name":"createTouchButton","Type":{"Category":"Primitive","Name":"bool"}},{"Name":"priorityLevel","Type":{"Category":"Primitive","Name":"int"}},{"Name":"inputTypes","Type":{"Category":"Group","Name":"Tuple"}}],"ReturnType":{"Category":"Primitive","Name":"void"},"Security":"RobloxScriptSecurity","ThreadSafety":"Unsafe"},{"MemberType":"Function","Name":"CallFunction","Parameters":[{"Name":"actionName","Type":{"Category":"Primitive","Name":"string"}},{"Name":"state","Type":{"Category":"Enum","Name":"UserInputState"}},{"Name":"inputObject","Type":{"Category":"Class","Name":"Instance"}}],"ReturnType":{"Category":"Group","Name":"Tuple"},"Security":"RobloxScriptSecurity","ThreadSafety":"Unsafe"},{"MemberType":"Function","Name":"FireActionButtonFoundSignal","Parameters":[{"Name":"actionName","Type":{"Category":"Primitive","Name":"string"}},{"Name":"actionButton","Type":{"Category":"Class","Name":"Instance"}}],"ReturnType":{"Category":"Primitive","Name":"void"},"Security":"RobloxScriptSecurity","ThreadSafety":"Unsafe"},{"MemberType":"Function","Name":"GetAllBoundActionInfo","Parameters":[],"ReturnType":{"Category":"Group","Name":"Dictionary"},"Security":"None","ThreadSafety":"Unsafe"},{"MemberType":"Function","Name":"GetAllBoundCoreActionInfo","Parameters":[],"ReturnType":{"Category":"Group","Name":"Dictionary"},"Security":"RobloxScriptSecurity","ThreadSafety":"Unsafe"},{"MemberType":"Function","Name":"GetBoundActionInfo","Parameters":[{"Name":"actionName","Type":{"Category":"Primitive","Name":"string"}}],"ReturnType":{"Category":"Group","Name":"Dictionary"},"Security":"None","ThreadSafety":"Unsafe"},{"MemberType":"Function","Name":"GetBoundCoreActionInfo","Parameters":[{"Name":"actionName","Type":{"Category":"Primitive","Name":"string"}}],"ReturnType":{"Category":"Group","Name":"Dictionary"},"Security":"RobloxScriptSecurity","ThreadSafety":"Unsafe"},{"MemberType":"Function","Name":"GetCurrentLocalToolIcon","Parameters":[],"ReturnType":{"Category":"Primitive","Name":"string"},"Security":"None","ThreadSafety":"Unsafe"},{"MemberType":"Function","Name":"SetDescription","Parameters":[{"Name":"actionName","Type":{"Category":"Primitive","Name":"string"}},{"Name":"description","Type":{"Category":"Primitive","Name":"string"}}],"ReturnType":{"Category":"Primitive","Name":"void"},"Security":"None","ThreadSafety":"Unsafe"},{"MemberType":"Function","Name":"SetImage","Parameters":[{"Name":"actionName","Type":{"Category":"Primitive","Name":"string"}},{"Name":"image","Type":{"Category":"Primitive","Name":"string"}}],"ReturnType":{"Category":"Primitive","Name":"void"},"Security":"None","ThreadSafety":"Unsafe"},{"MemberType":"Function","Name":"SetPosition","Parameters":[{"Name":"actionName","Type":{"Category":"Primitive","Name":"string"}},{"Name":"position","Type":{"Category":"DataType","Name":"UDim2"}}],"ReturnType":{"Category":"Primitive","Name":"void"},"Security":"None","ThreadSafety":"Unsafe"},{"MemberType":"Function","Name":"SetTitle","Parameters":[{"Name":"actionName","Type":{"Category":"Primitive","Name":"string"}},{"Name":"title","Type":{"Category":"Primitive","Name":"string"}}],"ReturnType":{"Category":"Primitive","Name":"void"},"Security":"None","ThreadSafety":"Unsafe"},{"MemberType":"Function","Name":"UnbindAction","Parameters":[{"Name":"actionName","Type":{"Category":"Primitive","Name":"string"}}],"ReturnType":{"Category":"Primitive","Name":"void"},"Security":"None","ThreadSafety":"Unsafe"},{"MemberType":"Function","Name":"UnbindActivate","Parameters":[{"Name":"userInputTypeForActivation","Type":{"Category":"Enum","Name":"UserInputType"}},{"Default":"Unknown","Name":"keyCodeForActivation","Type":{"Category":"Enum","Name":"KeyCode"}}],"ReturnType":{"Category":"Primitive","Name":"void"},"Security":"None","ThreadSafety":"Unsafe"},{"MemberType":"Function","Name":"UnbindAllActions","Parameters":[],"ReturnType":{"Category":"Primitive","Name":"void"},"Security":"None","ThreadSafety":"Unsafe"},{"MemberType":"Function","Name":"UnbindCoreAction","Parameters":[{"Name":"actionName","Type":{"Category":"Primitive","Name":"string"}}],"ReturnType":{"Category":"Primitive","Name":"void"},"Security":"RobloxScriptSecurity","ThreadSafety":"Unsafe"},{"MemberType":"Function","Name":"GetButton","Parameters":[{"Name":"actionName","Type":{"Category":"Primitive","Name":"string"}}],"ReturnType":{"Category":"Class","Name":"Instance"},"Security":"None","Tags":["Yields"],"ThreadSafety":"Unsafe"},{"MemberType":"Event","Name":"BoundActionAdded","Parameters":[{"Name":"actionAdded","Type":{"Category":"Primitive","Name":"string"}},{"Name":"createTouchButton","Type":{"Category":"Primitive","Name":"bool"}},{"Name":"functionInfoTable","Type":{"Category":"Group","Name":"Dictionary"}},{"Name":"isCore","Type":{"Category":"Primitive","Name":"bool"}}],"Security":"RobloxScriptSecurity","ThreadSafety":"Unsafe"},{"MemberType":"Event","Name":"BoundActionChanged","Parameters":[{"Name":"actionChanged","Type":{"Category":"Primitive","Name":"string"}},{"Name":"changeName","Type":{"Category":"Primitive","Name":"string"}},{"Name":"changeTable","Type":{"Category":"Group","Name":"Dictionary"}}],"Security":"RobloxScriptSecurity","ThreadSafety":"Unsafe"},{"MemberType":"Event","Name":"BoundActionRemoved","Parameters":[{"Name":"actionRemoved","Type":{"Category":"Primitive","Name":"string"}},{"Name":"functionInfoTable","Type":{"Category":"Group","Name":"Dictionary"}},{"Name":"isCore","Type":{"Category":"Primitive","Name":"bool"}}],"Security":"RobloxScriptSecurity","ThreadSafety":"Unsafe"},{"MemberType":"Event","Name":"GetActionButtonEvent","Parameters":[{"Name":"actionName","Type":{"Category":"Primitive","Name":"string"}}],"Security":"RobloxScriptSecurity","ThreadSafety":"Unsafe"},{"MemberType":"Event","Name":"LocalToolEquipped","Parameters":[{"Name":"toolEquipped","Type":{"Category":"Class","Name":"Instance"}}],"Security":"None","ThreadSafety":"Unsafe"},{"MemberType":"Event","Name":"LocalToolUnequipped","Parameters":[{"Name":"toolUnequipped","Type":{"Category":"Class","Name":"Instance"}}],"Security":"None","ThreadSafety":"Unsafe"}],"MemoryCategory":"Instances","Name":"ContextActionService","Superclass":"Instance","Tags":["NotCreatable","Service"]},{"Members":[{"MemberType":"Function","Name":"BindButton","Parameters":[{"Name":"button","Type":{"Category":"Enum","Name":"Button"}},{"Name":"caption","Type":{"Category":"Primitive","Name":"string"}}],"ReturnType":{"Category":"Primitive","Name":"void"},"Security":"None","ThreadSafety":"Unsafe"},{"MemberType":"Function","Name":"GetButton","Parameters":[{"Name":"button","Type":{"Category":"Enum","Name":"Button"}}],"ReturnType":{"Category":"Primitive","Name":"bool"},"Security":"None","ThreadSafety":"Unsafe"},{"MemberType":"Function","Name":"UnbindButton","Parameters":[{"Name":"button","Type":{"Category":"Enum","Name":"Button"}}],"ReturnType":{"Category":"Primitive","Name":"void"},"Security":"None","ThreadSafety":"Unsafe"},{"MemberType":"Function","Name":"bindButton","Parameters":[{"Name":"button","Type":{"Category":"Enum","Name":"Button"}},{"Name":"caption","Type":{"Category":"Primitive","Name":"string"}}],"ReturnType":{"Category":"Primitive","Name":"void"},"Security":"None","Tags":["Deprecated"],"ThreadSafety":"Unsafe"},{"MemberType":"Function","Name":"getButton","Parameters":[{"Name":"button","Type":{"Category":"Enum","Name":"Button"}}],"ReturnType":{"Category":"Primitive","Name":"bool"},"Security":"None","Tags":["Deprecated"],"ThreadSafety":"Unsafe"},{"MemberType":"Event","Name":"ButtonChanged","Parameters":[{"Name":"button","Type":{"Category":"Enum","Name":"Button"}}],"Security":"None","ThreadSafety":"Unsafe"}],"MemoryCategory":"Instances","Name":"Controller","Superclass":"Instance","Tags":["NotCreatable"]},{"Members":[],"MemoryCategory":"Instances","Name":"HumanoidController","Superclass":"Controller"},{"Members":[{"Category":"Axes","MemberType":"Property","Name":"Steer","Security":{"Read":"None","Write":"None"},"Serialization":{"CanLoad":false,"CanSave":false},"Tags":["ReadOnly","NotReplicated"],"ThreadSafety":"ReadSafe","ValueType":{"Category":"Primitive","Name":"float"}},{"Category":"Axes","MemberType":"Property","Name":"Throttle","Security":{"Read":"None","Write":"None"},"Serialization":{"CanLoad":false,"CanSave":false},"Tags":["ReadOnly","NotReplicated"],"ThreadSafety":"ReadSafe","ValueType":{"Category":"Primitive","Name":"float"}},{"MemberType":"Event","Name":"AxisChanged","Parameters":[{"Name":"axis","Type":{"Category":"Primitive","Name":"string"}}],"Security":"None","ThreadSafety":"Unsafe"}],"MemoryCategory":"Instances","Name":"SkateboardController","Superclass":"Controller"},{"Members":[],"MemoryCategory":"Instances","Name":"VehicleController","Superclass":"Controller"},{"Members":[],"MemoryCategory":"Instances","Name":"ControllerService","Superclass":"Instance","Tags":["NotCreatable","Service","NotReplicated"]},{"Members":[],"MemoryCategory":"Instances","Name":"CookiesService","Superclass":"Instance","Tags":["NotCreatable","Service"]},{"Members":[],"MemoryCategory":"Instances","Name":"CorePackages","Superclass":"Instance","Tags":["NotCreatable","Service","NotReplicated"]},{"Members":[{"MemberType":"Function","Name":"GetScriptFilePath","Parameters":[{"Name":"script","Type":{"Category":"Class","Name":"Instance"}}],"ReturnType":{"Category":"Group","Name":"Variant"},"Security":"RobloxScriptSecurity","ThreadSafety":"Unsafe"}],"MemoryCategory":"Instances","Name":"CoreScriptSyncService","Superclass":"Instance","Tags":["NotCreatable","Service","NotReplicated"]},{"Members":[{"MemberType":"Function","Name":"IsWatchingScriptLine","Parameters":[{"Name":"scriptRef","Type":{"Category":"Primitive","Name":"string"}},{"Name":"lineNumber","Type":{"Category":"Primitive","Name":"int"}}],"ReturnType":{"Category":"Primitive","Name":"bool"},"Security":"RobloxScriptSecurity","ThreadSafety":"Unsafe"},{"MemberType":"Function","Name":"StartWatchingScriptLine","Parameters":[{"Name":"scriptRef","Type":{"Category":"Primitive","Name":"string"}},{"Name":"debuggerConnectionId","Type":{"Category":"Primitive","Name":"int"}},{"Name":"lineNumber","Type":{"Category":"Primitive","Name":"int"}}],"ReturnType":{"Category":"Primitive","Name":"void"},"Security":"RobloxScriptSecurity","ThreadSafety":"Unsafe"},{"MemberType":"Event","Name":"GuidLineContentsChanged","Parameters":[{"Name":"guid","Type":{"Category":"Primitive","Name":"string"}},{"Name":"lineNumber","Type":{"Category":"Primitive","Name":"int"}},{"Name":"contents","Type":{"Category":"Primitive","Name":"string"}}],"Security":"RobloxScriptSecurity","ThreadSafety":"Unsafe"},{"MemberType":"Event","Name":"GuidNameChanged","Parameters":[{"Name":"guid","Type":{"Category":"Primitive","Name":"string"}},{"Name":"fullName","Type":{"Category":"Primitive","Name":"string"}}],"Security":"RobloxScriptSecurity","ThreadSafety":"Unsafe"}],"MemoryCategory":"Instances","Name":"CrossDMScriptChangeListener","Superclass":"Instance","Tags":["NotCreatable","Service","NotReplicated"]},{"Members":[{"MemberType":"Function","Name":"GetAttachedReceivers","Parameters":[],"ReturnType":{"Category":"DataType","Name":"Objects"},"Security":"None","ThreadSafety":"Unsafe"},{"MemberType":"Function","Name":"SetValue","Parameters":[{"Name":"newValue","Type":{"Category":"Primitive","Name":"float"}}],"ReturnType":{"Category":"Primitive","Name":"void"},"Security":"None","ThreadSafety":"Unsafe"},{"MemberType":"Event","Name":"ReceiverConnected","Parameters":[{"Name":"receiver","Type":{"Category":"Class","Name":"Instance"}}],"Security":"None","ThreadSafety":"Unsafe"},{"MemberType":"Event","Name":"ReceiverDisconnected","Parameters":[{"Name":"receiver","Type":{"Category":"Class","Name":"Instance"}}],"Security":"None","ThreadSafety":"Unsafe"}],"MemoryCategory":"Instances","Name":"CustomEvent","Superclass":"Instance","Tags":["Deprecated"]},{"Members":[{"Category":"Data","MemberType":"Property","Name":"Source","Security":{"Read":"None","Write":"None"},"Serialization":{"CanLoad":true,"CanSave":true},"ThreadSafety":"ReadSafe","ValueType":{"Category":"Class","Name":"Instance"}},{"MemberType":"Function","Name":"GetCurrentValue","Parameters":[],"ReturnType":{"Category":"Primitive","Name":"float"},"Security":"None","ThreadSafety":"Unsafe"},{"MemberType":"Event","Name":"EventConnected","Parameters":[{"Name":"event","Type":{"Category":"Class","Name":"Instance"}}],"Security":"None","ThreadSafety":"Unsafe"},{"MemberType":"Event","Name":"EventDisconnected","Parameters":[{"Name":"event","Type":{"Category":"Class","Name":"Instance"}}],"Security":"None","ThreadSafety":"Unsafe"},{"MemberType":"Event","Name":"SourceValueChanged","Parameters":[{"Name":"newValue","Type":{"Category":"Primitive","Name":"float"}}],"Security":"None","ThreadSafety":"Unsafe"}],"MemoryCategory":"Instances","Name":"CustomEventReceiver","Superclass":"Instance","Tags":["Deprecated"]},{"Members":[{"Category":"Data","MemberType":"Property","Name":"Offset","Security":{"Read":"None","Write":"None"},"Serialization":{"CanLoad":true,"CanSave":true},"ThreadSafety":"ReadSafe","ValueType":{"Category":"DataType","Name":"Vector3"}},{"Category":"Data","MemberType":"Property","Name":"Scale","Security":{"Read":"None","Write":"None"},"Serialization":{"CanLoad":true,"CanSave":true},"ThreadSafety":"ReadSafe","ValueType":{"Category":"DataType","Name":"Vector3"}},{"Category":"Data","MemberType":"Property","Name":"VertexColor","Security":{"Read":"None","Write":"None"},"Serialization":{"CanLoad":true,"CanSave":true},"ThreadSafety":"ReadSafe","ValueType":{"Category":"DataType","Name":"Vector3"}}],"MemoryCategory":"Instances","Name":"DataModelMesh","Superclass":"Instance","Tags":["NotCreatable","NotBrowsable"]},{"Members":[],"MemoryCategory":"Instances","Name":"BevelMesh","Superclass":"DataModelMesh","Tags":["NotCreatable","NotBrowsable","Deprecated"]},{"Members":[],"MemoryCategory":"PhysicsParts","Name":"BlockMesh","Superclass":"BevelMesh"},{"Members":[],"MemoryCategory":"PhysicsParts","Name":"CylinderMesh","Superclass":"BevelMesh","Tags":["Deprecated"]},{"Members":[{"Category":"Data","MemberType":"Property","Name":"MeshId","Security":{"Read":"None","Write":"None"},"Serialization":{"CanLoad":true,"CanSave":true},"ThreadSafety":"ReadSafe","ValueType":{"Category":"DataType","Name":"Content"}},{"Category":"Data","MemberType":"Property","Name":"TextureId","Security":{"Read":"None","Write":"None"},"Serialization":{"CanLoad":true,"CanSave":true},"ThreadSafety":"ReadSafe","ValueType":{"Category":"DataType","Name":"Content"}}],"MemoryCategory":"PhysicsParts","Name":"FileMesh","Superclass":"DataModelMesh"},{"Members":[{"Category":"Data","MemberType":"Property","Name":"MeshType","Security":{"Read":"None","Write":"None"},"Serialization":{"CanLoad":true,"CanSave":true},"ThreadSafety":"ReadSafe","ValueType":{"Category":"Enum","Name":"MeshType"}}],"MemoryCategory":"PhysicsParts","Name":"SpecialMesh","Superclass":"FileMesh"},{"Members":[{"MemberType":"Function","Name":"GetPatch","Parameters":[{"Name":"patchName","Type":{"Category":"Primitive","Name":"string"}}],"ReturnType":{"Category":"Class","Name":"Instance"},"Security":"RobloxScriptSecurity","ThreadSafety":"Unsafe"},{"MemberType":"Function","Name":"RegisterPatch","Parameters":[{"Name":"patchName","Type":{"Category":"Primitive","Name":"string"}},{"Name":"behaviorName","Type":{"Category":"Primitive","Name":"string"}},{"Name":"localConfigPath","Type":{"Category":"Primitive","Name":"string"}},{"Name":"userId","Type":{"Category":"Primitive","Name":"int64"}}],"ReturnType":{"Category":"Primitive","Name":"void"},"Security":"RobloxScriptSecurity","ThreadSafety":"Unsafe"},{"MemberType":"Function","Name":"UpdatePatch","Parameters":[{"Name":"userId","Type":{"Category":"Primitive","Name":"int64"}},{"Name":"patchName","Type":{"Category":"Primitive","Name":"string"}},{"Name":"callbackFunction","Type":{"Category":"DataType","Name":"Function"}}],"ReturnType":{"Category":"Primitive","Name":"void"},"Security":"RobloxScriptSecurity","ThreadSafety":"Unsafe"}],"MemoryCategory":"Instances","Name":"DataModelPatchService","Superclass":"Instance","Tags":["NotCreatable","Service","NotReplicated"]},{"Members":[{"Category":"Data","MemberType":"Property","Name":"CurrentDataModelType","Security":{"Read":"RobloxScriptSecurity","Write":"RobloxScriptSecurity"},"Serialization":{"CanLoad":false,"CanSave":false},"Tags":["Hidden","ReadOnly","NotReplicated"],"ThreadSafety":"ReadSafe","ValueType":{"Category":"Enum","Name":"StudioDataModelType"}},{"Category":"Data","MemberType":"Property","Name":"SessionId","Security":{"Read":"RobloxScriptSecurity","Write":"RobloxScriptSecurity"},"Serialization":{"CanLoad":false,"CanSave":false},"Tags":["Hidden","ReadOnly","NotReplicated"],"ThreadSafety":"ReadSafe","ValueType":{"Category":"Primitive","Name":"string"}},{"MemberType":"Event","Name":"CurrentDataModelTypeAboutToChange","Parameters":[{"Name":"dataModelType","Type":{"Category":"Enum","Name":"StudioDataModelType"}}],"Security":"RobloxScriptSecurity","ThreadSafety":"Unsafe"},{"MemberType":"Event","Name":"CurrentDataModelTypeChanged","Parameters":[],"Security":"RobloxScriptSecurity","ThreadSafety":"Unsafe"},{"MemberType":"Event","Name":"DataModelCreated","Parameters":[{"Name":"gameStateType","Type":{"Category":"Enum","Name":"StudioDataModelType"}}],"Security":"RobloxScriptSecurity","ThreadSafety":"Unsafe"},{"MemberType":"Event","Name":"DataModelWillBeDestroyed","Parameters":[{"Name":"gameStateType","Type":{"Category":"Enum","Name":"StudioDataModelType"}}],"Security":"RobloxScriptSecurity","ThreadSafety":"Unsafe"}],"MemoryCategory":"Instances","Name":"DataModelSession","Superclass":"Instance","Tags":["NotCreatable"]},{"Members":[{"MemberType":"Function","Name":"GetMetadata","Parameters":[],"ReturnType":{"Category":"Group","Name":"Dictionary"},"Security":"None","ThreadSafety":"Unsafe"},{"MemberType":"Function","Name":"SetMetadata","Parameters":[{"Name":"attributes","Type":{"Category":"Group","Name":"Dictionary"}}],"ReturnType":{"Category":"Primitive","Name":"void"},"Security":"None","ThreadSafety":"Unsafe"}],"MemoryCategory":"Instances","Name":"DataStoreIncrementOptions","Superclass":"Instance","Tags":["NotReplicated"]},{"Members":[{"Category":"Data","MemberType":"Property","Name":"CreatedTime","Security":{"Read":"None","Write":"None"},"Serialization":{"CanLoad":false,"CanSave":true},"Tags":["ReadOnly","NotReplicated"],"ThreadSafety":"ReadSafe","ValueType":{"Category":"Primitive","Name":"int64"}},{"Category":"Data","MemberType":"Property","Name":"DataStoreName","Security":{"Read":"None","Write":"None"},"Serialization":{"CanLoad":false,"CanSave":true},"Tags":["ReadOnly","NotReplicated"],"ThreadSafety":"ReadSafe","ValueType":{"Category":"Primitive","Name":"string"}},{"Category":"Data","MemberType":"Property","Name":"UpdatedTime","Security":{"Read":"None","Write":"None"},"Serialization":{"CanLoad":false,"CanSave":true},"Tags":["ReadOnly","NotReplicated"],"ThreadSafety":"ReadSafe","ValueType":{"Category":"Primitive","Name":"int64"}}],"MemoryCategory":"Instances","Name":"DataStoreInfo","Superclass":"Instance","Tags":["NotCreatable","NotReplicated"]},{"Members":[{"Category":"Data","MemberType":"Property","Name":"KeyName","Security":{"Read":"None","Write":"None"},"Serialization":{"CanLoad":false,"CanSave":true},"Tags":["ReadOnly","NotReplicated"],"ThreadSafety":"ReadSafe","ValueType":{"Category":"Primitive","Name":"string"}}],"MemoryCategory":"Instances","Name":"DataStoreKey","Superclass":"Instance","Tags":["NotCreatable","NotReplicated"]},{"Members":[{"Category":"Data","MemberType":"Property","Name":"CreatedTime","Security":{"Read":"None","Write":"None"},"Serialization":{"CanLoad":false,"CanSave":true},"Tags":["ReadOnly","NotReplicated"],"ThreadSafety":"ReadSafe","ValueType":{"Category":"Primitive","Name":"int64"}},{"Category":"Data","MemberType":"Property","Name":"UpdatedTime","Security":{"Read":"None","Write":"None"},"Serialization":{"CanLoad":false,"CanSave":true},"Tags":["ReadOnly","NotReplicated"],"ThreadSafety":"ReadSafe","ValueType":{"Category":"Primitive","Name":"int64"}},{"Category":"Data","MemberType":"Property","Name":"Version","Security":{"Read":"None","Write":"None"},"Serialization":{"CanLoad":false,"CanSave":true},"Tags":["ReadOnly","NotReplicated"],"ThreadSafety":"ReadSafe","ValueType":{"Category":"Primitive","Name":"string"}},{"MemberType":"Function","Name":"GetMetadata","Parameters":[],"ReturnType":{"Category":"Group","Name":"Dictionary"},"Security":"None","ThreadSafety":"Unsafe"},{"MemberType":"Function","Name":"GetUserIds","Parameters":[],"ReturnType":{"Category":"Group","Name":"Array"},"Security":"None","ThreadSafety":"Unsafe"}],"MemoryCategory":"Instances","Name":"DataStoreKeyInfo","Superclass":"Instance","Tags":["NotCreatable","NotReplicated"]},{"Members":[{"Category":"Data","MemberType":"Property","Name":"CreatedTime","Security":{"Read":"None","Write":"None"},"Serialization":{"CanLoad":false,"CanSave":true},"Tags":["ReadOnly","NotReplicated"],"ThreadSafety":"ReadSafe","ValueType":{"Category":"Primitive","Name":"int64"}},{"Category":"Data","MemberType":"Property","Name":"IsDeleted","Security":{"Read":"None","Write":"None"},"Serialization":{"CanLoad":false,"CanSave":true},"Tags":["ReadOnly","NotReplicated"],"ThreadSafety":"ReadSafe","ValueType":{"Category":"Primitive","Name":"bool"}},{"Category":"Data","MemberType":"Property","Name":"Version","Security":{"Read":"None","Write":"None"},"Serialization":{"CanLoad":false,"CanSave":true},"Tags":["ReadOnly","NotReplicated"],"ThreadSafety":"ReadSafe","ValueType":{"Category":"Primitive","Name":"string"}}],"MemoryCategory":"Instances","Name":"DataStoreObjectVersionInfo","Superclass":"Instance","Tags":["NotCreatable","NotReplicated"]},{"Members":[{"Category":"Data","MemberType":"Property","Name":"AllScopes","Security":{"Read":"None","Write":"None"},"Serialization":{"CanLoad":true,"CanSave":true},"ThreadSafety":"ReadSafe","ValueType":{"Category":"Primitive","Name":"bool"}},{"MemberType":"Function","Name":"SetExperimentalFeatures","Parameters":[{"Name":"experimentalFeatures","Type":{"Category":"Group","Name":"Dictionary"}}],"ReturnType":{"Category":"Primitive","Name":"void"},"Security":"None","ThreadSafety":"Unsafe"}],"MemoryCategory":"Instances","Name":"DataStoreOptions","Superclass":"Instance","Tags":["NotReplicated"]},{"Members":[{"Category":"Behavior","MemberType":"Property","Name":"AutomaticRetry","Security":{"Read":"LocalUserSecurity","Write":"LocalUserSecurity"},"Serialization":{"CanLoad":true,"CanSave":true},"Tags":["NotReplicated"],"ThreadSafety":"ReadSafe","ValueType":{"Category":"Primitive","Name":"bool"}},{"Category":"Behavior","MemberType":"Property","Name":"LegacyNamingScheme","Security":{"Read":"LocalUserSecurity","Write":"LocalUserSecurity"},"Serialization":{"CanLoad":true,"CanSave":true},"Tags":["Hidden","Deprecated"],"ThreadSafety":"ReadSafe","ValueType":{"Category":"Primitive","Name":"bool"}},{"MemberType":"Function","Name":"GetDataStore","Parameters":[{"Name":"name","Type":{"Category":"Primitive","Name":"string"}},{"Default":"global","Name":"scope","Type":{"Category":"Primitive","Name":"string"}},{"Default":"nil","Name":"options","Type":{"Category":"Class","Name":"Instance"}}],"ReturnType":{"Category":"Class","Name":"GlobalDataStore"},"Security":"None","ThreadSafety":"Unsafe"},{"MemberType":"Function","Name":"GetGlobalDataStore","Parameters":[],"ReturnType":{"Category":"Class","Name":"GlobalDataStore"},"Security":"None","ThreadSafety":"Unsafe"},{"MemberType":"Function","Name":"GetOrderedDataStore","Parameters":[{"Name":"name","Type":{"Category":"Primitive","Name":"string"}},{"Default":"global","Name":"scope","Type":{"Category":"Primitive","Name":"string"}}],"ReturnType":{"Category":"Class","Name":"OrderedDataStore"},"Security":"None","ThreadSafety":"Unsafe"},{"MemberType":"Function","Name":"GetRequestBudgetForRequestType","Parameters":[{"Name":"requestType","Type":{"Category":"Enum","Name":"DataStoreRequestType"}}],"ReturnType":{"Category":"Primitive","Name":"int"},"Security":"None","ThreadSafety":"Unsafe"},{"MemberType":"Function","Name":"ListDataStoresAsync","Parameters":[{"Default":"","Name":"prefix","Type":{"Category":"Primitive","Name":"string"}},{"Default":"0","Name":"pageSize","Type":{"Category":"Primitive","Name":"int"}}],"ReturnType":{"Category":"Class","Name":"DataStoreListingPages"},"Security":"None","Tags":["Yields"],"ThreadSafety":"Unsafe"}],"MemoryCategory":"Instances","Name":"DataStoreService","Superclass":"Instance","Tags":["NotCreatable","Service","NotReplicated"]},{"Members":[{"MemberType":"Function","Name":"GetMetadata","Parameters":[],"ReturnType":{"Category":"Group","Name":"Dictionary"},"Security":"None","ThreadSafety":"Unsafe"},{"MemberType":"Function","Name":"SetMetadata","Parameters":[{"Name":"attributes","Type":{"Category":"Group","Name":"Dictionary"}}],"ReturnType":{"Category":"Primitive","Name":"void"},"Security":"None","ThreadSafety":"Unsafe"}],"MemoryCategory":"Instances","Name":"DataStoreSetOptions","Superclass":"Instance","Tags":["NotReplicated"]},{"Members":[{"Category":"Data","MemberType":"Property","Name":"MaxItems","Security":{"Read":"None","Write":"None"},"Serialization":{"CanLoad":true,"CanSave":true},"Tags":["Deprecated"],"ThreadSafety":"ReadSafe","ValueType":{"Category":"Primitive","Name":"int"}},{"MemberType":"Function","Name":"AddItem","Parameters":[{"Name":"item","Type":{"Category":"Class","Name":"Instance"}},{"Default":"10","Name":"lifetime","Type":{"Category":"Primitive","Name":"double"}}],"ReturnType":{"Category":"Primitive","Name":"void"},"Security":"None","ThreadSafety":"Unsafe"},{"MemberType":"Function","Name":"SetLegacyMaxItems","Parameters":[{"Name":"enabled","Type":{"Category":"Primitive","Name":"bool"}}],"ReturnType":{"Category":"Primitive","Name":"void"},"Security":"LocalUserSecurity","ThreadSafety":"Unsafe"},{"MemberType":"Function","Name":"addItem","Parameters":[{"Name":"item","Type":{"Category":"Class","Name":"Instance"}},{"Default":"10","Name":"lifetime","Type":{"Category":"Primitive","Name":"double"}}],"ReturnType":{"Category":"Primitive","Name":"void"},"Security":"None","Tags":["Deprecated"],"ThreadSafety":"Unsafe"}],"MemoryCategory":"Instances","Name":"Debris","Superclass":"Instance","Tags":["NotCreatable","Service"]},{"Members":[{"Category":"Performance","MemberType":"Property","Name":"DataModel","Security":{"Read":"None","Write":"None"},"Serialization":{"CanLoad":false,"CanSave":true},"Tags":["ReadOnly","NotReplicated"],"ThreadSafety":"ReadSafe","ValueType":{"Category":"Primitive","Name":"int"}},{"Category":"Performance","MemberType":"Property","Name":"InstanceCount","Security":{"Read":"None","Write":"None"},"Serialization":{"CanLoad":false,"CanSave":true},"Tags":["ReadOnly","NotReplicated"],"ThreadSafety":"ReadSafe","ValueType":{"Category":"Primitive","Name":"int"}},{"Category":"Errors","MemberType":"Property","Name":"IsScriptStackTracingEnabled","Security":{"Read":"None","Write":"None"},"Serialization":{"CanLoad":true,"CanSave":true},"ThreadSafety":"ReadSafe","ValueType":{"Category":"Primitive","Name":"bool"}},{"Category":"Performance","MemberType":"Property","Name":"JobCount","Security":{"Read":"None","Write":"None"},"Serialization":{"CanLoad":false,"CanSave":true},"Tags":["ReadOnly","NotReplicated"],"ThreadSafety":"ReadSafe","ValueType":{"Category":"Primitive","Name":"int"}},{"Category":"Performance","MemberType":"Property","Name":"PlayerCount","Security":{"Read":"None","Write":"None"},"Serialization":{"CanLoad":false,"CanSave":true},"Tags":["ReadOnly","NotReplicated"],"ThreadSafety":"ReadSafe","ValueType":{"Category":"Primitive","Name":"int"}},{"Category":"Errors","MemberType":"Property","Name":"ReportSoundWarnings","Security":{"Read":"None","Write":"None"},"Serialization":{"CanLoad":true,"CanSave":true},"ThreadSafety":"ReadSafe","ValueType":{"Category":"Primitive","Name":"bool"}},{"Category":"Profile","MemberType":"Property","Name":"RobloxVersion","Security":{"Read":"None","Write":"None"},"Serialization":{"CanLoad":false,"CanSave":true},"Tags":["ReadOnly","NotReplicated"],"ThreadSafety":"ReadSafe","ValueType":{"Category":"Primitive","Name":"string"}},{"Category":"Benchmarking","MemberType":"Property","Name":"TickCountPreciseOverride","Security":{"Read":"None","Write":"None"},"Serialization":{"CanLoad":true,"CanSave":true},"ThreadSafety":"ReadSafe","ValueType":{"Category":"Enum","Name":"TickCountSampleMethod"}}],"MemoryCategory":"Instances","Name":"DebugSettings","Superclass":"Instance","Tags":["NotCreatable","Settings","NotBrowsable"]},{"Members":[],"MemoryCategory":"Instances","Name":"DebuggablePluginWatcher","Superclass":"Instance","Tags":["NotCreatable","Service","NotReplicated"]},{"Members":[{"Category":"Data","MemberType":"Property","Name":"Condition","Security":{"Read":"None","Write":"None"},"Serialization":{"CanLoad":true,"CanSave":true},"ThreadSafety":"ReadSafe","ValueType":{"Category":"Primitive","Name":"string"}},{"Category":"Data","MemberType":"Property","Name":"ContinueExecution","Security":{"Read":"None","Write":"None"},"Serialization":{"CanLoad":true,"CanSave":true},"ThreadSafety":"ReadSafe","ValueType":{"Category":"Primitive","Name":"bool"}},{"Category":"Data","MemberType":"Property","Name":"IsEnabled","Security":{"Read":"None","Write":"None"},"Serialization":{"CanLoad":true,"CanSave":true},"ThreadSafety":"ReadSafe","ValueType":{"Category":"Primitive","Name":"bool"}},{"Category":"Data","MemberType":"Property","Name":"Line","Security":{"Read":"None","Write":"None"},"Serialization":{"CanLoad":false,"CanSave":false},"Tags":["ReadOnly","NotReplicated"],"ThreadSafety":"ReadSafe","ValueType":{"Category":"Primitive","Name":"int"}},{"Category":"Data","MemberType":"Property","Name":"LogExpression","Security":{"Read":"None","Write":"None"},"Serialization":{"CanLoad":true,"CanSave":true},"ThreadSafety":"ReadSafe","ValueType":{"Category":"Primitive","Name":"string"}},{"Category":"Data","MemberType":"Property","Name":"isContextDependentBreakpoint","Security":{"Read":"None","Write":"None"},"Serialization":{"CanLoad":true,"CanSave":true},"ThreadSafety":"ReadSafe","ValueType":{"Category":"Primitive","Name":"bool"}}],"MemoryCategory":"Instances","Name":"DebuggerBreakpoint","Superclass":"Instance","Tags":["NotCreatable"]},{"Members":[{"Category":"Data","MemberType":"Property","Name":"ErrorMessage","Security":{"Read":"RobloxScriptSecurity","Write":"RobloxScriptSecurity"},"Serialization":{"CanLoad":false,"CanSave":false},"Tags":["Hidden","ReadOnly","NotReplicated"],"ThreadSafety":"ReadSafe","ValueType":{"Category":"Primitive","Name":"string"}},{"Category":"State","MemberType":"Property","Name":"HasError","Security":{"Read":"RobloxScriptSecurity","Write":"RobloxScriptSecurity"},"Serialization":{"CanLoad":false,"CanSave":false},"Tags":["Hidden","ReadOnly","NotReplicated"],"ThreadSafety":"ReadSafe","ValueType":{"Category":"Primitive","Name":"bool"}},{"Category":"Data","MemberType":"Property","Name":"Id","Security":{"Read":"RobloxScriptSecurity","Write":"RobloxScriptSecurity"},"Serialization":{"CanLoad":false,"CanSave":false},"Tags":["Hidden","ReadOnly","NotReplicated"],"ThreadSafety":"ReadSafe","ValueType":{"Category":"Primitive","Name":"int"}},{"Category":"State","MemberType":"Property","Name":"IsPaused","Security":{"Read":"RobloxScriptSecurity","Write":"RobloxScriptSecurity"},"Serialization":{"CanLoad":false,"CanSave":false},"Tags":["Hidden","ReadOnly","NotReplicated"],"ThreadSafety":"ReadSafe","ValueType":{"Category":"Primitive","Name":"bool"}},{"MemberType":"Function","Name":"AddBreakpoint","Parameters":[{"Name":"script","Type":{"Category":"Primitive","Name":"string"}},{"Name":"line","Type":{"Category":"Primitive","Name":"int"}},{"Name":"breakpoint","Type":{"Category":"Class","Name":"Breakpoint"}}],"ReturnType":{"Category":"Primitive","Name":"void"},"Security":"RobloxScriptSecurity","ThreadSafety":"Unsafe"},{"MemberType":"Function","Name":"Close","Parameters":[],"ReturnType":{"Category":"Primitive","Name":"void"},"Security":"RobloxScriptSecurity","ThreadSafety":"Unsafe"},{"MemberType":"Function","Name":"EvaluateWatch","Parameters":[{"Name":"expression","Type":{"Category":"Primitive","Name":"string"}},{"Name":"frame","Type":{"Category":"Class","Name":"StackFrame"}},{"Name":"callback","Type":{"Category":"DataType","Name":"Function"}}],"ReturnType":{"Category":"Primitive","Name":"int"},"Security":"RobloxScriptSecurity","ThreadSafety":"Unsafe"},{"MemberType":"Function","Name":"GetFrameById","Parameters":[{"Name":"id","Type":{"Category":"Primitive","Name":"int"}}],"ReturnType":{"Category":"Class","Name":"StackFrame"},"Security":"RobloxScriptSecurity","ThreadSafety":"Unsafe"},{"MemberType":"Function","Name":"GetSource","Parameters":[{"Name":"scriptRef","Type":{"Category":"Primitive","Name":"string"}},{"Name":"status","Type":{"Category":"DataType","Name":"Function"}}],"ReturnType":{"Category":"Primitive","Name":"int"},"Security":"RobloxScriptSecurity","ThreadSafety":"Unsafe"},{"MemberType":"Function","Name":"GetThreadById","Parameters":[{"Name":"id","Type":{"Category":"Primitive","Name":"int"}}],"ReturnType":{"Category":"Class","Name":"ThreadState"},"Security":"RobloxScriptSecurity","ThreadSafety":"Unsafe"},{"MemberType":"Function","Name":"GetThreads","Parameters":[{"Name":"callback","Type":{"Category":"DataType","Name":"Function"}}],"ReturnType":{"Category":"Primitive","Name":"int"},"Security":"RobloxScriptSecurity","ThreadSafety":"Unsafe"},{"MemberType":"Function","Name":"GetVariableById","Parameters":[{"Name":"id","Type":{"Category":"Primitive","Name":"int"}}],"ReturnType":{"Category":"Class","Name":"DebuggerVariable"},"Security":"RobloxScriptSecurity","ThreadSafety":"Unsafe"},{"MemberType":"Function","Name":"Pause","Parameters":[{"Name":"thread","Type":{"Category":"Class","Name":"ThreadState"}},{"Name":"status","Type":{"Category":"DataType","Name":"Function"}}],"ReturnType":{"Category":"Primitive","Name":"int"},"Security":"RobloxScriptSecurity","ThreadSafety":"Unsafe"},{"MemberType":"Function","Name":"Populate","Parameters":[{"Name":"instance","Type":{"Category":"Class","Name":"Instance"}},{"Name":"callback","Type":{"Category":"DataType","Name":"Function"}}],"ReturnType":{"Category":"Primitive","Name":"int"},"Security":"RobloxScriptSecurity","ThreadSafety":"Unsafe"},{"MemberType":"Function","Name":"RemoveBreakpoint","Parameters":[{"Name":"breakpoint","Type":{"Category":"Class","Name":"Breakpoint"}}],"ReturnType":{"Category":"Primitive","Name":"void"},"Security":"RobloxScriptSecurity","ThreadSafety":"Unsafe"},{"MemberType":"Function","Name":"Resume","Parameters":[{"Name":"thread","Type":{"Category":"Class","Name":"ThreadState"}},{"Name":"status","Type":{"Category":"DataType","Name":"Function"}}],"ReturnType":{"Category":"Primitive","Name":"int"},"Security":"RobloxScriptSecurity","ThreadSafety":"Unsafe"},{"MemberType":"Function","Name":"SetExceptionBreakMode","Parameters":[{"Name":"breakMode","Type":{"Category":"Enum","Name":"DebuggerExceptionBreakMode"}},{"Name":"callback","Type":{"Category":"DataType","Name":"Function"}}],"ReturnType":{"Category":"Primitive","Name":"int"},"Security":"RobloxScriptSecurity","ThreadSafety":"Unsafe"},{"MemberType":"Function","Name":"SetVariable","Parameters":[{"Name":"variable","Type":{"Category":"Class","Name":"DebuggerVariable"}},{"Name":"value","Type":{"Category":"Primitive","Name":"string"}},{"Name":"callback","Type":{"Category":"DataType","Name":"Function"}}],"ReturnType":{"Category":"Primitive","Name":"int"},"Security":"RobloxScriptSecurity","ThreadSafety":"Unsafe"},{"MemberType":"Function","Name":"Step","Parameters":[{"Name":"thread","Type":{"Category":"Class","Name":"ThreadState"}},{"Name":"callback","Type":{"Category":"DataType","Name":"Function"}}],"ReturnType":{"Category":"Primitive","Name":"int"},"Security":"RobloxScriptSecurity","ThreadSafety":"Unsafe"},{"MemberType":"Function","Name":"StepIn","Parameters":[{"Name":"thread","Type":{"Category":"Class","Name":"ThreadState"}},{"Name":"callback","Type":{"Category":"DataType","Name":"Function"}}],"ReturnType":{"Category":"Primitive","Name":"int"},"Security":"RobloxScriptSecurity","ThreadSafety":"Unsafe"},{"MemberType":"Function","Name":"StepOut","Parameters":[{"Name":"thread","Type":{"Category":"Class","Name":"ThreadState"}},{"Name":"callback","Type":{"Category":"DataType","Name":"Function"}}],"ReturnType":{"Category":"Primitive","Name":"int"},"Security":"RobloxScriptSecurity","ThreadSafety":"Unsafe"},{"MemberType":"Event","Name":"BreakpointAdded","Parameters":[{"Name":"breakpoint","Type":{"Category":"Class","Name":"Breakpoint"}}],"Security":"RobloxScriptSecurity","ThreadSafety":"Unsafe"},{"MemberType":"Event","Name":"BreakpointChanged","Parameters":[{"Name":"breakpoint","Type":{"Category":"Class","Name":"Breakpoint"}}],"Security":"RobloxScriptSecurity","ThreadSafety":"Unsafe"},{"MemberType":"Event","Name":"BreakpointRemoved","Parameters":[{"Name":"breakpoint","Type":{"Category":"Class","Name":"Breakpoint"}},{"Name":"reason","Type":{"Category":"Enum","Name":"BreakpointRemoveReason"}}],"Security":"RobloxScriptSecurity","ThreadSafety":"Unsafe"},{"MemberType":"Event","Name":"Paused","Parameters":[{"Name":"pausedState","Type":{"Category":"Class","Name":"PausedState"}},{"Name":"reason","Type":{"Category":"Enum","Name":"DebuggerPauseReason"}}],"Security":"RobloxScriptSecurity","ThreadSafety":"Unsafe"},{"MemberType":"Event","Name":"Resumed","Parameters":[{"Name":"pausedState","Type":{"Category":"Class","Name":"PausedState"}}],"Security":"RobloxScriptSecurity","ThreadSafety":"Unsafe"}],"MemoryCategory":"Instances","Name":"DebuggerConnection","Superclass":"Instance","Tags":["NotCreatable","NotReplicated"]},{"Members":[],"MemoryCategory":"Instances","Name":"LocalDebuggerConnection","Superclass":"DebuggerConnection","Tags":["NotCreatable","NotReplicated"]},{"Members":[{"Category":"Data","MemberType":"Property","Name":"Timeout","Security":{"Read":"RobloxScriptSecurity","Write":"RobloxScriptSecurity"},"Serialization":{"CanLoad":true,"CanSave":true},"Tags":["Hidden","NotReplicated"],"ThreadSafety":"ReadSafe","ValueType":{"Category":"Primitive","Name":"double"}},{"MemberType":"Function","Name":"ConnectLocal","Parameters":[{"Name":"dataModel","Type":{"Category":"Class","Name":"DataModel"}}],"ReturnType":{"Category":"Primitive","Name":"int"},"Security":"RobloxScriptSecurity","ThreadSafety":"Unsafe"},{"MemberType":"Function","Name":"ConnectRemote","Parameters":[{"Name":"host","Type":{"Category":"Primitive","Name":"string"}},{"Name":"port","Type":{"Category":"Primitive","Name":"int"}}],"ReturnType":{"Category":"Primitive","Name":"int"},"Security":"RobloxScriptSecurity","ThreadSafety":"Unsafe"},{"MemberType":"Function","Name":"FocusConnection","Parameters":[{"Name":"connection","Type":{"Category":"Class","Name":"DebuggerConnection"}}],"ReturnType":{"Category":"Primitive","Name":"void"},"Security":"RobloxScriptSecurity","ThreadSafety":"Unsafe"},{"MemberType":"Function","Name":"GetConnectionById","Parameters":[{"Name":"id","Type":{"Category":"Primitive","Name":"int"}}],"ReturnType":{"Category":"Class","Name":"DebuggerConnection"},"Security":"RobloxScriptSecurity","ThreadSafety":"Unsafe"},{"MemberType":"Event","Name":"ConnectionEnded","Parameters":[{"Name":"connection","Type":{"Category":"Class","Name":"DebuggerConnection"}},{"Name":"reason","Type":{"Category":"Enum","Name":"DebuggerEndReason"}}],"Security":"RobloxScriptSecurity","ThreadSafety":"Unsafe"},{"MemberType":"Event","Name":"ConnectionStarted","Parameters":[{"Name":"connection","Type":{"Category":"Class","Name":"DebuggerConnection"}}],"Security":"RobloxScriptSecurity","ThreadSafety":"Unsafe"},{"MemberType":"Event","Name":"FocusChanged","Parameters":[{"Name":"connection","Type":{"Category":"Class","Name":"DebuggerConnection"}}],"Security":"RobloxScriptSecurity","ThreadSafety":"Unsafe"}],"MemoryCategory":"Instances","Name":"DebuggerConnectionManager","Superclass":"Instance","Tags":["NotCreatable","Service","NotReplicated"]},{"Members":[{"Category":"State","MemberType":"Property","Name":"IsError","Security":{"Read":"RobloxScriptSecurity","Write":"RobloxScriptSecurity"},"Serialization":{"CanLoad":false,"CanSave":false},"Tags":["Hidden","ReadOnly","NotReplicated"],"ThreadSafety":"ReadSafe","ValueType":{"Category":"Primitive","Name":"bool"}},{"Category":"State","MemberType":"Property","Name":"IsSuccess","Security":{"Read":"RobloxScriptSecurity","Write":"RobloxScriptSecurity"},"Serialization":{"CanLoad":false,"CanSave":false},"Tags":["Hidden","ReadOnly","NotReplicated"],"ThreadSafety":"ReadSafe","ValueType":{"Category":"Primitive","Name":"bool"}},{"Category":"Data","MemberType":"Property","Name":"Message","Security":{"Read":"RobloxScriptSecurity","Write":"RobloxScriptSecurity"},"Serialization":{"CanLoad":false,"CanSave":false},"Tags":["Hidden","ReadOnly","NotReplicated"],"ThreadSafety":"ReadSafe","ValueType":{"Category":"Primitive","Name":"string"}},{"Category":"Data","MemberType":"Property","Name":"RequestId","Security":{"Read":"RobloxScriptSecurity","Write":"RobloxScriptSecurity"},"Serialization":{"CanLoad":false,"CanSave":false},"Tags":["Hidden","ReadOnly","NotReplicated"],"ThreadSafety":"ReadSafe","ValueType":{"Category":"Primitive","Name":"int"}},{"Category":"State","MemberType":"Property","Name":"Status","Security":{"Read":"RobloxScriptSecurity","Write":"RobloxScriptSecurity"},"Serialization":{"CanLoad":false,"CanSave":false},"Tags":["Hidden","ReadOnly","NotReplicated"],"ThreadSafety":"ReadSafe","ValueType":{"Category":"Enum","Name":"DebuggerStatus"}},{"MemberType":"Function","Name":"GetArg","Parameters":[],"ReturnType":{"Category":"Group","Name":"Variant"},"Security":"RobloxScriptSecurity","ThreadSafety":"Unsafe"}],"MemoryCategory":"Instances","Name":"DebuggerLuaResponse","Superclass":"Instance","Tags":["NotCreatable","NotReplicated"]},{"Members":[{"Category":"Data","MemberType":"Property","Name":"DebuggingEnabled","Security":{"Read":"None","Write":"None"},"Serialization":{"CanLoad":false,"CanSave":true},"Tags":["ReadOnly","NotReplicated"],"ThreadSafety":"ReadSafe","ValueType":{"Category":"Primitive","Name":"bool"}},{"MemberType":"Function","Name":"AddDebugger","Parameters":[{"Name":"script","Type":{"Category":"Class","Name":"Instance"}}],"ReturnType":{"Category":"Class","Name":"Instance"},"Security":"None","ThreadSafety":"Unsafe"},{"MemberType":"Function","Name":"EnableDebugging","Parameters":[],"ReturnType":{"Category":"Primitive","Name":"void"},"Security":"LocalUserSecurity","ThreadSafety":"Unsafe"},{"MemberType":"Function","Name":"GetDebuggers","Parameters":[],"ReturnType":{"Category":"DataType","Name":"Objects"},"Security":"None","ThreadSafety":"Unsafe"},{"MemberType":"Function","Name":"Resume","Parameters":[],"ReturnType":{"Category":"Primitive","Name":"void"},"Security":"None","ThreadSafety":"Unsafe"},{"MemberType":"Function","Name":"StepIn","Parameters":[],"ReturnType":{"Category":"Primitive","Name":"void"},"Security":"None","ThreadSafety":"Unsafe"},{"MemberType":"Function","Name":"StepOut","Parameters":[],"ReturnType":{"Category":"Primitive","Name":"void"},"Security":"None","ThreadSafety":"Unsafe"},{"MemberType":"Function","Name":"StepOver","Parameters":[],"ReturnType":{"Category":"Primitive","Name":"void"},"Security":"None","ThreadSafety":"Unsafe"},{"MemberType":"Event","Name":"DebuggerAdded","Parameters":[{"Name":"debugger","Type":{"Category":"Class","Name":"Instance"}}],"Security":"None","ThreadSafety":"Unsafe"},{"MemberType":"Event","Name":"DebuggerRemoved","Parameters":[{"Name":"debugger","Type":{"Category":"Class","Name":"Instance"}}],"Security":"None","ThreadSafety":"Unsafe"}],"MemoryCategory":"Instances","Name":"DebuggerManager","Superclass":"Instance","Tags":["NotCreatable","Service","NotReplicated"]},{"Members":[{"MemberType":"Function","Name":"EditBreakpoint","Parameters":[{"Name":"metaBreakpointId","Type":{"Category":"Primitive","Name":"int"}}],"ReturnType":{"Category":"Primitive","Name":"void"},"Security":"RobloxScriptSecurity","ThreadSafety":"Unsafe"},{"MemberType":"Function","Name":"EditWatch","Parameters":[{"Name":"expression","Type":{"Category":"Primitive","Name":"string"}}],"ReturnType":{"Category":"Primitive","Name":"void"},"Security":"RobloxScriptSecurity","ThreadSafety":"Unsafe"},{"MemberType":"Function","Name":"IsConnectionForPlayDataModel","Parameters":[{"Name":"debuggerConnectionId","Type":{"Category":"Primitive","Name":"int"}}],"ReturnType":{"Category":"Primitive","Name":"bool"},"Security":"RobloxScriptSecurity","ThreadSafety":"Unsafe"},{"MemberType":"Function","Name":"OpenScriptAtLine","Parameters":[{"Name":"guid","Type":{"Category":"Primitive","Name":"string"}},{"Name":"debuggerConnectionId","Type":{"Category":"Primitive","Name":"int"}},{"Name":"line","Type":{"Category":"Primitive","Name":"int"}}],"ReturnType":{"Category":"Primitive","Name":"void"},"Security":"RobloxScriptSecurity","ThreadSafety":"Unsafe"},{"MemberType":"Function","Name":"Pause","Parameters":[],"ReturnType":{"Category":"Primitive","Name":"void"},"Security":"RobloxScriptSecurity","ThreadSafety":"Unsafe"},{"MemberType":"Function","Name":"RemoveScriptLineMarkers","Parameters":[{"Name":"debuggerConnectionId","Type":{"Category":"Primitive","Name":"int"}},{"Name":"allMarkers","Type":{"Category":"Primitive","Name":"bool"}}],"ReturnType":{"Category":"Primitive","Name":"void"},"Security":"RobloxScriptSecurity","ThreadSafety":"Unsafe"},{"MemberType":"Function","Name":"Resume","Parameters":[],"ReturnType":{"Category":"Primitive","Name":"void"},"Security":"RobloxScriptSecurity","ThreadSafety":"Unsafe"},{"MemberType":"Function","Name":"SetCurrentThreadId","Parameters":[{"Name":"debuggerThreadId","Type":{"Category":"Primitive","Name":"int"}}],"ReturnType":{"Category":"Primitive","Name":"void"},"Security":"RobloxScriptSecurity","ThreadSafety":"Unsafe"},{"MemberType":"Function","Name":"SetScriptLineMarker","Parameters":[{"Name":"guid","Type":{"Category":"Primitive","Name":"string"}},{"Name":"debuggerConnectionId","Type":{"Category":"Primitive","Name":"int"}},{"Name":"line","Type":{"Category":"Primitive","Name":"int"}},{"Name":"lineMarkerType","Type":{"Category":"Primitive","Name":"bool"}}],"ReturnType":{"Category":"Primitive","Name":"void"},"Security":"RobloxScriptSecurity","ThreadSafety":"Unsafe"}],"MemoryCategory":"Instances","Name":"DebuggerUIService","Superclass":"Instance","Tags":["NotCreatable","Service","NotReplicated"]},{"Members":[{"Category":"Data","MemberType":"Property","Name":"Name","Security":{"Read":"RobloxScriptSecurity","Write":"RobloxScriptSecurity"},"Serialization":{"CanLoad":false,"CanSave":false},"Tags":["Hidden","ReadOnly","NotReplicated"],"ThreadSafety":"ReadSafe","ValueType":{"Category":"Primitive","Name":"string"}},{"Category":"State","MemberType":"Property","Name":"Populated","Security":{"Read":"RobloxScriptSecurity","Write":"RobloxScriptSecurity"},"Serialization":{"CanLoad":false,"CanSave":false},"Tags":["Hidden","ReadOnly","NotReplicated"],"ThreadSafety":"ReadSafe","ValueType":{"Category":"Primitive","Name":"bool"}},{"Category":"Data","MemberType":"Property","Name":"Type","Security":{"Read":"RobloxScriptSecurity","Write":"RobloxScriptSecurity"},"Serialization":{"CanLoad":false,"CanSave":false},"Tags":["Hidden","ReadOnly","NotReplicated"],"ThreadSafety":"ReadSafe","ValueType":{"Category":"Primitive","Name":"string"}},{"Category":"Data","MemberType":"Property","Name":"Value","Security":{"Read":"RobloxScriptSecurity","Write":"RobloxScriptSecurity"},"Serialization":{"CanLoad":false,"CanSave":false},"Tags":["Hidden","ReadOnly","NotReplicated"],"ThreadSafety":"ReadSafe","ValueType":{"Category":"Primitive","Name":"string"}},{"Category":"Data","MemberType":"Property","Name":"VariableId","Security":{"Read":"RobloxScriptSecurity","Write":"RobloxScriptSecurity"},"Serialization":{"CanLoad":false,"CanSave":false},"Tags":["Hidden","ReadOnly","NotReplicated"],"ThreadSafety":"ReadSafe","ValueType":{"Category":"Primitive","Name":"int"}},{"Category":"Data","MemberType":"Property","Name":"VariablesCount","Security":{"Read":"RobloxScriptSecurity","Write":"RobloxScriptSecurity"},"Serialization":{"CanLoad":false,"CanSave":false},"Tags":["Hidden","ReadOnly","NotReplicated"],"ThreadSafety":"ReadSafe","ValueType":{"Category":"Primitive","Name":"int"}},{"MemberType":"Function","Name":"GetVariableByIndex","Parameters":[{"Name":"index","Type":{"Category":"Primitive","Name":"int"}}],"ReturnType":{"Category":"Class","Name":"DebuggerVariable"},"Security":"RobloxScriptSecurity","ThreadSafety":"Unsafe"},{"MemberType":"Function","Name":"GetVariableByName","Parameters":[{"Name":"name","Type":{"Category":"Primitive","Name":"string"}}],"ReturnType":{"Category":"Class","Name":"DebuggerVariable"},"Security":"RobloxScriptSecurity","ThreadSafety":"Unsafe"}],"MemoryCategory":"Instances","Name":"DebuggerVariable","Superclass":"Instance","Tags":["NotCreatable","NotReplicated"]},{"Members":[{"Category":"Data","MemberType":"Property","Name":"Expression","Security":{"Read":"None","Write":"None"},"Serialization":{"CanLoad":true,"CanSave":true},"ThreadSafety":"ReadSafe","ValueType":{"Category":"Primitive","Name":"string"}}],"MemoryCategory":"Instances","Name":"DebuggerWatch","Superclass":"Instance"},{"Members":[{"Category":"Data","MemberType":"Property","Name":"BehaviorType","Security":{"Read":"None","Write":"None"},"Serialization":{"CanLoad":true,"CanSave":true},"ThreadSafety":"ReadSafe","ValueType":{"Category":"Enum","Name":"DialogBehaviorType"}},{"Category":"Data","MemberType":"Property","Name":"ConversationDistance","Security":{"Read":"None","Write":"None"},"Serialization":{"CanLoad":true,"CanSave":true},"ThreadSafety":"ReadSafe","ValueType":{"Category":"Primitive","Name":"float"}},{"Category":"Data","MemberType":"Property","Name":"GoodbyeChoiceActive","Security":{"Read":"None","Write":"None"},"Serialization":{"CanLoad":true,"CanSave":true},"ThreadSafety":"ReadSafe","ValueType":{"Category":"Primitive","Name":"bool"}},{"Category":"Data","MemberType":"Property","Name":"GoodbyeDialog","Security":{"Read":"None","Write":"None"},"Serialization":{"CanLoad":true,"CanSave":true},"ThreadSafety":"ReadSafe","ValueType":{"Category":"Primitive","Name":"string"}},{"Category":"Data","MemberType":"Property","Name":"InUse","Security":{"Read":"None","Write":"None"},"Serialization":{"CanLoad":false,"CanSave":false},"ThreadSafety":"ReadSafe","ValueType":{"Category":"Primitive","Name":"bool"}},{"Category":"Data","MemberType":"Property","Name":"InitialPrompt","Security":{"Read":"None","Write":"None"},"Serialization":{"CanLoad":true,"CanSave":true},"ThreadSafety":"ReadSafe","ValueType":{"Category":"Primitive","Name":"string"}},{"Category":"Data","MemberType":"Property","Name":"Purpose","Security":{"Read":"None","Write":"None"},"Serialization":{"CanLoad":true,"CanSave":true},"ThreadSafety":"ReadSafe","ValueType":{"Category":"Enum","Name":"DialogPurpose"}},{"Category":"Data","MemberType":"Property","Name":"Tone","Security":{"Read":"None","Write":"None"},"Serialization":{"CanLoad":true,"CanSave":true},"ThreadSafety":"ReadSafe","ValueType":{"Category":"Enum","Name":"DialogTone"}},{"Category":"Data","MemberType":"Property","Name":"TriggerDistance","Security":{"Read":"None","Write":"None"},"Serialization":{"CanLoad":true,"CanSave":true},"ThreadSafety":"ReadSafe","ValueType":{"Category":"Primitive","Name":"float"}},{"Category":"Data","MemberType":"Property","Name":"TriggerOffset","Security":{"Read":"None","Write":"None"},"Serialization":{"CanLoad":true,"CanSave":true},"ThreadSafety":"ReadSafe","ValueType":{"Category":"DataType","Name":"Vector3"}},{"MemberType":"Function","Name":"GetCurrentPlayers","Parameters":[],"ReturnType":{"Category":"DataType","Name":"Objects"},"Security":"None","ThreadSafety":"Unsafe"},{"MemberType":"Function","Name":"SetPlayerIsUsing","Parameters":[{"Name":"player","Type":{"Category":"Class","Name":"Instance"}},{"Name":"isUsing","Type":{"Category":"Primitive","Name":"bool"}}],"ReturnType":{"Category":"Primitive","Name":"void"},"Security":"RobloxScriptSecurity","ThreadSafety":"Unsafe"},{"MemberType":"Function","Name":"SignalDialogChoiceSelected","Parameters":[{"Name":"player","Type":{"Category":"Class","Name":"Instance"}},{"Name":"dialogChoice","Type":{"Category":"Class","Name":"Instance"}}],"ReturnType":{"Category":"Primitive","Name":"void"},"Security":"RobloxScriptSecurity","ThreadSafety":"Unsafe"},{"MemberType":"Event","Name":"DialogChoiceSelected","Parameters":[{"Name":"player","Type":{"Category":"Class","Name":"Instance"}},{"Name":"dialogChoice","Type":{"Category":"Class","Name":"Instance"}}],"Security":"None","ThreadSafety":"Unsafe"}],"MemoryCategory":"Instances","Name":"Dialog","Superclass":"Instance"},{"Members":[{"Category":"Data","MemberType":"Property","Name":"GoodbyeChoiceActive","Security":{"Read":"None","Write":"None"},"Serialization":{"CanLoad":true,"CanSave":true},"ThreadSafety":"ReadSafe","ValueType":{"Category":"Primitive","Name":"bool"}},{"Category":"Data","MemberType":"Property","Name":"GoodbyeDialog","Security":{"Read":"None","Write":"None"},"Serialization":{"CanLoad":true,"CanSave":true},"ThreadSafety":"ReadSafe","ValueType":{"Category":"Primitive","Name":"string"}},{"Category":"Data","MemberType":"Property","Name":"ResponseDialog","Security":{"Read":"None","Write":"None"},"Serialization":{"CanLoad":true,"CanSave":true},"ThreadSafety":"ReadSafe","ValueType":{"Category":"Primitive","Name":"string"}},{"Category":"Data","MemberType":"Property","Name":"UserDialog","Security":{"Read":"None","Write":"None"},"Serialization":{"CanLoad":true,"CanSave":true},"ThreadSafety":"ReadSafe","ValueType":{"Category":"Primitive","Name":"string"}}],"MemoryCategory":"Instances","Name":"DialogChoice","Superclass":"Instance"},{"Members":[{"MemberType":"Function","Name":"DiscardEdits","Parameters":[{"Name":"scripts","Type":{"Category":"DataType","Name":"Objects"}}],"ReturnType":{"Category":"Primitive","Name":"void"},"Security":"RobloxScriptSecurity","ThreadSafety":"Unsafe"},{"MemberType":"Function","Name":"GetDraftStatus","Parameters":[{"Name":"script","Type":{"Category":"Class","Name":"Instance"}}],"ReturnType":{"Category":"Enum","Name":"DraftStatusCode"},"Security":"RobloxScriptSecurity","ThreadSafety":"Unsafe"},{"MemberType":"Function","Name":"GetEditors","Parameters":[{"Name":"script","Type":{"Category":"Class","Name":"Instance"}}],"ReturnType":{"Category":"DataType","Name":"Objects"},"Security":"RobloxScriptSecurity","ThreadSafety":"Unsafe"},{"MemberType":"Function","Name":"RestoreScripts","Parameters":[{"Name":"scripts","Type":{"Category":"DataType","Name":"Objects"}}],"ReturnType":{"Category":"Primitive","Name":"void"},"Security":"RobloxScriptSecurity","ThreadSafety":"Unsafe"},{"MemberType":"Function","Name":"ShowDiffsAgainstBase","Parameters":[{"Name":"scripts","Type":{"Category":"DataType","Name":"Objects"}}],"ReturnType":{"Category":"Primitive","Name":"void"},"Security":"RobloxScriptSecurity","ThreadSafety":"Unsafe"},{"MemberType":"Function","Name":"ShowDiffsAgainstServer","Parameters":[{"Name":"scripts","Type":{"Category":"DataType","Name":"Objects"}}],"ReturnType":{"Category":"Primitive","Name":"void"},"Security":"RobloxScriptSecurity","ThreadSafety":"Unsafe"},{"MemberType":"Function","Name":"CommitEdits","Parameters":[{"Name":"scripts","Type":{"Category":"DataType","Name":"Objects"}}],"ReturnType":{"Category":"Primitive","Name":"void"},"Security":"RobloxScriptSecurity","Tags":["Yields"],"ThreadSafety":"Unsafe"},{"MemberType":"Function","Name":"GetDrafts","Parameters":[],"ReturnType":{"Category":"DataType","Name":"Objects"},"Security":"RobloxScriptSecurity","Tags":["Yields"],"ThreadSafety":"Unsafe"},{"MemberType":"Function","Name":"UpdateToLatestVersion","Parameters":[{"Name":"scripts","Type":{"Category":"DataType","Name":"Objects"}}],"ReturnType":{"Category":"Primitive","Name":"void"},"Security":"RobloxScriptSecurity","Tags":["Yields"],"ThreadSafety":"Unsafe"},{"MemberType":"Event","Name":"CommitStatusChanged","Parameters":[{"Name":"script","Type":{"Category":"Class","Name":"Instance"}},{"Name":"status","Type":{"Category":"Enum","Name":"DraftStatusCode"}}],"Security":"RobloxScriptSecurity","ThreadSafety":"Unsafe"},{"MemberType":"Event","Name":"DraftAdded","Parameters":[{"Name":"script","Type":{"Category":"Class","Name":"Instance"}}],"Security":"RobloxScriptSecurity","ThreadSafety":"Unsafe"},{"MemberType":"Event","Name":"DraftRemoved","Parameters":[{"Name":"script","Type":{"Category":"Class","Name":"Instance"}}],"Security":"RobloxScriptSecurity","ThreadSafety":"Unsafe"},{"MemberType":"Event","Name":"DraftStatusChanged","Parameters":[{"Name":"script","Type":{"Category":"Class","Name":"Instance"}}],"Security":"RobloxScriptSecurity","ThreadSafety":"Unsafe"},{"MemberType":"Event","Name":"EditorsListChanged","Parameters":[{"Name":"script","Type":{"Category":"Class","Name":"Instance"}}],"Security":"RobloxScriptSecurity","ThreadSafety":"Unsafe"},{"MemberType":"Event","Name":"UpdateStatusChanged","Parameters":[{"Name":"script","Type":{"Category":"Class","Name":"Instance"}},{"Name":"status","Type":{"Category":"Enum","Name":"DraftStatusCode"}}],"Security":"RobloxScriptSecurity","ThreadSafety":"Unsafe"}],"MemoryCategory":"Instances","Name":"DraftsService","Superclass":"Instance","Tags":["NotCreatable","Service","NotReplicated"]},{"Members":[{"MemberType":"Function","Name":"AxisRotate","Parameters":[{"Default":"X","Name":"axis","Type":{"Category":"Enum","Name":"Axis"}}],"ReturnType":{"Category":"Primitive","Name":"void"},"Security":"None","ThreadSafety":"Unsafe"},{"MemberType":"Function","Name":"MouseDown","Parameters":[{"Name":"mousePart","Type":{"Category":"Class","Name":"Instance"}},{"Name":"pointOnMousePart","Type":{"Category":"DataType","Name":"Vector3"}},{"Name":"parts","Type":{"Category":"DataType","Name":"Objects"}}],"ReturnType":{"Category":"Primitive","Name":"void"},"Security":"None","ThreadSafety":"Unsafe"},{"MemberType":"Function","Name":"MouseMove","Parameters":[{"Name":"mouseRay","Type":{"Category":"DataType","Name":"Ray"}}],"ReturnType":{"Category":"Primitive","Name":"void"},"Security":"None","ThreadSafety":"Unsafe"},{"MemberType":"Function","Name":"MouseUp","Parameters":[],"ReturnType":{"Category":"Primitive","Name":"void"},"Security":"None","ThreadSafety":"Unsafe"}],"MemoryCategory":"Instances","Name":"Dragger","Superclass":"Instance"},{"Members":[{"Category":"Data","MemberType":"Property","Name":"AlignDraggedObjects","Security":{"Read":"None","Write":"None"},"Serialization":{"CanLoad":false,"CanSave":false},"Tags":["ReadOnly","NotReplicated"],"ThreadSafety":"ReadSafe","ValueType":{"Category":"Primitive","Name":"bool"}},{"Category":"Data","MemberType":"Property","Name":"AngleSnapEnabled","Security":{"Read":"None","Write":"None"},"Serialization":{"CanLoad":false,"CanSave":false},"Tags":["ReadOnly","NotReplicated"],"ThreadSafety":"ReadSafe","ValueType":{"Category":"Primitive","Name":"bool"}},{"Category":"Data","MemberType":"Property","Name":"AngleSnapIncrement","Security":{"Read":"None","Write":"None"},"Serialization":{"CanLoad":false,"CanSave":false},"Tags":["ReadOnly","NotReplicated"],"ThreadSafety":"ReadSafe","ValueType":{"Category":"Primitive","Name":"float"}},{"Category":"Data","MemberType":"Property","Name":"AnimateHover","Security":{"Read":"None","Write":"None"},"Serialization":{"CanLoad":false,"CanSave":false},"Tags":["ReadOnly","NotReplicated"],"ThreadSafety":"ReadSafe","ValueType":{"Category":"Primitive","Name":"bool"}},{"Category":"Data","MemberType":"Property","Name":"CollisionsEnabled","Security":{"Read":"None","Write":"None"},"Serialization":{"CanLoad":false,"CanSave":false},"Tags":["ReadOnly","NotReplicated"],"ThreadSafety":"ReadSafe","ValueType":{"Category":"Primitive","Name":"bool"}},{"Category":"Data","MemberType":"Property","Name":"DraggerCoordinateSpace","Security":{"Read":"None","Write":"None"},"Serialization":{"CanLoad":false,"CanSave":false},"Tags":["ReadOnly","NotReplicated"],"ThreadSafety":"ReadSafe","ValueType":{"Category":"Enum","Name":"DraggerCoordinateSpace"}},{"Category":"Data","MemberType":"Property","Name":"DraggerMovementMode","Security":{"Read":"None","Write":"None"},"Serialization":{"CanLoad":false,"CanSave":false},"Tags":["ReadOnly","NotReplicated"],"ThreadSafety":"ReadSafe","ValueType":{"Category":"Enum","Name":"DraggerMovementMode"}},{"Category":"Data","MemberType":"Property","Name":"GeometrySnapColor","Security":{"Read":"None","Write":"None"},"Serialization":{"CanLoad":false,"CanSave":false},"Tags":["ReadOnly","NotReplicated"],"ThreadSafety":"ReadSafe","ValueType":{"Category":"DataType","Name":"Color3"}},{"Category":"Data","MemberType":"Property","Name":"HoverAnimateFrequency","Security":{"Read":"None","Write":"None"},"Serialization":{"CanLoad":false,"CanSave":false},"Tags":["ReadOnly","NotReplicated"],"ThreadSafety":"ReadSafe","ValueType":{"Category":"Primitive","Name":"float"}},{"Category":"Data","MemberType":"Property","Name":"HoverThickness","Security":{"Read":"None","Write":"None"},"Serialization":{"CanLoad":false,"CanSave":false},"Tags":["ReadOnly","NotReplicated"],"ThreadSafety":"ReadSafe","ValueType":{"Category":"Primitive","Name":"float"}},{"Category":"Data","MemberType":"Property","Name":"JointsEnabled","Security":{"Read":"None","Write":"None"},"Serialization":{"CanLoad":false,"CanSave":false},"Tags":["ReadOnly","NotReplicated"],"ThreadSafety":"ReadSafe","ValueType":{"Category":"Primitive","Name":"bool"}},{"Category":"Data","MemberType":"Property","Name":"LinearSnapEnabled","Security":{"Read":"None","Write":"None"},"Serialization":{"CanLoad":false,"CanSave":false},"Tags":["ReadOnly","NotReplicated"],"ThreadSafety":"ReadSafe","ValueType":{"Category":"Primitive","Name":"bool"}},{"Category":"Data","MemberType":"Property","Name":"LinearSnapIncrement","Security":{"Read":"None","Write":"None"},"Serialization":{"CanLoad":false,"CanSave":false},"Tags":["ReadOnly","NotReplicated"],"ThreadSafety":"ReadSafe","ValueType":{"Category":"Primitive","Name":"float"}},{"Category":"Data","MemberType":"Property","Name":"PivotSnapToGeometry","Security":{"Read":"RobloxScriptSecurity","Write":"RobloxScriptSecurity"},"Serialization":{"CanLoad":false,"CanSave":false},"Tags":["ReadOnly","NotReplicated"],"ThreadSafety":"ReadSafe","ValueType":{"Category":"Primitive","Name":"bool"}},{"Category":"Data","MemberType":"Property","Name":"ShowHover","Security":{"Read":"None","Write":"None"},"Serialization":{"CanLoad":false,"CanSave":false},"Tags":["ReadOnly","NotReplicated"],"ThreadSafety":"ReadSafe","ValueType":{"Category":"Primitive","Name":"bool"}},{"Category":"Data","MemberType":"Property","Name":"ShowPivotIndicator","Security":{"Read":"None","Write":"None"},"Serialization":{"CanLoad":false,"CanSave":false},"Tags":["NotReplicated"],"ThreadSafety":"ReadSafe","ValueType":{"Category":"Primitive","Name":"bool"}}],"MemoryCategory":"Instances","Name":"DraggerService","Superclass":"Instance","Tags":["NotCreatable","Service","NotReplicated"]},{"Members":[{"Category":"Data","MemberType":"Property","Name":"RotationOrder","Security":{"Read":"None","Write":"None"},"Serialization":{"CanLoad":true,"CanSave":true},"ThreadSafety":"ReadSafe","ValueType":{"Category":"Enum","Name":"RotationOrder"}},{"MemberType":"Function","Name":"GetAnglesAtTime","Parameters":[{"Name":"time","Type":{"Category":"Primitive","Name":"float"}}],"ReturnType":{"Category":"Group","Name":"Array"},"Security":"None","ThreadSafety":"Unsafe"},{"MemberType":"Function","Name":"GetRotationAtTime","Parameters":[{"Name":"time","Type":{"Category":"Primitive","Name":"float"}}],"ReturnType":{"Category":"DataType","Name":"CFrame"},"Security":"None","ThreadSafety":"Unsafe"},{"MemberType":"Function","Name":"X","Parameters":[],"ReturnType":{"Category":"Class","Name":"FloatCurve"},"Security":"None","ThreadSafety":"Unsafe"},{"MemberType":"Function","Name":"Y","Parameters":[],"ReturnType":{"Category":"Class","Name":"FloatCurve"},"Security":"None","ThreadSafety":"Unsafe"},{"MemberType":"Function","Name":"Z","Parameters":[],"ReturnType":{"Category":"Class","Name":"FloatCurve"},"Security":"None","ThreadSafety":"Unsafe"}],"MemoryCategory":"Instances","Name":"EulerRotationCurve","Superclass":"Instance"},{"Members":[{"MemberType":"Function","Name":"SendEventDeferred","Parameters":[{"Name":"target","Type":{"Category":"Primitive","Name":"string"}},{"Name":"eventContext","Type":{"Category":"Primitive","Name":"string"}},{"Name":"eventName","Type":{"Category":"Primitive","Name":"string"}},{"Name":"additionalArgs","Type":{"Category":"Group","Name":"Dictionary"}}],"ReturnType":{"Category":"Primitive","Name":"void"},"Security":"RobloxScriptSecurity","ThreadSafety":"Unsafe"},{"MemberType":"Function","Name":"SendEventImmediately","Parameters":[{"Name":"target","Type":{"Category":"Primitive","Name":"string"}},{"Name":"eventContext","Type":{"Category":"Primitive","Name":"string"}},{"Name":"eventName","Type":{"Category":"Primitive","Name":"string"}},{"Name":"additionalArgs","Type":{"Category":"Group","Name":"Dictionary"}}],"ReturnType":{"Category":"Primitive","Name":"void"},"Security":"RobloxScriptSecurity","ThreadSafety":"Unsafe"},{"MemberType":"Function","Name":"SetRBXEvent","Parameters":[{"Name":"target","Type":{"Category":"Primitive","Name":"string"}},{"Name":"eventContext","Type":{"Category":"Primitive","Name":"string"}},{"Name":"eventName","Type":{"Category":"Primitive","Name":"string"}},{"Name":"additionalArgs","Type":{"Category":"Group","Name":"Dictionary"}}],"ReturnType":{"Category":"Primitive","Name":"void"},"Security":"RobloxScriptSecurity","ThreadSafety":"Unsafe"},{"MemberType":"Function","Name":"SetRBXEventStream","Parameters":[{"Name":"target","Type":{"Category":"Primitive","Name":"string"}},{"Name":"eventContext","Type":{"Category":"Primitive","Name":"string"}},{"Name":"eventName","Type":{"Category":"Primitive","Name":"string"}},{"Name":"additionalArgs","Type":{"Category":"Group","Name":"Dictionary"}}],"ReturnType":{"Category":"Primitive","Name":"void"},"Security":"RobloxScriptSecurity","ThreadSafety":"Unsafe"}],"MemoryCategory":"Instances","Name":"EventIngestService","Superclass":"Instance","Tags":["NotCreatable","Service"]},{"Members":[{"Category":"Data","MemberType":"Property","Name":"BlastPressure","Security":{"Read":"None","Write":"None"},"Serialization":{"CanLoad":true,"CanSave":true},"ThreadSafety":"ReadSafe","ValueType":{"Category":"Primitive","Name":"float"}},{"Category":"Data","MemberType":"Property","Name":"BlastRadius","Security":{"Read":"None","Write":"None"},"Serialization":{"CanLoad":true,"CanSave":true},"ThreadSafety":"ReadSafe","ValueType":{"Category":"Primitive","Name":"float"}},{"Category":"Data","MemberType":"Property","Name":"DestroyJointRadiusPercent","Security":{"Read":"None","Write":"None"},"Serialization":{"CanLoad":true,"CanSave":true},"ThreadSafety":"ReadSafe","ValueType":{"Category":"Primitive","Name":"float"}},{"Category":"Data","MemberType":"Property","Name":"ExplosionType","Security":{"Read":"None","Write":"None"},"Serialization":{"CanLoad":true,"CanSave":true},"ThreadSafety":"ReadSafe","ValueType":{"Category":"Enum","Name":"ExplosionType"}},{"Category":"Data","MemberType":"Property","Name":"Position","Security":{"Read":"None","Write":"None"},"Serialization":{"CanLoad":true,"CanSave":true},"ThreadSafety":"ReadSafe","ValueType":{"Category":"DataType","Name":"Vector3"}},{"Category":"Data","MemberType":"Property","Name":"TimeScale","Security":{"Read":"None","Write":"None"},"Serialization":{"CanLoad":true,"CanSave":true},"ThreadSafety":"ReadSafe","ValueType":{"Category":"Primitive","Name":"float"}},{"Category":"Data","MemberType":"Property","Name":"Visible","Security":{"Read":"None","Write":"None"},"Serialization":{"CanLoad":true,"CanSave":true},"ThreadSafety":"ReadSafe","ValueType":{"Category":"Primitive","Name":"bool"}},{"MemberType":"Event","Name":"Hit","Parameters":[{"Name":"part","Type":{"Category":"Class","Name":"BasePart"}},{"Name":"distance","Type":{"Category":"Primitive","Name":"float"}}],"Security":"None","ThreadSafety":"Unsafe"}],"MemoryCategory":"Instances","Name":"Explosion","Superclass":"Instance"},{"Members":[{"Category":"Control","MemberType":"Property","Name":"AudioAnimationEnabled","Security":{"Read":"RobloxScriptSecurity","Write":"RobloxScriptSecurity"},"Serialization":{"CanLoad":false,"CanSave":false},"Tags":["Hidden","NotReplicated"],"ThreadSafety":"ReadSafe","ValueType":{"Category":"Primitive","Name":"bool"}},{"Category":"Control","MemberType":"Property","Name":"FlipHeadOrientation","Security":{"Read":"RobloxScriptSecurity","Write":"RobloxScriptSecurity"},"Serialization":{"CanLoad":false,"CanSave":false},"Tags":["Hidden","NotReplicated"],"ThreadSafety":"ReadSafe","ValueType":{"Category":"Primitive","Name":"bool"}},{"Category":"Control","MemberType":"Property","Name":"VideoAnimationEnabled","Security":{"Read":"RobloxScriptSecurity","Write":"RobloxScriptSecurity"},"Serialization":{"CanLoad":false,"CanSave":false},"Tags":["Hidden","NotReplicated"],"ThreadSafety":"ReadSafe","ValueType":{"Category":"Primitive","Name":"bool"}}],"MemoryCategory":"Instances","Name":"FaceAnimatorService","Superclass":"Instance","Tags":["NotCreatable","Service","NotReplicated"]},{"Members":[{"Category":"Mouth","MemberType":"Property","Name":"ChinRaiser","Security":{"Read":"PluginSecurity","Write":"PluginSecurity"},"Serialization":{"CanLoad":false,"CanSave":false},"Tags":["NotReplicated"],"ThreadSafety":"ReadSafe","ValueType":{"Category":"Primitive","Name":"float"}},{"Category":"Mouth","MemberType":"Property","Name":"ChinRaiserUpperLip","Security":{"Read":"PluginSecurity","Write":"PluginSecurity"},"Serialization":{"CanLoad":false,"CanSave":false},"Tags":["NotReplicated"],"ThreadSafety":"ReadSafe","ValueType":{"Category":"Primitive","Name":"float"}},{"Category":"Brows","MemberType":"Property","Name":"Corrugator","Security":{"Read":"PluginSecurity","Write":"PluginSecurity"},"Serialization":{"CanLoad":false,"CanSave":false},"Tags":["NotReplicated"],"ThreadSafety":"ReadSafe","ValueType":{"Category":"Primitive","Name":"float"}},{"Category":"Eyes","MemberType":"Property","Name":"EyesLookDown","Security":{"Read":"PluginSecurity","Write":"PluginSecurity"},"Serialization":{"CanLoad":false,"CanSave":false},"Tags":["NotReplicated"],"ThreadSafety":"ReadSafe","ValueType":{"Category":"Primitive","Name":"float"}},{"Category":"Eyes","MemberType":"Property","Name":"EyesLookLeft","Security":{"Read":"PluginSecurity","Write":"PluginSecurity"},"Serialization":{"CanLoad":false,"CanSave":false},"Tags":["NotReplicated"],"ThreadSafety":"ReadSafe","ValueType":{"Category":"Primitive","Name":"float"}},{"Category":"Eyes","MemberType":"Property","Name":"EyesLookRight","Security":{"Read":"PluginSecurity","Write":"PluginSecurity"},"Serialization":{"CanLoad":false,"CanSave":false},"Tags":["NotReplicated"],"ThreadSafety":"ReadSafe","ValueType":{"Category":"Primitive","Name":"float"}},{"Category":"Eyes","MemberType":"Property","Name":"EyesLookUp","Security":{"Read":"PluginSecurity","Write":"PluginSecurity"},"Serialization":{"CanLoad":false,"CanSave":false},"Tags":["NotReplicated"],"ThreadSafety":"ReadSafe","ValueType":{"Category":"Primitive","Name":"float"}},{"Category":"Mouth","MemberType":"Property","Name":"FlatPucker","Security":{"Read":"PluginSecurity","Write":"PluginSecurity"},"Serialization":{"CanLoad":false,"CanSave":false},"Tags":["NotReplicated"],"ThreadSafety":"ReadSafe","ValueType":{"Category":"Primitive","Name":"float"}},{"Category":"Mouth","MemberType":"Property","Name":"Funneler","Security":{"Read":"PluginSecurity","Write":"PluginSecurity"},"Serialization":{"CanLoad":false,"CanSave":false},"Tags":["NotReplicated"],"ThreadSafety":"ReadSafe","ValueType":{"Category":"Primitive","Name":"float"}},{"Category":"Jaw","MemberType":"Property","Name":"JawDrop","Security":{"Read":"PluginSecurity","Write":"PluginSecurity"},"Serialization":{"CanLoad":false,"CanSave":false},"Tags":["NotReplicated"],"ThreadSafety":"ReadSafe","ValueType":{"Category":"Primitive","Name":"float"}},{"Category":"Jaw","MemberType":"Property","Name":"JawLeft","Security":{"Read":"PluginSecurity","Write":"PluginSecurity"},"Serialization":{"CanLoad":false,"CanSave":false},"Tags":["NotReplicated"],"ThreadSafety":"ReadSafe","ValueType":{"Category":"Primitive","Name":"float"}},{"Category":"Jaw","MemberType":"Property","Name":"JawRight","Security":{"Read":"PluginSecurity","Write":"PluginSecurity"},"Serialization":{"CanLoad":false,"CanSave":false},"Tags":["NotReplicated"],"ThreadSafety":"ReadSafe","ValueType":{"Category":"Primitive","Name":"float"}},{"Category":"Brows","MemberType":"Property","Name":"LeftBrowLowerer","Security":{"Read":"PluginSecurity","Write":"PluginSecurity"},"Serialization":{"CanLoad":false,"CanSave":false},"Tags":["NotReplicated"],"ThreadSafety":"ReadSafe","ValueType":{"Category":"Primitive","Name":"float"}},{"Category":"Mouth","MemberType":"Property","Name":"LeftCheekPuff","Security":{"Read":"PluginSecurity","Write":"PluginSecurity"},"Serialization":{"CanLoad":false,"CanSave":false},"Tags":["NotReplicated"],"ThreadSafety":"ReadSafe","ValueType":{"Category":"Primitive","Name":"float"}},{"Category":"Eyes","MemberType":"Property","Name":"LeftCheekRaiser","Security":{"Read":"PluginSecurity","Write":"PluginSecurity"},"Serialization":{"CanLoad":false,"CanSave":false},"Tags":["NotReplicated"],"ThreadSafety":"ReadSafe","ValueType":{"Category":"Primitive","Name":"float"}},{"Category":"Mouth","MemberType":"Property","Name":"LeftDimpler","Security":{"Read":"PluginSecurity","Write":"PluginSecurity"},"Serialization":{"CanLoad":false,"CanSave":false},"Tags":["NotReplicated"],"ThreadSafety":"ReadSafe","ValueType":{"Category":"Primitive","Name":"float"}},{"Category":"Eyes","MemberType":"Property","Name":"LeftEyeClosed","Security":{"Read":"PluginSecurity","Write":"PluginSecurity"},"Serialization":{"CanLoad":false,"CanSave":false},"Tags":["NotReplicated"],"ThreadSafety":"ReadSafe","ValueType":{"Category":"Primitive","Name":"float"}},{"Category":"Eyes","MemberType":"Property","Name":"LeftEyeUpperLidRaiser","Security":{"Read":"PluginSecurity","Write":"PluginSecurity"},"Serialization":{"CanLoad":false,"CanSave":false},"Tags":["NotReplicated"],"ThreadSafety":"ReadSafe","ValueType":{"Category":"Primitive","Name":"float"}},{"Category":"Brows","MemberType":"Property","Name":"LeftInnerBrowRaiser","Security":{"Read":"PluginSecurity","Write":"PluginSecurity"},"Serialization":{"CanLoad":false,"CanSave":false},"Tags":["NotReplicated"],"ThreadSafety":"ReadSafe","ValueType":{"Category":"Primitive","Name":"float"}},{"Category":"Mouth","MemberType":"Property","Name":"LeftLipCornerDown","Security":{"Read":"PluginSecurity","Write":"PluginSecurity"},"Serialization":{"CanLoad":false,"CanSave":false},"Tags":["NotReplicated"],"ThreadSafety":"ReadSafe","ValueType":{"Category":"Primitive","Name":"float"}},{"Category":"Mouth","MemberType":"Property","Name":"LeftLipCornerPuller","Security":{"Read":"PluginSecurity","Write":"PluginSecurity"},"Serialization":{"CanLoad":false,"CanSave":false},"Tags":["NotReplicated"],"ThreadSafety":"ReadSafe","ValueType":{"Category":"Primitive","Name":"float"}},{"Category":"Mouth","MemberType":"Property","Name":"LeftLipStretcher","Security":{"Read":"PluginSecurity","Write":"PluginSecurity"},"Serialization":{"CanLoad":false,"CanSave":false},"Tags":["NotReplicated"],"ThreadSafety":"ReadSafe","ValueType":{"Category":"Primitive","Name":"float"}},{"Category":"Mouth","MemberType":"Property","Name":"LeftLowerLipDepressor","Security":{"Read":"PluginSecurity","Write":"PluginSecurity"},"Serialization":{"CanLoad":false,"CanSave":false},"Tags":["NotReplicated"],"ThreadSafety":"ReadSafe","ValueType":{"Category":"Primitive","Name":"float"}},{"Category":"Brows","MemberType":"Property","Name":"LeftNoseWrinkler","Security":{"Read":"PluginSecurity","Write":"PluginSecurity"},"Serialization":{"CanLoad":false,"CanSave":false},"Tags":["NotReplicated"],"ThreadSafety":"ReadSafe","ValueType":{"Category":"Primitive","Name":"float"}},{"Category":"Brows","MemberType":"Property","Name":"LeftOuterBrowRaiser","Security":{"Read":"PluginSecurity","Write":"PluginSecurity"},"Serialization":{"CanLoad":false,"CanSave":false},"Tags":["NotReplicated"],"ThreadSafety":"ReadSafe","ValueType":{"Category":"Primitive","Name":"float"}},{"Category":"Mouth","MemberType":"Property","Name":"LeftUpperLipRaiser","Security":{"Read":"PluginSecurity","Write":"PluginSecurity"},"Serialization":{"CanLoad":false,"CanSave":false},"Tags":["NotReplicated"],"ThreadSafety":"ReadSafe","ValueType":{"Category":"Primitive","Name":"float"}},{"Category":"Mouth","MemberType":"Property","Name":"LipPresser","Security":{"Read":"PluginSecurity","Write":"PluginSecurity"},"Serialization":{"CanLoad":false,"CanSave":false},"Tags":["NotReplicated"],"ThreadSafety":"ReadSafe","ValueType":{"Category":"Primitive","Name":"float"}},{"Category":"Mouth","MemberType":"Property","Name":"LipsTogether","Security":{"Read":"PluginSecurity","Write":"PluginSecurity"},"Serialization":{"CanLoad":false,"CanSave":false},"Tags":["NotReplicated"],"ThreadSafety":"ReadSafe","ValueType":{"Category":"Primitive","Name":"float"}},{"Category":"Mouth","MemberType":"Property","Name":"LowerLipSuck","Security":{"Read":"PluginSecurity","Write":"PluginSecurity"},"Serialization":{"CanLoad":false,"CanSave":false},"Tags":["NotReplicated"],"ThreadSafety":"ReadSafe","ValueType":{"Category":"Primitive","Name":"float"}},{"Category":"Mouth","MemberType":"Property","Name":"MouthLeft","Security":{"Read":"PluginSecurity","Write":"PluginSecurity"},"Serialization":{"CanLoad":false,"CanSave":false},"Tags":["NotReplicated"],"ThreadSafety":"ReadSafe","ValueType":{"Category":"Primitive","Name":"float"}},{"Category":"Mouth","MemberType":"Property","Name":"MouthRight","Security":{"Read":"PluginSecurity","Write":"PluginSecurity"},"Serialization":{"CanLoad":false,"CanSave":false},"Tags":["NotReplicated"],"ThreadSafety":"ReadSafe","ValueType":{"Category":"Primitive","Name":"float"}},{"Category":"Mouth","MemberType":"Property","Name":"Pucker","Security":{"Read":"PluginSecurity","Write":"PluginSecurity"},"Serialization":{"CanLoad":false,"CanSave":false},"Tags":["NotReplicated"],"ThreadSafety":"ReadSafe","ValueType":{"Category":"Primitive","Name":"float"}},{"Category":"Brows","MemberType":"Property","Name":"RightBrowLowerer","Security":{"Read":"PluginSecurity","Write":"PluginSecurity"},"Serialization":{"CanLoad":false,"CanSave":false},"Tags":["NotReplicated"],"ThreadSafety":"ReadSafe","ValueType":{"Category":"Primitive","Name":"float"}},{"Category":"Mouth","MemberType":"Property","Name":"RightCheekPuff","Security":{"Read":"PluginSecurity","Write":"PluginSecurity"},"Serialization":{"CanLoad":false,"CanSave":false},"Tags":["NotReplicated"],"ThreadSafety":"ReadSafe","ValueType":{"Category":"Primitive","Name":"float"}},{"Category":"Eyes","MemberType":"Property","Name":"RightCheekRaiser","Security":{"Read":"PluginSecurity","Write":"PluginSecurity"},"Serialization":{"CanLoad":false,"CanSave":false},"Tags":["NotReplicated"],"ThreadSafety":"ReadSafe","ValueType":{"Category":"Primitive","Name":"float"}},{"Category":"Mouth","MemberType":"Property","Name":"RightDimpler","Security":{"Read":"PluginSecurity","Write":"PluginSecurity"},"Serialization":{"CanLoad":false,"CanSave":false},"Tags":["NotReplicated"],"ThreadSafety":"ReadSafe","ValueType":{"Category":"Primitive","Name":"float"}},{"Category":"Eyes","MemberType":"Property","Name":"RightEyeClosed","Security":{"Read":"PluginSecurity","Write":"PluginSecurity"},"Serialization":{"CanLoad":false,"CanSave":false},"Tags":["NotReplicated"],"ThreadSafety":"ReadSafe","ValueType":{"Category":"Primitive","Name":"float"}},{"Category":"Eyes","MemberType":"Property","Name":"RightEyeUpperLidRaiser","Security":{"Read":"PluginSecurity","Write":"PluginSecurity"},"Serialization":{"CanLoad":false,"CanSave":false},"Tags":["NotReplicated"],"ThreadSafety":"ReadSafe","ValueType":{"Category":"Primitive","Name":"float"}},{"Category":"Brows","MemberType":"Property","Name":"RightInnerBrowRaiser","Security":{"Read":"PluginSecurity","Write":"PluginSecurity"},"Serialization":{"CanLoad":false,"CanSave":false},"Tags":["NotReplicated"],"ThreadSafety":"ReadSafe","ValueType":{"Category":"Primitive","Name":"float"}},{"Category":"Mouth","MemberType":"Property","Name":"RightLipCornerDown","Security":{"Read":"PluginSecurity","Write":"PluginSecurity"},"Serialization":{"CanLoad":false,"CanSave":false},"Tags":["NotReplicated"],"ThreadSafety":"ReadSafe","ValueType":{"Category":"Primitive","Name":"float"}},{"Category":"Mouth","MemberType":"Property","Name":"RightLipCornerPuller","Security":{"Read":"PluginSecurity","Write":"PluginSecurity"},"Serialization":{"CanLoad":false,"CanSave":false},"Tags":["NotReplicated"],"ThreadSafety":"ReadSafe","ValueType":{"Category":"Primitive","Name":"float"}},{"Category":"Mouth","MemberType":"Property","Name":"RightLipStretcher","Security":{"Read":"PluginSecurity","Write":"PluginSecurity"},"Serialization":{"CanLoad":false,"CanSave":false},"Tags":["NotReplicated"],"ThreadSafety":"ReadSafe","ValueType":{"Category":"Primitive","Name":"float"}},{"Category":"Mouth","MemberType":"Property","Name":"RightLowerLipDepressor","Security":{"Read":"PluginSecurity","Write":"PluginSecurity"},"Serialization":{"CanLoad":false,"CanSave":false},"Tags":["NotReplicated"],"ThreadSafety":"ReadSafe","ValueType":{"Category":"Primitive","Name":"float"}},{"Category":"Brows","MemberType":"Property","Name":"RightNoseWrinkler","Security":{"Read":"PluginSecurity","Write":"PluginSecurity"},"Serialization":{"CanLoad":false,"CanSave":false},"Tags":["NotReplicated"],"ThreadSafety":"ReadSafe","ValueType":{"Category":"Primitive","Name":"float"}},{"Category":"Brows","MemberType":"Property","Name":"RightOuterBrowRaiser","Security":{"Read":"PluginSecurity","Write":"PluginSecurity"},"Serialization":{"CanLoad":false,"CanSave":false},"Tags":["NotReplicated"],"ThreadSafety":"ReadSafe","ValueType":{"Category":"Primitive","Name":"float"}},{"Category":"Mouth","MemberType":"Property","Name":"RightUpperLipRaiser","Security":{"Read":"PluginSecurity","Write":"PluginSecurity"},"Serialization":{"CanLoad":false,"CanSave":false},"Tags":["NotReplicated"],"ThreadSafety":"ReadSafe","ValueType":{"Category":"Primitive","Name":"float"}},{"Category":"Tongue","MemberType":"Property","Name":"TongueDown","Security":{"Read":"PluginSecurity","Write":"PluginSecurity"},"Serialization":{"CanLoad":false,"CanSave":false},"Tags":["NotReplicated"],"ThreadSafety":"ReadSafe","ValueType":{"Category":"Primitive","Name":"float"}},{"Category":"Tongue","MemberType":"Property","Name":"TongueOut","Security":{"Read":"PluginSecurity","Write":"PluginSecurity"},"Serialization":{"CanLoad":false,"CanSave":false},"Tags":["NotReplicated"],"ThreadSafety":"ReadSafe","ValueType":{"Category":"Primitive","Name":"float"}},{"Category":"Tongue","MemberType":"Property","Name":"TongueUp","Security":{"Read":"PluginSecurity","Write":"PluginSecurity"},"Serialization":{"CanLoad":false,"CanSave":false},"Tags":["NotReplicated"],"ThreadSafety":"ReadSafe","ValueType":{"Category":"Primitive","Name":"float"}},{"Category":"Mouth","MemberType":"Property","Name":"UpperLipSuck","Security":{"Read":"PluginSecurity","Write":"PluginSecurity"},"Serialization":{"CanLoad":false,"CanSave":false},"Tags":["NotReplicated"],"ThreadSafety":"ReadSafe","ValueType":{"Category":"Primitive","Name":"float"}}],"MemoryCategory":"Animation","Name":"FaceControls","Superclass":"Instance","Tags":["NotBrowsable"]},{"Members":[{"Category":"Data","MemberType":"Property","Name":"Face","Security":{"Read":"None","Write":"None"},"Serialization":{"CanLoad":true,"CanSave":true},"ThreadSafety":"ReadSafe","ValueType":{"Category":"Enum","Name":"NormalId"}}],"MemoryCategory":"Instances","Name":"FaceInstance","Superclass":"Instance","Tags":["NotCreatable","NotBrowsable"]},{"Members":[{"Category":"Appearance","MemberType":"Property","Name":"Color3","Security":{"Read":"None","Write":"None"},"Serialization":{"CanLoad":true,"CanSave":true},"ThreadSafety":"ReadSafe","ValueType":{"Category":"DataType","Name":"Color3"}},{"Category":"Appearance","MemberType":"Property","Name":"LocalTransparencyModifier","Security":{"Read":"None","Write":"None"},"Serialization":{"CanLoad":false,"CanSave":false},"Tags":["Hidden","NotReplicated"],"ThreadSafety":"ReadSafe","ValueType":{"Category":"Primitive","Name":"float"}},{"Category":"Appearance","MemberType":"Property","Name":"Shiny","Security":{"Read":"None","Write":"None"},"Serialization":{"CanLoad":true,"CanSave":false},"Tags":["NotReplicated","Deprecated"],"ThreadSafety":"ReadSafe","ValueType":{"Category":"Primitive","Name":"float"}},{"Category":"Appearance","MemberType":"Property","Name":"Specular","Security":{"Read":"None","Write":"None"},"Serialization":{"CanLoad":true,"CanSave":false},"Tags":["NotReplicated","Deprecated"],"ThreadSafety":"ReadSafe","ValueType":{"Category":"Primitive","Name":"float"}},{"Category":"Appearance","MemberType":"Property","Name":"Texture","Security":{"Read":"None","Write":"None"},"Serialization":{"CanLoad":true,"CanSave":true},"ThreadSafety":"ReadSafe","ValueType":{"Category":"DataType","Name":"Content"}},{"Category":"Appearance","MemberType":"Property","Name":"Transparency","Security":{"Read":"None","Write":"None"},"Serialization":{"CanLoad":true,"CanSave":true},"ThreadSafety":"ReadSafe","ValueType":{"Category":"Primitive","Name":"float"}},{"Category":"Appearance","MemberType":"Property","Name":"ZIndex","Security":{"Read":"None","Write":"None"},"Serialization":{"CanLoad":true,"CanSave":true},"ThreadSafety":"ReadSafe","ValueType":{"Category":"Primitive","Name":"int"}}],"MemoryCategory":"GraphicsTexture","Name":"Decal","Superclass":"FaceInstance"},{"Members":[{"Category":"Appearance","MemberType":"Property","Name":"OffsetStudsU","Security":{"Read":"None","Write":"None"},"Serialization":{"CanLoad":true,"CanSave":true},"ThreadSafety":"ReadSafe","ValueType":{"Category":"Primitive","Name":"float"}},{"Category":"Appearance","MemberType":"Property","Name":"OffsetStudsV","Security":{"Read":"None","Write":"None"},"Serialization":{"CanLoad":true,"CanSave":true},"ThreadSafety":"ReadSafe","ValueType":{"Category":"Primitive","Name":"float"}},{"Category":"Appearance","MemberType":"Property","Name":"StudsPerTileU","Security":{"Read":"None","Write":"None"},"Serialization":{"CanLoad":true,"CanSave":true},"ThreadSafety":"ReadSafe","ValueType":{"Category":"Primitive","Name":"float"}},{"Category":"Appearance","MemberType":"Property","Name":"StudsPerTileV","Security":{"Read":"None","Write":"None"},"Serialization":{"CanLoad":true,"CanSave":true},"ThreadSafety":"ReadSafe","ValueType":{"Category":"Primitive","Name":"float"}}],"MemoryCategory":"GraphicsTexture","Name":"Texture","Superclass":"Decal"},{"Members":[{"Category":"Data","MemberType":"Property","Name":"FaceId","Security":{"Read":"None","Write":"None"},"Serialization":{"CanLoad":true,"CanSave":true},"ThreadSafety":"ReadSafe","ValueType":{"Category":"Enum","Name":"NormalId"}},{"Category":"Data","MemberType":"Property","Name":"InOut","Security":{"Read":"None","Write":"None"},"Serialization":{"CanLoad":true,"CanSave":true},"ThreadSafety":"ReadSafe","ValueType":{"Category":"Enum","Name":"InOut"}},{"Category":"Data","MemberType":"Property","Name":"LeftRight","Security":{"Read":"None","Write":"None"},"Serialization":{"CanLoad":true,"CanSave":true},"ThreadSafety":"ReadSafe","ValueType":{"Category":"Enum","Name":"LeftRight"}},{"Category":"Data","MemberType":"Property","Name":"TopBottom","Security":{"Read":"None","Write":"None"},"Serialization":{"CanLoad":true,"CanSave":true},"ThreadSafety":"ReadSafe","ValueType":{"Category":"Enum","Name":"TopBottom"}}],"MemoryCategory":"Instances","Name":"Feature","Superclass":"Instance","Tags":["NotCreatable"]},{"Members":[],"MemoryCategory":"Instances","Name":"Hole","Superclass":"Feature","Tags":["Deprecated"]},{"Members":[],"MemoryCategory":"Instances","Name":"MotorFeature","Superclass":"Feature","Tags":["Deprecated"]},{"Members":[{"Category":"Data","MemberType":"Property","Name":"Size","Security":{"Read":"PluginSecurity","Write":"PluginSecurity"},"Serialization":{"CanLoad":false,"CanSave":false},"Tags":["Hidden","ReadOnly","NotReplicated"],"ThreadSafety":"ReadSafe","ValueType":{"Category":"Primitive","Name":"int64"}},{"MemberType":"Function","Name":"GetBinaryContents","Parameters":[],"ReturnType":{"Category":"Primitive","Name":"string"},"Security":"PluginSecurity","ThreadSafety":"Unsafe"},{"MemberType":"Function","Name":"GetTemporaryId","Parameters":[],"ReturnType":{"Category":"DataType","Name":"Content"},"Security":"PluginSecurity","ThreadSafety":"Unsafe"}],"MemoryCategory":"Instances","Name":"File","Superclass":"Instance","Tags":["NotCreatable","NotReplicated"]},{"Members":[{"Category":"Data","MemberType":"Property","Name":"Color","Security":{"Read":"None","Write":"None"},"Serialization":{"CanLoad":true,"CanSave":true},"ThreadSafety":"ReadSafe","ValueType":{"Category":"DataType","Name":"Color3"}},{"Category":"Data","MemberType":"Property","Name":"Enabled","Security":{"Read":"None","Write":"None"},"Serialization":{"CanLoad":true,"CanSave":true},"ThreadSafety":"ReadSafe","ValueType":{"Category":"Primitive","Name":"bool"}},{"Category":"Data","MemberType":"Property","Name":"Heat","Security":{"Read":"None","Write":"None"},"Serialization":{"CanLoad":true,"CanSave":false},"Tags":["NotReplicated"],"ThreadSafety":"ReadSafe","ValueType":{"Category":"Primitive","Name":"float"}},{"Category":"Data","MemberType":"Property","Name":"SecondaryColor","Security":{"Read":"None","Write":"None"},"Serialization":{"CanLoad":true,"CanSave":true},"ThreadSafety":"ReadSafe","ValueType":{"Category":"DataType","Name":"Color3"}},{"Category":"Data","MemberType":"Property","Name":"Size","Security":{"Read":"None","Write":"None"},"Serialization":{"CanLoad":true,"CanSave":false},"Tags":["NotReplicated"],"ThreadSafety":"ReadSafe","ValueType":{"Category":"Primitive","Name":"float"}},{"Category":"Data","MemberType":"Property","Name":"TimeScale","Security":{"Read":"None","Write":"None"},"Serialization":{"CanLoad":true,"CanSave":true},"ThreadSafety":"ReadSafe","ValueType":{"Category":"Primitive","Name":"float"}},{"Category":"Data","MemberType":"Property","Name":"size","Security":{"Read":"None","Write":"None"},"Serialization":{"CanLoad":true,"CanSave":false},"Tags":["NotReplicated","Deprecated"],"ThreadSafety":"ReadSafe","ValueType":{"Category":"Primitive","Name":"float"}}],"MemoryCategory":"Instances","Name":"Fire","Superclass":"Instance"},{"Members":[],"MemoryCategory":"Instances","Name":"FlagStandService","Superclass":"Instance","Tags":["NotCreatable","Service"]},{"Members":[{"Category":"Data","MemberType":"Property","Name":"Length","Security":{"Read":"None","Write":"None"},"Serialization":{"CanLoad":false,"CanSave":true},"Tags":["ReadOnly","NotReplicated"],"ThreadSafety":"ReadSafe","ValueType":{"Category":"Primitive","Name":"int"}},{"MemberType":"Function","Name":"GetKeyAtIndex","Parameters":[{"Name":"index","Type":{"Category":"Primitive","Name":"int"}}],"ReturnType":{"Category":"DataType","Name":"FloatCurveKey"},"Security":"None","ThreadSafety":"Unsafe"},{"MemberType":"Function","Name":"GetKeyIndicesAtTime","Parameters":[{"Name":"time","Type":{"Category":"Primitive","Name":"float"}}],"ReturnType":{"Category":"Group","Name":"Array"},"Security":"None","ThreadSafety":"Unsafe"},{"MemberType":"Function","Name":"GetKeys","Parameters":[],"ReturnType":{"Category":"Group","Name":"Array"},"Security":"None","ThreadSafety":"Unsafe"},{"MemberType":"Function","Name":"GetValueAtTime","Parameters":[{"Name":"time","Type":{"Category":"Primitive","Name":"float"}}],"ReturnType":{"Category":"Primitive","Name":"float?"},"Security":"None","ThreadSafety":"Unsafe"},{"MemberType":"Function","Name":"InsertKey","Parameters":[{"Name":"key","Type":{"Category":"DataType","Name":"FloatCurveKey"}}],"ReturnType":{"Category":"Group","Name":"Array"},"Security":"None","ThreadSafety":"Unsafe"},{"MemberType":"Function","Name":"RemoveKeyAtIndex","Parameters":[{"Name":"startingIndex","Type":{"Category":"Primitive","Name":"int"}},{"Default":"1","Name":"count","Type":{"Category":"Primitive","Name":"int"}}],"ReturnType":{"Category":"Primitive","Name":"int"},"Security":"None","ThreadSafety":"Unsafe"},{"MemberType":"Function","Name":"SetKeys","Parameters":[{"Name":"keys","Type":{"Category":"Group","Name":"Array"}}],"ReturnType":{"Category":"Primitive","Name":"int"},"Security":"None","ThreadSafety":"Unsafe"}],"MemoryCategory":"Instances","Name":"FloatCurve","Superclass":"Instance"},{"Members":[],"MemoryCategory":"Instances","Name":"FlyweightService","Superclass":"Instance","Tags":["Service"]},{"Members":[],"MemoryCategory":"Instances","Name":"CSGDictionaryService","Superclass":"FlyweightService","Tags":["Service"]},{"Members":[],"MemoryCategory":"Instances","Name":"NonReplicatedCSGDictionaryService","Superclass":"FlyweightService","Tags":["Service"]},{"Members":[],"MemoryCategory":"Instances","Name":"Folder","Superclass":"Instance"},{"Members":[{"Category":"Data","MemberType":"Property","Name":"Visible","Security":{"Read":"None","Write":"None"},"Serialization":{"CanLoad":true,"CanSave":true},"ThreadSafety":"ReadSafe","ValueType":{"Category":"Primitive","Name":"bool"}}],"MemoryCategory":"Instances","Name":"ForceField","Superclass":"Instance"},{"Members":[{"MemberType":"Function","Name":"GetPlatformFriends","Parameters":[],"ReturnType":{"Category":"Group","Name":"Array"},"Security":"RobloxScriptSecurity","Tags":["Yields"],"ThreadSafety":"Unsafe"},{"MemberType":"Event","Name":"FriendsUpdated","Parameters":[{"Name":"friendData","Type":{"Category":"Group","Name":"Array"}}],"Security":"RobloxScriptSecurity","ThreadSafety":"Unsafe"}],"MemoryCategory":"Instances","Name":"FriendService","Superclass":"Instance","Tags":["NotCreatable","Service"]},{"Members":[{"Category":"Data","MemberType":"Property","Name":"Description","Security":{"Read":"None","Write":"None"},"Serialization":{"CanLoad":true,"CanSave":true},"ThreadSafety":"ReadSafe","ValueType":{"Category":"Primitive","Name":"string"}},{"MemberType":"Function","Name":"Error","Parameters":[{"Default":"","Name":"message","Type":{"Category":"Primitive","Name":"string"}}],"ReturnType":{"Category":"Primitive","Name":"void"},"Security":"None","ThreadSafety":"Unsafe"},{"MemberType":"Function","Name":"Failed","Parameters":[{"Default":"","Name":"message","Type":{"Category":"Primitive","Name":"string"}}],"ReturnType":{"Category":"Primitive","Name":"void"},"Security":"None","ThreadSafety":"Unsafe"},{"MemberType":"Function","Name":"Pass","Parameters":[{"Default":"","Name":"message","Type":{"Category":"Primitive","Name":"string"}}],"ReturnType":{"Category":"Primitive","Name":"void"},"Security":"None","ThreadSafety":"Unsafe"},{"MemberType":"Function","Name":"Passed","Parameters":[{"Default":"","Name":"message","Type":{"Category":"Primitive","Name":"string"}}],"ReturnType":{"Category":"Primitive","Name":"void"},"Security":"None","ThreadSafety":"Unsafe"},{"MemberType":"Function","Name":"Warn","Parameters":[{"Default":"","Name":"message","Type":{"Category":"Primitive","Name":"string"}}],"ReturnType":{"Category":"Primitive","Name":"void"},"Security":"None","ThreadSafety":"Unsafe"}],"MemoryCategory":"Instances","Name":"FunctionalTest","Superclass":"Instance","Tags":["Deprecated"]},{"Members":[{"MemberType":"Function","Name":"PlayerHasPass","Parameters":[{"Name":"player","Type":{"Category":"Class","Name":"Player"}},{"Name":"gamePassId","Type":{"Category":"Primitive","Name":"int64"}}],"ReturnType":{"Category":"Primitive","Name":"bool"},"Security":"None","Tags":["Yields","Deprecated"],"ThreadSafety":"Unsafe"}],"MemoryCategory":"Instances","Name":"GamePassService","Superclass":"Instance","Tags":["NotCreatable","Service"]},{"Members":[{"Category":"Directories","MemberType":"Property","Name":"AdditionalCoreIncludeDirs","Security":{"Read":"None","Write":"RobloxScriptSecurity"},"Serialization":{"CanLoad":true,"CanSave":true},"ThreadSafety":"ReadSafe","ValueType":{"Category":"Primitive","Name":"string"}},{"Category":"Script","MemberType":"Property","Name":"OverrideStarterScript","Security":{"Read":"None","Write":"RobloxScriptSecurity"},"Serialization":{"CanLoad":true,"CanSave":true},"ThreadSafety":"ReadSafe","ValueType":{"Category":"Primitive","Name":"string"}},{"Category":"Video","MemberType":"Property","Name":"VideoCaptureEnabled","Security":{"Read":"None","Write":"None"},"Serialization":{"CanLoad":true,"CanSave":true},"ThreadSafety":"ReadSafe","ValueType":{"Category":"Primitive","Name":"bool"}},{"Category":"Video","MemberType":"Property","Name":"VideoRecording","Security":{"Read":"RobloxScriptSecurity","Write":"RobloxSecurity"},"Serialization":{"CanLoad":true,"CanSave":false},"Tags":["NotReplicated"],"ThreadSafety":"ReadSafe","ValueType":{"Category":"Primitive","Name":"bool"}},{"MemberType":"Event","Name":"VideoRecordingChangeRequest","Parameters":[{"Name":"recording","Type":{"Category":"Primitive","Name":"bool"}}],"Security":"RobloxScriptSecurity","ThreadSafety":"Unsafe"}],"MemoryCategory":"Instances","Name":"GameSettings","Superclass":"Instance","Tags":["NotCreatable","Settings","NotBrowsable"]}]}