{"Classes":[{"Members":[],"MemoryCategory":"Instances","Name":"StarterPlayerScripts","Superclass":"Instance","Tags":["NotCreatable"]},{"Members":[],"MemoryCategory":"Instances","Name":"StarterCharacterScripts","Superclass":"StarterPlayerScripts","Tags":["NotCreatable"]},{"Members":[{"Category":"Data","MemberType":"Property","Name":"ContactsCount","Security":{"Read":"None","Write":"None"},"Serialization":{"CanLoad":false,"CanSave":false},"Tags":["ReadOnly","NotReplicated"],"ThreadSafety":"ReadSafe","ValueType":{"Category":"Primitive","Name":"int"}},{"Category":"Data","MemberType":"Property","Name":"DataReceiveKbps","Security":{"Read":"None","Write":"None"},"Serialization":{"CanLoad":false,"CanSave":false},"Tags":["ReadOnly","NotReplicated"],"ThreadSafety":"ReadSafe","ValueType":{"Category":"Primitive","Name":"float"}},{"Category":"Data","MemberType":"Property","Name":"DataSendKbps","Security":{"Read":"None","Write":"None"},"Serialization":{"CanLoad":false,"CanSave":false},"Tags":["ReadOnly","NotReplicated"],"ThreadSafety":"ReadSafe","ValueType":{"Category":"Primitive","Name":"float"}},{"Category":"Data","MemberType":"Property","Name":"HeartbeatTimeMs","Security":{"Read":"None","Write":"None"},"Serialization":{"CanLoad":false,"CanSave":false},"Tags":["ReadOnly","NotReplicated"],"ThreadSafety":"ReadSafe","ValueType":{"Category":"Primitive","Name":"float"}},{"Category":"Data","MemberType":"Property","Name":"InstanceCount","Security":{"Read":"None","Write":"None"},"Serialization":{"CanLoad":false,"CanSave":false},"Tags":["ReadOnly","NotReplicated"],"ThreadSafety":"ReadSafe","ValueType":{"Category":"Primitive","Name":"int"}},{"Category":"Data","MemberType":"Property","Name":"MovingPrimitivesCount","Security":{"Read":"None","Write":"None"},"Serialization":{"CanLoad":false,"CanSave":false},"Tags":["ReadOnly","NotReplicated"],"ThreadSafety":"ReadSafe","ValueType":{"Category":"Primitive","Name":"int"}},{"Category":"Data","MemberType":"Property","Name":"PhysicsReceiveKbps","Security":{"Read":"None","Write":"None"},"Serialization":{"CanLoad":false,"CanSave":false},"Tags":["ReadOnly","NotReplicated"],"ThreadSafety":"ReadSafe","ValueType":{"Category":"Primitive","Name":"float"}},{"Category":"Data","MemberType":"Property","Name":"PhysicsSendKbps","Security":{"Read":"None","Write":"None"},"Serialization":{"CanLoad":false,"CanSave":false},"Tags":["ReadOnly","NotReplicated"],"ThreadSafety":"ReadSafe","ValueType":{"Category":"Primitive","Name":"float"}},{"Category":"Data","MemberType":"Property","Name":"PhysicsStepTimeMs","Security":{"Read":"None","Write":"None"},"Serialization":{"CanLoad":false,"CanSave":false},"Tags":["ReadOnly","NotReplicated"],"ThreadSafety":"ReadSafe","ValueType":{"Category":"Primitive","Name":"float"}},{"Category":"Data","MemberType":"Property","Name":"PrimitivesCount","Security":{"Read":"None","Write":"None"},"Serialization":{"CanLoad":false,"CanSave":false},"Tags":["ReadOnly","NotReplicated"],"ThreadSafety":"ReadSafe","ValueType":{"Category":"Primitive","Name":"int"}},{"MemberType":"Function","Name":"GetBrowserTrackerId","Parameters":[],"ReturnType":{"Category":"Primitive","Name":"string"},"Security":"RobloxScriptSecurity","ThreadSafety":"Unsafe"},{"MemberType":"Function","Name":"GetMemoryUsageMbForTag","Parameters":[{"Name":"tag","Type":{"Category":"Enum","Name":"DeveloperMemoryTag"}}],"ReturnType":{"Category":"Primitive","Name":"float"},"Security":"None","ThreadSafety":"Unsafe"},{"MemberType":"Function","Name":"GetTotalMemoryUsageMb","Parameters":[],"ReturnType":{"Category":"Primitive","Name":"float"},"Security":"None","ThreadSafety":"Unsafe"},{"MemberType":"Function","Name":"GetPaginatedMemoryByTexture","Parameters":[{"Name":"queryType","Type":{"Category":"Enum","Name":"TextureQueryType"}},{"Name":"pageIndex","Type":{"Category":"Primitive","Name":"int"}},{"Name":"pageSize","Type":{"Category":"Primitive","Name":"int"}}],"ReturnType":{"Category":"Group","Name":"Dictionary"},"Security":"RobloxScriptSecurity","Tags":["Yields"],"ThreadSafety":"Unsafe"}],"MemoryCategory":"Instances","Name":"Stats","Superclass":"Instance","Tags":["NotCreatable","Service"]},{"Members":[{"Category":"Data","MemberType":"Property","Name":"DisplayName","Security":{"Read":"PluginSecurity","Write":"PluginSecurity"},"Serialization":{"CanLoad":false,"CanSave":false},"Tags":["Hidden","ReadOnly","NotReplicated"],"ThreadSafety":"ReadSafe","ValueType":{"Category":"Primitive","Name":"string"}},{"MemberType":"Function","Name":"GetValue","Parameters":[],"ReturnType":{"Category":"Primitive","Name":"double"},"Security":"PluginSecurity","ThreadSafety":"Unsafe"},{"MemberType":"Function","Name":"GetValueString","Parameters":[],"ReturnType":{"Category":"Primitive","Name":"string"},"Security":"PluginSecurity","ThreadSafety":"Unsafe"}],"MemoryCategory":"Instances","Name":"StatsItem","Superclass":"Instance","Tags":["NotCreatable"]},{"Members":[],"MemoryCategory":"Instances","Name":"RunningAverageItemDouble","Superclass":"StatsItem","Tags":["NotCreatable"]},{"Members":[],"MemoryCategory":"Instances","Name":"RunningAverageItemInt","Superclass":"StatsItem","Tags":["NotCreatable"]},{"Members":[],"MemoryCategory":"Instances","Name":"RunningAverageTimeIntervalItem","Superclass":"StatsItem","Tags":["NotCreatable"]},{"Members":[],"MemoryCategory":"Instances","Name":"TotalCountTimeIntervalItem","Superclass":"StatsItem","Tags":["NotCreatable"]},{"Members":[{"MemberType":"Function","Name":"FinishTask","Parameters":[{"Name":"taskId","Type":{"Category":"Primitive","Name":"int"}}],"ReturnType":{"Category":"Primitive","Name":"void"},"Security":"RobloxScriptSecurity","ThreadSafety":"Unsafe"},{"MemberType":"Function","Name":"SendReport","Parameters":[{"Name":"reportName","Type":{"Category":"Primitive","Name":"string"}}],"ReturnType":{"Category":"Primitive","Name":"void"},"Security":"RobloxScriptSecurity","ThreadSafety":"Unsafe"},{"MemberType":"Function","Name":"StartTask","Parameters":[{"Name":"reportName","Type":{"Category":"Primitive","Name":"string"}},{"Name":"taskName","Type":{"Category":"Primitive","Name":"string"}}],"ReturnType":{"Category":"Primitive","Name":"int"},"Security":"RobloxScriptSecurity","ThreadSafety":"Unsafe"}],"MemoryCategory":"Instances","Name":"StopWatchReporter","Superclass":"Instance","Tags":["NotCreatable","Service","NotReplicated"]},{"Members":[{"Category":"Script Editor Colors","MemberType":"Property","Name":"\"TODO\" Color","Security":{"Read":"None","Write":"None"},"Serialization":{"CanLoad":false,"CanSave":false},"Tags":["NotReplicated"],"ThreadSafety":"ReadSafe","ValueType":{"Category":"DataType","Name":"Color3"}},{"Category":"Script Editor Colors","MemberType":"Property","Name":"\"function\" Color","Security":{"Read":"None","Write":"None"},"Serialization":{"CanLoad":false,"CanSave":false},"Tags":["NotReplicated"],"ThreadSafety":"ReadSafe","ValueType":{"Category":"DataType","Name":"Color3"}},{"Category":"Script Editor Colors","MemberType":"Property","Name":"\"local\" Color","Security":{"Read":"None","Write":"None"},"Serialization":{"CanLoad":false,"CanSave":false},"Tags":["NotReplicated"],"ThreadSafety":"ReadSafe","ValueType":{"Category":"DataType","Name":"Color3"}},{"Category":"Script Editor Colors","MemberType":"Property","Name":"\"nil\" Color","Security":{"Read":"None","Write":"None"},"Serialization":{"CanLoad":false,"CanSave":false},"Tags":["NotReplicated"],"ThreadSafety":"ReadSafe","ValueType":{"Category":"DataType","Name":"Color3"}},{"Category":"Script Editor Colors","MemberType":"Property","Name":"\"self\" Color","Security":{"Read":"None","Write":"None"},"Serialization":{"CanLoad":false,"CanSave":false},"Tags":["NotReplicated"],"ThreadSafety":"ReadSafe","ValueType":{"Category":"DataType","Name":"Color3"}},{"Category":"Tools","MemberType":"Property","Name":"Active Color","Security":{"Read":"None","Write":"None"},"Serialization":{"CanLoad":true,"CanSave":true},"ThreadSafety":"ReadSafe","ValueType":{"Category":"DataType","Name":"Color3"}},{"Category":"Tools","MemberType":"Property","Name":"Active Hover Over Color","Security":{"Read":"None","Write":"None"},"Serialization":{"CanLoad":true,"CanSave":true},"ThreadSafety":"ReadSafe","ValueType":{"Category":"DataType","Name":"Color3"}},{"Category":"General","MemberType":"Property","Name":"Always Save Script Changes","Security":{"Read":"None","Write":"None"},"Serialization":{"CanLoad":true,"CanSave":true},"ThreadSafety":"ReadSafe","ValueType":{"Category":"Primitive","Name":"bool"}},{"Category":"Tools","MemberType":"Property","Name":"Animate Hover Over","Security":{"Read":"None","Write":"None"},"Serialization":{"CanLoad":true,"CanSave":true},"ThreadSafety":"ReadSafe","ValueType":{"Category":"Primitive","Name":"bool"}},{"Category":"Script Editor","MemberType":"Property","Name":"Auto Clean Empty Line","Security":{"Read":"None","Write":"None"},"Serialization":{"CanLoad":true,"CanSave":true},"ThreadSafety":"ReadSafe","ValueType":{"Category":"Primitive","Name":"bool"}},{"Category":"Script Editor","MemberType":"Property","Name":"Auto Closing Brackets","Security":{"Read":"None","Write":"None"},"Serialization":{"CanLoad":true,"CanSave":true},"ThreadSafety":"ReadSafe","ValueType":{"Category":"Primitive","Name":"bool"}},{"Category":"Script Editor","MemberType":"Property","Name":"Auto Closing Quotes","Security":{"Read":"None","Write":"None"},"Serialization":{"CanLoad":true,"CanSave":true},"ThreadSafety":"ReadSafe","ValueType":{"Category":"Primitive","Name":"bool"}},{"Category":"Script Editor","MemberType":"Property","Name":"Auto Indent Rule","Security":{"Read":"None","Write":"None"},"Serialization":{"CanLoad":true,"CanSave":true},"ThreadSafety":"ReadSafe","ValueType":{"Category":"Enum","Name":"AutoIndentRule"}},{"Category":"Auto-Recovery","MemberType":"Property","Name":"Auto-Recovery Enabled","Security":{"Read":"None","Write":"None"},"Serialization":{"CanLoad":true,"CanSave":true},"ThreadSafety":"ReadSafe","ValueType":{"Category":"Primitive","Name":"bool"}},{"Category":"Auto-Recovery","MemberType":"Property","Name":"Auto-Recovery Interval (Minutes)","Security":{"Read":"None","Write":"None"},"Serialization":{"CanLoad":true,"CanSave":true},"ThreadSafety":"ReadSafe","ValueType":{"Category":"Primitive","Name":"int"}},{"Category":"Auto-Recovery","MemberType":"Property","Name":"Auto-Recovery Path","Security":{"Read":"None","Write":"None"},"Serialization":{"CanLoad":true,"CanSave":true},"ThreadSafety":"ReadSafe","ValueType":{"Category":"DataType","Name":"QDir"}},{"Category":"Script Editor Colors","MemberType":"Property","Name":"Background Color","Security":{"Read":"None","Write":"None"},"Serialization":{"CanLoad":false,"CanSave":false},"Tags":["NotReplicated"],"ThreadSafety":"ReadSafe","ValueType":{"Category":"DataType","Name":"Color3"}},{"Category":"General","MemberType":"Property","Name":"Basic Objects Display Mode","Security":{"Read":"None","Write":"None"},"Serialization":{"CanLoad":true,"CanSave":true},"ThreadSafety":"ReadSafe","ValueType":{"Category":"Enum","Name":"ListDisplayMode"}},{"Category":"Script Editor Colors","MemberType":"Property","Name":"Bool Color","Security":{"Read":"None","Write":"None"},"Serialization":{"CanLoad":false,"CanSave":false},"Tags":["NotReplicated"],"ThreadSafety":"ReadSafe","ValueType":{"Category":"DataType","Name":"Color3"}},{"Category":"Script Editor Colors","MemberType":"Property","Name":"Bracket Color","Security":{"Read":"None","Write":"None"},"Serialization":{"CanLoad":false,"CanSave":false},"Tags":["NotReplicated"],"ThreadSafety":"ReadSafe","ValueType":{"Category":"DataType","Name":"Color3"}},{"Category":"Script Editor Colors","MemberType":"Property","Name":"Built-in Function Color","Security":{"Read":"None","Write":"None"},"Serialization":{"CanLoad":false,"CanSave":false},"Tags":["NotReplicated"],"ThreadSafety":"ReadSafe","ValueType":{"Category":"DataType","Name":"Color3"}},{"Category":"Camera","MemberType":"Property","Name":"Camera Mouse Wheel Speed","Security":{"Read":"None","Write":"None"},"Serialization":{"CanLoad":true,"CanSave":true},"ThreadSafety":"ReadSafe","ValueType":{"Category":"Primitive","Name":"float"}},{"Category":"Camera","MemberType":"Property","Name":"Camera Shift Speed","Security":{"Read":"None","Write":"None"},"Serialization":{"CanLoad":true,"CanSave":true},"ThreadSafety":"ReadSafe","ValueType":{"Category":"Primitive","Name":"float"}},{"Category":"Camera","MemberType":"Property","Name":"Camera Speed","Security":{"Read":"None","Write":"None"},"Serialization":{"CanLoad":true,"CanSave":true},"ThreadSafety":"ReadSafe","ValueType":{"Category":"Primitive","Name":"float"}},{"Category":"Camera","MemberType":"Property","Name":"Camera Zoom to Mouse Position","Security":{"Read":"None","Write":"None"},"Serialization":{"CanLoad":true,"CanSave":true},"ThreadSafety":"ReadSafe","ValueType":{"Category":"Primitive","Name":"bool"}},{"Category":"Output","MemberType":"Property","Name":"Clear Output On Start","Security":{"Read":"None","Write":"None"},"Serialization":{"CanLoad":true,"CanSave":true},"ThreadSafety":"ReadSafe","ValueType":{"Category":"Primitive","Name":"bool"}},{"Category":"Lua Debugger","MemberType":"Property","Name":"CommandBarLocalState","Security":{"Read":"None","Write":"None"},"Serialization":{"CanLoad":true,"CanSave":true},"ThreadSafety":"ReadSafe","ValueType":{"Category":"Primitive","Name":"bool"}},{"Category":"Script Editor Colors","MemberType":"Property","Name":"Comment Color","Security":{"Read":"None","Write":"None"},"Serialization":{"CanLoad":false,"CanSave":false},"Tags":["NotReplicated"],"ThreadSafety":"ReadSafe","ValueType":{"Category":"DataType","Name":"Color3"}},{"Category":"Script Editor Colors","MemberType":"Property","Name":"Current Line Highlight Color","Security":{"Read":"None","Write":"None"},"Serialization":{"CanLoad":false,"CanSave":false},"Tags":["NotReplicated"],"ThreadSafety":"ReadSafe","ValueType":{"Category":"DataType","Name":"Color3"}},{"Category":"Script Editor Colors","MemberType":"Property","Name":"Debugger Current Line Color","Security":{"Read":"None","Write":"None"},"Serialization":{"CanLoad":false,"CanSave":false},"Tags":["NotReplicated"],"ThreadSafety":"ReadSafe","ValueType":{"Category":"DataType","Name":"Color3"}},{"Category":"Script Editor Colors","MemberType":"Property","Name":"Debugger Error Line Color","Security":{"Read":"None","Write":"None"},"Serialization":{"CanLoad":false,"CanSave":false},"Tags":["NotReplicated"],"ThreadSafety":"ReadSafe","ValueType":{"Category":"DataType","Name":"Color3"}},{"Category":"Directories","MemberType":"Property","Name":"DefaultScriptFileDir","Security":{"Read":"None","Write":"None"},"Serialization":{"CanLoad":true,"CanSave":true},"ThreadSafety":"ReadSafe","ValueType":{"Category":"DataType","Name":"QDir"}},{"Category":"Browsing","MemberType":"Property","Name":"DeprecatedObjectsShown","Security":{"Read":"None","Write":"None"},"Serialization":{"CanLoad":true,"CanSave":true},"ThreadSafety":"ReadSafe","ValueType":{"Category":"Primitive","Name":"bool"}},{"Category":"General","MemberType":"Property","Name":"DisplayLanguage","Security":{"Read":"RobloxScriptSecurity","Write":"RobloxScriptSecurity"},"Serialization":{"CanLoad":true,"CanSave":true},"ThreadSafety":"ReadSafe","ValueType":{"Category":"Primitive","Name":"string"}},{"Category":"Script Editor Colors","MemberType":"Property","Name":"Doc View Code Background Color","Security":{"Read":"RobloxScriptSecurity","Write":"RobloxScriptSecurity"},"Serialization":{"CanLoad":false,"CanSave":false},"Tags":["Hidden","NotReplicated"],"ThreadSafety":"ReadSafe","ValueType":{"Category":"DataType","Name":"Color3"}},{"Category":"Advanced","MemberType":"Property","Name":"Drag Multiple Parts As Single Part","Security":{"Read":"None","Write":"None"},"Serialization":{"CanLoad":true,"CanSave":true},"ThreadSafety":"ReadSafe","ValueType":{"Category":"Primitive","Name":"bool"}},{"Category":"Script Editor","MemberType":"Property","Name":"Enable Autocomplete","Security":{"Read":"None","Write":"None"},"Serialization":{"CanLoad":true,"CanSave":true},"ThreadSafety":"ReadSafe","ValueType":{"Category":"Primitive","Name":"bool"}},{"Category":"Script Editor","MemberType":"Property","Name":"Enable Autocomplete Doc View","Security":{"Read":"RobloxScriptSecurity","Write":"RobloxScriptSecurity"},"Serialization":{"CanLoad":true,"CanSave":true},"ThreadSafety":"ReadSafe","ValueType":{"Category":"Primitive","Name":"bool"}},{"Category":"Advanced","MemberType":"Property","Name":"Enable CoreScript Debugger","Security":{"Read":"None","Write":"None"},"Serialization":{"CanLoad":true,"CanSave":true},"ThreadSafety":"ReadSafe","ValueType":{"Category":"Primitive","Name":"bool"}},{"Category":"Advanced","MemberType":"Property","Name":"Enable Http Sandboxing","Security":{"Read":"None","Write":"None"},"Serialization":{"CanLoad":true,"CanSave":true},"ThreadSafety":"ReadSafe","ValueType":{"Category":"Primitive","Name":"bool"}},{"Category":"Advanced","MemberType":"Property","Name":"Enable Internal Beta Features","Security":{"Read":"None","Write":"None"},"Serialization":{"CanLoad":true,"CanSave":true},"ThreadSafety":"ReadSafe","ValueType":{"Category":"Primitive","Name":"bool"}},{"Category":"Advanced","MemberType":"Property","Name":"Enable Internal Features","Security":{"Read":"None","Write":"None"},"Serialization":{"CanLoad":true,"CanSave":true},"ThreadSafety":"ReadSafe","ValueType":{"Category":"Primitive","Name":"bool"}},{"Category":"Script Editor","MemberType":"Property","Name":"Enable Script Analysis","Security":{"Read":"RobloxScriptSecurity","Write":"RobloxScriptSecurity"},"Serialization":{"CanLoad":true,"CanSave":true},"ThreadSafety":"ReadSafe","ValueType":{"Category":"Primitive","Name":"bool"}},{"Category":"Script Editor","MemberType":"Property","Name":"Enable Scrollbar Markers","Security":{"Read":"RobloxScriptSecurity","Write":"RobloxScriptSecurity"},"Serialization":{"CanLoad":true,"CanSave":true},"ThreadSafety":"ReadSafe","ValueType":{"Category":"Primitive","Name":"bool"}},{"Category":"Script Editor","MemberType":"Property","Name":"Enable Signature Help","Security":{"Read":"RobloxScriptSecurity","Write":"RobloxScriptSecurity"},"Serialization":{"CanLoad":true,"CanSave":true},"ThreadSafety":"ReadSafe","ValueType":{"Category":"Primitive","Name":"bool"}},{"Category":"Script Editor","MemberType":"Property","Name":"Enable Signature Help Doc View","Security":{"Read":"RobloxScriptSecurity","Write":"RobloxScriptSecurity"},"Serialization":{"CanLoad":true,"CanSave":true},"ThreadSafety":"ReadSafe","ValueType":{"Category":"Primitive","Name":"bool"}},{"Category":"Script Editor","MemberType":"Property","Name":"Enable Temporary Tabs","Security":{"Read":"None","Write":"None"},"Serialization":{"CanLoad":true,"CanSave":true},"ThreadSafety":"ReadSafe","ValueType":{"Category":"Primitive","Name":"bool"}},{"Category":"Script Editor","MemberType":"Property","Name":"Enable Temporary Tabs In Explorer","Security":{"Read":"None","Write":"None"},"Serialization":{"CanLoad":true,"CanSave":true},"ThreadSafety":"ReadSafe","ValueType":{"Category":"Primitive","Name":"bool"}},{"Category":"Script Editor","MemberType":"Property","Name":"Enable Type Hover","Security":{"Read":"RobloxScriptSecurity","Write":"RobloxScriptSecurity"},"Serialization":{"CanLoad":true,"CanSave":true},"ThreadSafety":"ReadSafe","ValueType":{"Category":"Primitive","Name":"bool"}},{"Category":"Script Editor","MemberType":"Property","Name":"EnableOnTypeAutocomplete","Security":{"Read":"RobloxScriptSecurity","Write":"RobloxScriptSecurity"},"Serialization":{"CanLoad":true,"CanSave":true},"Tags":["Hidden","NotReplicated"],"ThreadSafety":"ReadSafe","ValueType":{"Category":"Primitive","Name":"bool"}},{"Category":"Script Editor Colors","MemberType":"Property","Name":"Error Color","Security":{"Read":"None","Write":"None"},"Serialization":{"CanLoad":false,"CanSave":false},"Tags":["NotReplicated"],"ThreadSafety":"ReadSafe","ValueType":{"Category":"DataType","Name":"Color3"}},{"Category":"Script Editor Colors","MemberType":"Property","Name":"Find Selection Background Color","Security":{"Read":"None","Write":"None"},"Serialization":{"CanLoad":false,"CanSave":false},"Tags":["NotReplicated"],"ThreadSafety":"ReadSafe","ValueType":{"Category":"DataType","Name":"Color3"}},{"Category":"Script Editor","MemberType":"Property","Name":"Font","Security":{"Read":"None","Write":"None"},"Serialization":{"CanLoad":true,"CanSave":true},"ThreadSafety":"ReadSafe","ValueType":{"Category":"DataType","Name":"QFont"}},{"Category":"Script Editor","MemberType":"Property","Name":"Format On Paste","Security":{"Read":"None","Write":"None"},"Serialization":{"CanLoad":true,"CanSave":true},"ThreadSafety":"ReadSafe","ValueType":{"Category":"Primitive","Name":"bool"}},{"Category":"Script Editor","MemberType":"Property","Name":"Format On Type","Security":{"Read":"None","Write":"None"},"Serialization":{"CanLoad":true,"CanSave":true},"ThreadSafety":"ReadSafe","ValueType":{"Category":"Primitive","Name":"bool"}},{"Category":"Script Editor Colors","MemberType":"Property","Name":"Function Name Color","Security":{"Read":"None","Write":"None"},"Serialization":{"CanLoad":false,"CanSave":false},"Tags":["NotReplicated"],"ThreadSafety":"ReadSafe","ValueType":{"Category":"DataType","Name":"Color3"}},{"Category":"Script Editor","MemberType":"Property","Name":"Highlight Current Line","Security":{"Read":"None","Write":"None"},"Serialization":{"CanLoad":true,"CanSave":true},"ThreadSafety":"ReadSafe","ValueType":{"Category":"Primitive","Name":"bool"}},{"Category":"Script Editor","MemberType":"Property","Name":"Highlight Occurances","Security":{"Read":"None","Write":"None"},"Serialization":{"CanLoad":true,"CanSave":true},"ThreadSafety":"ReadSafe","ValueType":{"Category":"Primitive","Name":"bool"}},{"Category":"Tools","MemberType":"Property","Name":"Hover Animate Speed","Security":{"Read":"None","Write":"None"},"Serialization":{"CanLoad":true,"CanSave":true},"ThreadSafety":"ReadSafe","ValueType":{"Category":"Enum","Name":"HoverAnimateSpeed"}},{"Category":"Tools","MemberType":"Property","Name":"Hover Box Thickness","Security":{"Read":"RobloxSecurity","Write":"RobloxSecurity"},"Serialization":{"CanLoad":true,"CanSave":true},"ThreadSafety":"ReadSafe","ValueType":{"Category":"Primitive","Name":"float"}},{"Category":"Tools","MemberType":"Property","Name":"Hover Over Color","Security":{"Read":"None","Write":"None"},"Serialization":{"CanLoad":true,"CanSave":true},"ThreadSafety":"ReadSafe","ValueType":{"Category":"DataType","Name":"Color3"}},{"Category":"Script Editor","MemberType":"Property","Name":"Indent Using Spaces","Security":{"Read":"None","Write":"None"},"Serialization":{"CanLoad":true,"CanSave":true},"ThreadSafety":"ReadSafe","ValueType":{"Category":"Primitive","Name":"bool"}},{"Category":"Script Editor Colors","MemberType":"Property","Name":"Keyword Color","Security":{"Read":"None","Write":"None"},"Serialization":{"CanLoad":false,"CanSave":false},"Tags":["NotReplicated"],"ThreadSafety":"ReadSafe","ValueType":{"Category":"DataType","Name":"Color3"}},{"Category":"Primary Part","MemberType":"Property","Name":"Line Thickness","Security":{"Read":"None","Write":"None"},"Serialization":{"CanLoad":true,"CanSave":true},"ThreadSafety":"ReadSafe","ValueType":{"Category":"Primitive","Name":"float"}},{"Category":"Directories","MemberType":"Property","Name":"LocalAssetsFolder","Security":{"Read":"None","Write":"RobloxScriptSecurity"},"Serialization":{"CanLoad":true,"CanSave":true},"ThreadSafety":"ReadSafe","ValueType":{"Category":"DataType","Name":"QDir"}},{"Category":"Lua Debugger","MemberType":"Property","Name":"LuaDebuggerEnabled","Security":{"Read":"None","Write":"None"},"Serialization":{"CanLoad":true,"CanSave":true},"ThreadSafety":"ReadSafe","ValueType":{"Category":"Primitive","Name":"bool"}},{"Category":"Lua Debugger","MemberType":"Property","Name":"LuaDebuggerEnabledAtStartup","Security":{"Read":"None","Write":"None"},"Serialization":{"CanLoad":false,"CanSave":false},"Tags":["Hidden","ReadOnly","NotReplicated"],"ThreadSafety":"ReadSafe","ValueType":{"Category":"Primitive","Name":"bool"}},{"Category":"Script Editor Colors","MemberType":"Property","Name":"Luau Keyword Color","Security":{"Read":"None","Write":"None"},"Serialization":{"CanLoad":false,"CanSave":false},"Tags":["NotReplicated"],"ThreadSafety":"ReadSafe","ValueType":{"Category":"DataType","Name":"Color3"}},{"Category":"Script Editor Colors","MemberType":"Property","Name":"Matching Word Background Color","Security":{"Read":"None","Write":"None"},"Serialization":{"CanLoad":false,"CanSave":false},"Tags":["NotReplicated"],"ThreadSafety":"ReadSafe","ValueType":{"Category":"DataType","Name":"Color3"}},{"Category":"Output","MemberType":"Property","Name":"Maximum Output Lines","Security":{"Read":"None","Write":"None"},"Serialization":{"CanLoad":true,"CanSave":true},"ThreadSafety":"ReadSafe","ValueType":{"Category":"Primitive","Name":"int"}},{"Category":"Script Editor Colors","MemberType":"Property","Name":"Menu Item Background Color","Security":{"Read":"None","Write":"None"},"Serialization":{"CanLoad":false,"CanSave":false},"Tags":["NotReplicated"],"ThreadSafety":"ReadSafe","ValueType":{"Category":"DataType","Name":"Color3"}},{"Category":"Script Editor Colors","MemberType":"Property","Name":"Method Color","Security":{"Read":"None","Write":"None"},"Serialization":{"CanLoad":false,"CanSave":false},"Tags":["NotReplicated"],"ThreadSafety":"ReadSafe","ValueType":{"Category":"DataType","Name":"Color3"}},{"Category":"Script Editor Colors","MemberType":"Property","Name":"Number Color","Security":{"Read":"None","Write":"None"},"Serialization":{"CanLoad":false,"CanSave":false},"Tags":["NotReplicated"],"ThreadSafety":"ReadSafe","ValueType":{"Category":"DataType","Name":"Color3"}},{"Category":"Audio","MemberType":"Property","Name":"Only Play Audio from Window in Focus","Security":{"Read":"None","Write":"None"},"Serialization":{"CanLoad":true,"CanSave":true},"ThreadSafety":"ReadSafe","ValueType":{"Category":"Primitive","Name":"bool"}},{"Category":"Script Editor Colors","MemberType":"Property","Name":"Operator Color","Security":{"Read":"None","Write":"None"},"Serialization":{"CanLoad":false,"CanSave":false},"Tags":["NotReplicated"],"ThreadSafety":"ReadSafe","ValueType":{"Category":"DataType","Name":"Color3"}},{"Category":"Output","MemberType":"Property","Name":"Output Font","Security":{"Read":"None","Write":"None"},"Serialization":{"CanLoad":true,"CanSave":true},"ThreadSafety":"ReadSafe","ValueType":{"Category":"DataType","Name":"QFont"}},{"Category":"Output","MemberType":"Property","Name":"Output Layout Mode","Security":{"Read":"None","Write":"None"},"Serialization":{"CanLoad":true,"CanSave":true},"ThreadSafety":"ReadSafe","ValueType":{"Category":"Enum","Name":"OutputLayoutMode"}},{"Category":"Directories","MemberType":"Property","Name":"OverrideCoreScripts","Security":{"Read":"None","Write":"RobloxScriptSecurity"},"Serialization":{"CanLoad":true,"CanSave":true},"ThreadSafety":"ReadSafe","ValueType":{"Category":"Primitive","Name":"bool"}},{"Category":"Directories","MemberType":"Property","Name":"OverrideCoreScriptsDir","Security":{"Read":"None","Write":"RobloxScriptSecurity"},"Serialization":{"CanLoad":true,"CanSave":true},"ThreadSafety":"ReadSafe","ValueType":{"Category":"DataType","Name":"QDir"}},{"Category":"Browsing","MemberType":"Property","Name":"PermissionLevelShown","Security":{"Read":"None","Write":"None"},"Serialization":{"CanLoad":true,"CanSave":true},"ThreadSafety":"ReadSafe","ValueType":{"Category":"Enum","Name":"PermissionLevelShown"}},{"Category":"Tools","MemberType":"Property","Name":"Physical Draggers Select Scope By Default","Security":{"Read":"RobloxScriptSecurity","Write":"RobloxScriptSecurity"},"Serialization":{"CanLoad":true,"CanSave":true},"ThreadSafety":"ReadSafe","ValueType":{"Category":"Primitive","Name":"bool"}},{"Category":"Tools","MemberType":"Property","Name":"Pivot Snap To Geometry Color","Security":{"Read":"RobloxSecurity","Write":"RobloxSecurity"},"Serialization":{"CanLoad":true,"CanSave":true},"ThreadSafety":"ReadSafe","ValueType":{"Category":"DataType","Name":"Color3"}},{"Category":"Lua Debugger","MemberType":"Property","Name":"PluginDebuggingEnabled","Security":{"Read":"None","Write":"None"},"Serialization":{"CanLoad":true,"CanSave":true},"ThreadSafety":"ReadSafe","ValueType":{"Category":"Primitive","Name":"bool"}},{"Category":"Directories","MemberType":"Property","Name":"PluginsDir","Security":{"Read":"None","Write":"None"},"Serialization":{"CanLoad":true,"CanSave":true},"ThreadSafety":"ReadSafe","ValueType":{"Category":"DataType","Name":"QDir"}},{"Category":"Script Editor Colors","MemberType":"Property","Name":"Primary Text Color","Security":{"Read":"None","Write":"None"},"Serialization":{"CanLoad":false,"CanSave":false},"Tags":["NotReplicated"],"ThreadSafety":"ReadSafe","ValueType":{"Category":"DataType","Name":"Color3"}},{"Category":"Script Editor Colors","MemberType":"Property","Name":"Property Color","Security":{"Read":"None","Write":"None"},"Serialization":{"CanLoad":false,"CanSave":false},"Tags":["NotReplicated"],"ThreadSafety":"ReadSafe","ValueType":{"Category":"DataType","Name":"Color3"}},{"Category":"General","MemberType":"Property","Name":"Render Throttle Percentage","Security":{"Read":"None","Write":"None"},"Serialization":{"CanLoad":true,"CanSave":true},"ThreadSafety":"ReadSafe","ValueType":{"Category":"Primitive","Name":"int"}},{"Category":"Advanced","MemberType":"Property","Name":"Respect Studio shortcuts when game has focus","Security":{"Read":"None","Write":"None"},"Serialization":{"CanLoad":true,"CanSave":true},"ThreadSafety":"ReadSafe","ValueType":{"Category":"Primitive","Name":"bool"}},{"Category":"Script Editor Colors","MemberType":"Property","Name":"Ruler Color","Security":{"Read":"None","Write":"None"},"Serialization":{"CanLoad":false,"CanSave":false},"Tags":["NotReplicated"],"ThreadSafety":"ReadSafe","ValueType":{"Category":"DataType","Name":"Color3"}},{"Category":"Script Editor","MemberType":"Property","Name":"Rulers","Security":{"Read":"None","Write":"None"},"Serialization":{"CanLoad":true,"CanSave":true},"ThreadSafety":"ReadSafe","ValueType":{"Category":"Primitive","Name":"string"}},{"Category":"Undo","MemberType":"Property","Name":"RuntimeUndoBehavior","Security":{"Read":"None","Write":"None"},"Serialization":{"CanLoad":true,"CanSave":true},"ThreadSafety":"ReadSafe","ValueType":{"Category":"Enum","Name":"RuntimeUndoBehavior"}},{"Category":"Script Editor Colors","MemberType":"Property","Name":"Script Editor Color Preset","Security":{"Read":"None","Write":"None"},"Serialization":{"CanLoad":true,"CanSave":true},"ThreadSafety":"ReadSafe","ValueType":{"Category":"Enum","Name":"StudioScriptEditorColorPresets"}},{"Category":"Script Editor Colors","MemberType":"Property","Name":"Script Editor Scrollbar Background Color","Security":{"Read":"None","Write":"None"},"Serialization":{"CanLoad":false,"CanSave":false},"Tags":["NotReplicated"],"ThreadSafety":"ReadSafe","ValueType":{"Category":"DataType","Name":"Color3"}},{"Category":"Script Editor Colors","MemberType":"Property","Name":"Script Editor Scrollbar Handle Color","Security":{"Read":"None","Write":"None"},"Serialization":{"CanLoad":false,"CanSave":false},"Tags":["NotReplicated"],"ThreadSafety":"ReadSafe","ValueType":{"Category":"DataType","Name":"Color3"}},{"Category":"Script Editor Colors","MemberType":"Property","Name":"ScriptEditorMenuBorderColor","Security":{"Read":"RobloxScriptSecurity","Write":"RobloxScriptSecurity"},"Serialization":{"CanLoad":false,"CanSave":false},"Tags":["Hidden","NotReplicated"],"ThreadSafety":"ReadSafe","ValueType":{"Category":"DataType","Name":"Color3"}},{"Category":"Script Editor","MemberType":"Property","Name":"ScriptEditorShouldShowPluginMethods","Security":{"Read":"RobloxScriptSecurity","Write":"RobloxScriptSecurity"},"Serialization":{"CanLoad":true,"CanSave":true},"Tags":["Hidden","NotReplicated"],"ThreadSafety":"ReadSafe","ValueType":{"Category":"Primitive","Name":"bool"}},{"Category":"Lua Debugger","MemberType":"Property","Name":"ScriptTimeoutLength","Security":{"Read":"None","Write":"None"},"Serialization":{"CanLoad":true,"CanSave":true},"ThreadSafety":"ReadSafe","ValueType":{"Category":"Primitive","Name":"int"}},{"Category":"Script Editor","MemberType":"Property","Name":"Scroll Past Last Line","Security":{"Read":"None","Write":"None"},"Serialization":{"CanLoad":true,"CanSave":true},"ThreadSafety":"ReadSafe","ValueType":{"Category":"Primitive","Name":"bool"}},{"Category":"Advanced","MemberType":"Property","Name":"Search Content For Core Scripts","Security":{"Read":"None","Write":"None"},"Serialization":{"CanLoad":true,"CanSave":true},"ThreadSafety":"ReadSafe","ValueType":{"Category":"Primitive","Name":"bool"}},{"Category":"Script Editor Colors","MemberType":"Property","Name":"Secondary Text Color","Security":{"Read":"None","Write":"None"},"Serialization":{"CanLoad":false,"CanSave":false},"Tags":["NotReplicated"],"ThreadSafety":"ReadSafe","ValueType":{"Category":"DataType","Name":"Color3"}},{"Category":"Tools","MemberType":"Property","Name":"Select Color","Security":{"Read":"None","Write":"None"},"Serialization":{"CanLoad":true,"CanSave":true},"ThreadSafety":"ReadSafe","ValueType":{"Category":"DataType","Name":"Color3"}},{"Category":"Primary Part","MemberType":"Property","Name":"Select/Hover Color","Security":{"Read":"None","Write":"None"},"Serialization":{"CanLoad":true,"CanSave":true},"ThreadSafety":"ReadSafe","ValueType":{"Category":"DataType","Name":"Color3"}},{"Category":"Script Editor Colors","MemberType":"Property","Name":"Selected Menu Item Background Color","Security":{"Read":"None","Write":"None"},"Serialization":{"CanLoad":false,"CanSave":false},"Tags":["NotReplicated"],"ThreadSafety":"ReadSafe","ValueType":{"Category":"DataType","Name":"Color3"}},{"Category":"Script Editor Colors","MemberType":"Property","Name":"Selected Text Color","Security":{"Read":"None","Write":"None"},"Serialization":{"CanLoad":false,"CanSave":false},"Tags":["NotReplicated"],"ThreadSafety":"ReadSafe","ValueType":{"Category":"DataType","Name":"Color3"}},{"Category":"Script Editor Colors","MemberType":"Property","Name":"Selection Background Color","Security":{"Read":"None","Write":"None"},"Serialization":{"CanLoad":false,"CanSave":false},"Tags":["NotReplicated"],"ThreadSafety":"ReadSafe","ValueType":{"Category":"DataType","Name":"Color3"}},{"Category":"Script Editor Colors","MemberType":"Property","Name":"Selection Color","Security":{"Read":"None","Write":"None"},"Serialization":{"CanLoad":false,"CanSave":false},"Tags":["NotReplicated"],"ThreadSafety":"ReadSafe","ValueType":{"Category":"DataType","Name":"Color3"}},{"Category":"Tools","MemberType":"Property","Name":"Selection Highlight Thickness","Security":{"Read":"RobloxSecurity","Write":"RobloxSecurity"},"Serialization":{"CanLoad":true,"CanSave":true},"ThreadSafety":"ReadSafe","ValueType":{"Category":"Primitive","Name":"float"}},{"Category":"Audio","MemberType":"Property","Name":"Server Audio Behavior","Security":{"Read":"None","Write":"None"},"Serialization":{"CanLoad":true,"CanSave":true},"ThreadSafety":"ReadSafe","ValueType":{"Category":"Enum","Name":"ServerAudioBehavior"}},{"Category":"Advanced","MemberType":"Property","Name":"Set Pivot of Imported Parts","Security":{"Read":"None","Write":"None"},"Serialization":{"CanLoad":true,"CanSave":true},"ThreadSafety":"ReadSafe","ValueType":{"Category":"Primitive","Name":"bool"}},{"Category":"Explorer","MemberType":"Property","Name":"Show Core GUI in Explorer while Playing","Security":{"Read":"None","Write":"None"},"Serialization":{"CanLoad":true,"CanSave":true},"ThreadSafety":"ReadSafe","ValueType":{"Category":"Primitive","Name":"bool"}},{"Category":"Advanced","MemberType":"Property","Name":"Show Deployment Warnings","Security":{"Read":"None","Write":"None"},"Serialization":{"CanLoad":true,"CanSave":true},"ThreadSafety":"ReadSafe","ValueType":{"Category":"Primitive","Name":"bool"}},{"Category":"Advanced","MemberType":"Property","Name":"Show Diagnostics Bar","Security":{"Read":"None","Write":"None"},"Serialization":{"CanLoad":true,"CanSave":true},"ThreadSafety":"ReadSafe","ValueType":{"Category":"Primitive","Name":"bool"}},{"Category":"Explorer","MemberType":"Property","Name":"Show FileSyncService","Security":{"Read":"None","Write":"None"},"Serialization":{"CanLoad":true,"CanSave":true},"ThreadSafety":"ReadSafe","ValueType":{"Category":"Primitive","Name":"bool"}},{"Category":"Explorer","MemberType":"Property","Name":"Show Hidden Objects in Explorer","Security":{"Read":"None","Write":"None"},"Serialization":{"CanLoad":true,"CanSave":true},"ThreadSafety":"ReadSafe","ValueType":{"Category":"Primitive","Name":"bool"}},{"Category":"Tools","MemberType":"Property","Name":"Show Hover Over","Security":{"Read":"None","Write":"None"},"Serialization":{"CanLoad":true,"CanSave":true},"ThreadSafety":"ReadSafe","ValueType":{"Category":"Primitive","Name":"bool"}},{"Category":"Visualization","MemberType":"Property","Name":"Show Light Guides","Security":{"Read":"RobloxScriptSecurity","Write":"RobloxScriptSecurity"},"Serialization":{"CanLoad":true,"CanSave":true},"ThreadSafety":"ReadSafe","ValueType":{"Category":"Primitive","Name":"bool"}},{"Category":"Visualization","MemberType":"Property","Name":"Show Navigation Areas","Security":{"Read":"RobloxScriptSecurity","Write":"RobloxScriptSecurity"},"Serialization":{"CanLoad":true,"CanSave":true},"ThreadSafety":"ReadSafe","ValueType":{"Category":"Primitive","Name":"bool"}},{"Category":"Visualization","MemberType":"Property","Name":"Show Navigation Mesh","Security":{"Read":"None","Write":"None"},"Serialization":{"CanLoad":true,"CanSave":true},"ThreadSafety":"ReadSafe","ValueType":{"Category":"Primitive","Name":"bool"}},{"Category":"Visualization","MemberType":"Property","Name":"Show Pathfinding Links","Security":{"Read":"RobloxScriptSecurity","Write":"RobloxScriptSecurity"},"Serialization":{"CanLoad":true,"CanSave":true},"ThreadSafety":"ReadSafe","ValueType":{"Category":"Primitive","Name":"bool"}},{"Category":"Explorer","MemberType":"Property","Name":"Show Plugin GUI Service in Explorer","Security":{"Read":"None","Write":"None"},"Serialization":{"CanLoad":true,"CanSave":true},"ThreadSafety":"ReadSafe","ValueType":{"Category":"Primitive","Name":"bool"}},{"Category":"Advanced","MemberType":"Property","Name":"Show QT warnings in output","Security":{"Read":"None","Write":"None"},"Serialization":{"CanLoad":true,"CanSave":true},"ThreadSafety":"ReadSafe","ValueType":{"Category":"Primitive","Name":"bool"}},{"Category":"Script Editor","MemberType":"Property","Name":"Show Whitespace","Security":{"Read":"None","Write":"None"},"Serialization":{"CanLoad":true,"CanSave":true},"ThreadSafety":"ReadSafe","ValueType":{"Category":"Primitive","Name":"bool"}},{"Category":"Explorer","MemberType":"Property","Name":"Show plus button on hover in Explorer","Security":{"Read":"None","Write":"None"},"Serialization":{"CanLoad":true,"CanSave":true},"ThreadSafety":"ReadSafe","ValueType":{"Category":"Primitive","Name":"bool"}},{"Category":"Explorer","MemberType":"Property","Name":"ShowCorePackagesInExplorer","Security":{"Read":"RobloxScriptSecurity","Write":"RobloxScriptSecurity"},"Serialization":{"CanLoad":true,"CanSave":true},"ThreadSafety":"ReadSafe","ValueType":{"Category":"Primitive","Name":"bool"}},{"Category":"Script Editor","MemberType":"Property","Name":"Skip Closing Brackets and Quotes","Security":{"Read":"None","Write":"None"},"Serialization":{"CanLoad":true,"CanSave":true},"ThreadSafety":"ReadSafe","ValueType":{"Category":"Primitive","Name":"bool"}},{"Category":"Script Editor Colors","MemberType":"Property","Name":"String Color","Security":{"Read":"None","Write":"None"},"Serialization":{"CanLoad":false,"CanSave":false},"Tags":["NotReplicated"],"ThreadSafety":"ReadSafe","ValueType":{"Category":"DataType","Name":"Color3"}},{"Category":"Script Editor","MemberType":"Property","Name":"Tab Width","Security":{"Read":"None","Write":"None"},"Serialization":{"CanLoad":true,"CanSave":true},"ThreadSafety":"ReadSafe","ValueType":{"Category":"Primitive","Name":"int"}},{"Category":"Script Editor Colors","MemberType":"Property","Name":"Text Color","Security":{"Read":"None","Write":"None"},"Serialization":{"CanLoad":false,"CanSave":false},"Tags":["NotReplicated"],"ThreadSafety":"ReadSafe","ValueType":{"Category":"DataType","Name":"Color3"}},{"Category":"Script Editor","MemberType":"Property","Name":"Text Wrapping","Security":{"Read":"None","Write":"None"},"Serialization":{"CanLoad":true,"CanSave":true},"ThreadSafety":"ReadSafe","ValueType":{"Category":"Primitive","Name":"bool"}},{"Category":"General","MemberType":"Property","Name":"Theme","Security":{"Read":"None","Write":"None"},"Serialization":{"CanLoad":false,"CanSave":false},"ThreadSafety":"ReadSafe","ValueType":{"Category":"Class","Name":"Instance"}},{"Category":"General","MemberType":"Property","Name":"UI Theme","Security":{"Read":"None","Write":"None"},"Serialization":{"CanLoad":false,"CanSave":true},"Tags":["Hidden","ReadOnly","NotReplicated","Deprecated"],"ThreadSafety":"ReadSafe","ValueType":{"Category":"Enum","Name":"UITheme"}},{"Category":"Tools","MemberType":"Property","Name":"Use Bounding Box Move Handles","Security":{"Read":"RobloxScriptSecurity","Write":"RobloxScriptSecurity"},"Serialization":{"CanLoad":true,"CanSave":true},"ThreadSafety":"ReadSafe","ValueType":{"Category":"Primitive","Name":"bool"}},{"Category":"Script Editor Colors","MemberType":"Property","Name":"Warning Color","Security":{"Read":"None","Write":"None"},"Serialization":{"CanLoad":false,"CanSave":false},"Tags":["NotReplicated"],"ThreadSafety":"ReadSafe","ValueType":{"Category":"DataType","Name":"Color3"}},{"Category":"Script Editor Colors","MemberType":"Property","Name":"Whitespace Color","Security":{"Read":"None","Write":"None"},"Serialization":{"CanLoad":false,"CanSave":false},"Tags":["NotReplicated"],"ThreadSafety":"ReadSafe","ValueType":{"Category":"DataType","Name":"Color3"}},{"MemberType":"Function","Name":"GetAvailableThemes","Parameters":[],"ReturnType":{"Category":"Group","Name":"Array"},"Security":"PluginSecurity","ThreadSafety":"Unsafe"},{"MemberType":"Event","Name":"ThemeChanged","Parameters":[],"Security":"PluginSecurity","ThreadSafety":"Unsafe"}],"MemoryCategory":"Instances","Name":"Studio","Superclass":"Instance","Tags":["NotCreatable","Service","NotReplicated"]},{"Members":[{"MemberType":"Function","Name":"SerializeInstances","Parameters":[{"Name":"instances","Type":{"Category":"DataType","Name":"Objects"}}],"ReturnType":{"Category":"Primitive","Name":"string"},"Security":"RobloxScriptSecurity","Tags":["Yields"],"ThreadSafety":"Unsafe"}],"MemoryCategory":"Instances","Name":"StudioAssetService","Superclass":"Instance","Tags":["NotCreatable","Service","NotReplicated"]},{"Members":[{"Category":"Data","MemberType":"Property","Name":"EnableScriptCollabByDefaultOnLoad","Security":{"Read":"RobloxScriptSecurity","Write":"RobloxScriptSecurity"},"Serialization":{"CanLoad":true,"CanSave":true},"Tags":["Hidden"],"ThreadSafety":"ReadSafe","ValueType":{"Category":"Primitive","Name":"bool"}},{"Category":"Data","MemberType":"Property","Name":"SrcPlaceId","Security":{"Read":"RobloxSecurity","Write":"RobloxSecurity"},"Serialization":{"CanLoad":true,"CanSave":true},"Tags":["Hidden","NotReplicated"],"ThreadSafety":"ReadSafe","ValueType":{"Category":"Primitive","Name":"int64"}},{"Category":"Data","MemberType":"Property","Name":"SrcUniverseId","Security":{"Read":"RobloxSecurity","Write":"RobloxSecurity"},"Serialization":{"CanLoad":true,"CanSave":true},"Tags":["Hidden","NotReplicated"],"ThreadSafety":"ReadSafe","ValueType":{"Category":"Primitive","Name":"int64"}}],"MemoryCategory":"Instances","Name":"StudioData","Superclass":"Instance","Tags":["NotCreatable","Service"]},{"Members":[{"MemberType":"Function","Name":"EmulatePCDeviceWithResolution","Parameters":[{"Name":"deviceId","Type":{"Category":"Primitive","Name":"string"}},{"Name":"resolution","Type":{"Category":"DataType","Name":"Vector2"}}],"ReturnType":{"Category":"Primitive","Name":"bool"},"Security":"RobloxScriptSecurity","Tags":["Yields"],"ThreadSafety":"Unsafe"},{"MemberType":"Function","Name":"GetCurrentDeviceId","Parameters":[],"ReturnType":{"Category":"Primitive","Name":"string"},"Security":"RobloxScriptSecurity","Tags":["Yields"],"ThreadSafety":"Unsafe"},{"MemberType":"Function","Name":"GetCurrentOrientation","Parameters":[],"ReturnType":{"Category":"Enum","Name":"ScreenOrientation"},"Security":"RobloxScriptSecurity","Tags":["Yields"],"ThreadSafety":"Unsafe"},{"MemberType":"Function","Name":"HasDeviceWithId","Parameters":[{"Name":"deviceId","Type":{"Category":"Primitive","Name":"string"}}],"ReturnType":{"Category":"Primitive","Name":"bool"},"Security":"RobloxScriptSecurity","Tags":["Yields"],"ThreadSafety":"Unsafe"},{"MemberType":"Function","Name":"SetCurrentDeviceId","Parameters":[{"Name":"deviceId","Type":{"Category":"Primitive","Name":"string"}}],"ReturnType":{"Category":"Primitive","Name":"void"},"Security":"RobloxScriptSecurity","Tags":["Yields"],"ThreadSafety":"Unsafe"},{"MemberType":"Function","Name":"SetCurrentOrientation","Parameters":[{"Name":"orientation","Type":{"Category":"Enum","Name":"ScreenOrientation"}}],"ReturnType":{"Category":"Primitive","Name":"void"},"Security":"RobloxScriptSecurity","Tags":["Yields"],"ThreadSafety":"Unsafe"},{"MemberType":"Event","Name":"CurrentDeviceIdChanged","Parameters":[],"Security":"RobloxScriptSecurity","ThreadSafety":"Unsafe"},{"MemberType":"Event","Name":"OrientationChanged","Parameters":[],"Security":"RobloxScriptSecurity","ThreadSafety":"Unsafe"}],"MemoryCategory":"Instances","Name":"StudioDeviceEmulatorService","Superclass":"Instance","Tags":["NotCreatable","Service","NotReplicated"]},{"Members":[{"MemberType":"Function","Name":"IsNotHighDPIAwareBuild","Parameters":[],"ReturnType":{"Category":"Primitive","Name":"bool"},"Security":"RobloxScriptSecurity","ThreadSafety":"Unsafe"}],"MemoryCategory":"Instances","Name":"StudioHighDpiService","Superclass":"Instance","Tags":["NotCreatable","Service","NotReplicated"]},{"Members":[{"MemberType":"Function","Name":"PublishAs","Parameters":[{"Name":"universeId","Type":{"Category":"Primitive","Name":"int64"}},{"Name":"placeId","Type":{"Category":"Primitive","Name":"int64"}},{"Name":"groupId","Type":{"Category":"Primitive","Name":"int64"}},{"Name":"isPublish","Type":{"Category":"Primitive","Name":"bool"}},{"Name":"publishParameters","Type":{"Category":"Group","Name":"Variant"}}],"ReturnType":{"Category":"Primitive","Name":"void"},"Security":"RobloxScriptSecurity","ThreadSafety":"Unsafe"},{"MemberType":"Function","Name":"SetTeamCreateOnPublishInfo","Parameters":[{"Name":"shouldTurnOnTcOnPublish","Type":{"Category":"Primitive","Name":"bool"}},{"Name":"newPlaceName","Type":{"Category":"Primitive","Name":"string"}}],"ReturnType":{"Category":"Primitive","Name":"void"},"Security":"RobloxScriptSecurity","ThreadSafety":"Unsafe"},{"MemberType":"Function","Name":"SetUploadNames","Parameters":[{"Name":"placeName","Type":{"Category":"Primitive","Name":"string"}},{"Name":"universeName","Type":{"Category":"Primitive","Name":"string"}}],"ReturnType":{"Category":"Primitive","Name":"void"},"Security":"RobloxScriptSecurity","ThreadSafety":"Unsafe"}],"MemoryCategory":"Instances","Name":"StudioPublishService","Superclass":"Instance","Tags":["NotCreatable","Service","NotReplicated"]},{"Members":[],"MemoryCategory":"Instances","Name":"StudioScriptDebugEventListener","Superclass":"Instance","Tags":["NotCreatable","Service","NotReplicated"]},{"Members":[{"Category":"State","MemberType":"Property","Name":"ActiveScript","Security":{"Read":"None","Write":"None"},"Serialization":{"CanLoad":false,"CanSave":false},"Tags":["ReadOnly","NotReplicated"],"ThreadSafety":"ReadSafe","ValueType":{"Category":"Class","Name":"Instance"}},{"Category":"Data","MemberType":"Property","Name":"AlignDraggedObjects","Security":{"Read":"RobloxScriptSecurity","Write":"RobloxScriptSecurity"},"Serialization":{"CanLoad":false,"CanSave":false},"Tags":["Hidden","ReadOnly","NotReplicated"],"ThreadSafety":"ReadSafe","ValueType":{"Category":"Primitive","Name":"bool"}},{"Category":"Data","MemberType":"Property","Name":"DraggerSolveConstraints","Security":{"Read":"None","Write":"None"},"Serialization":{"CanLoad":false,"CanSave":false},"Tags":["ReadOnly","NotReplicated"],"ThreadSafety":"ReadSafe","ValueType":{"Category":"Primitive","Name":"bool"}},{"Category":"Data","MemberType":"Property","Name":"DrawConstraintsOnTop","Security":{"Read":"None","Write":"None"},"Serialization":{"CanLoad":false,"CanSave":false},"Tags":["ReadOnly","NotReplicated"],"ThreadSafety":"ReadSafe","ValueType":{"Category":"Primitive","Name":"bool"}},{"Category":"Data","MemberType":"Property","Name":"GridSize","Security":{"Read":"None","Write":"None"},"Serialization":{"CanLoad":false,"CanSave":false},"Tags":["ReadOnly","NotReplicated"],"ThreadSafety":"ReadSafe","ValueType":{"Category":"Primitive","Name":"float"}},{"Category":"Data","MemberType":"Property","Name":"HoverInstance","Security":{"Read":"RobloxScriptSecurity","Write":"RobloxScriptSecurity"},"Serialization":{"CanLoad":false,"CanSave":false},"Tags":["Hidden","NotReplicated"],"ThreadSafety":"ReadSafe","ValueType":{"Category":"Class","Name":"Instance"}},{"Category":"Data","MemberType":"Property","Name":"InstalledPluginData","Security":{"Read":"RobloxScriptSecurity","Write":"RobloxScriptSecurity"},"Serialization":{"CanLoad":false,"CanSave":false},"Tags":["Hidden","ReadOnly","NotReplicated"],"ThreadSafety":"ReadSafe","ValueType":{"Category":"Primitive","Name":"string"}},{"Category":"Data","MemberType":"Property","Name":"PivotSnapToGeometry","Security":{"Read":"RobloxScriptSecurity","Write":"RobloxScriptSecurity"},"Serialization":{"CanLoad":false,"CanSave":false},"Tags":["Hidden","ReadOnly","NotReplicated"],"ThreadSafety":"ReadSafe","ValueType":{"Category":"Primitive","Name":"bool"}},{"Category":"Data","MemberType":"Property","Name":"RotateIncrement","Security":{"Read":"None","Write":"None"},"Serialization":{"CanLoad":false,"CanSave":false},"Tags":["ReadOnly","NotReplicated"],"ThreadSafety":"ReadSafe","ValueType":{"Category":"Primitive","Name":"float"}},{"Category":"Data","MemberType":"Property","Name":"ShowActiveInstanceHighlight","Security":{"Read":"RobloxScriptSecurity","Write":"RobloxScriptSecurity"},"Serialization":{"CanLoad":false,"CanSave":false},"Tags":["Hidden","NotReplicated"],"ThreadSafety":"ReadSafe","ValueType":{"Category":"Primitive","Name":"bool"}},{"Category":"Data","MemberType":"Property","Name":"ShowConstraintDetails","Security":{"Read":"None","Write":"None"},"Serialization":{"CanLoad":false,"CanSave":false},"Tags":["ReadOnly","NotReplicated"],"ThreadSafety":"ReadSafe","ValueType":{"Category":"Primitive","Name":"bool"}},{"Category":"State","MemberType":"Property","Name":"StudioLocaleId","Security":{"Read":"None","Write":"None"},"Serialization":{"CanLoad":false,"CanSave":false},"Tags":["ReadOnly","NotReplicated"],"ThreadSafety":"ReadSafe","ValueType":{"Category":"Primitive","Name":"string"}},{"Category":"Data","MemberType":"Property","Name":"UseLocalSpace","Security":{"Read":"None","Write":"None"},"Serialization":{"CanLoad":true,"CanSave":false},"Tags":["NotReplicated"],"ThreadSafety":"ReadSafe","ValueType":{"Category":"Primitive","Name":"bool"}},{"MemberType":"Function","Name":"AnimationIdSelected","Parameters":[{"Name":"id","Type":{"Category":"Primitive","Name":"int64"}}],"ReturnType":{"Category":"Primitive","Name":"void"},"Security":"RobloxScriptSecurity","ThreadSafety":"Unsafe"},{"MemberType":"Function","Name":"CopyToClipboard","Parameters":[{"Name":"stringToCopy","Type":{"Category":"Primitive","Name":"string"}}],"ReturnType":{"Category":"Primitive","Name":"void"},"Security":"RobloxScriptSecurity","ThreadSafety":"Unsafe"},{"MemberType":"Function","Name":"EmitPlacePublishedSignal","Parameters":[],"ReturnType":{"Category":"Primitive","Name":"void"},"Security":"RobloxScriptSecurity","ThreadSafety":"Unsafe"},{"MemberType":"Function","Name":"GetBadgeConfigureUrl","Parameters":[{"Name":"badgeId","Type":{"Category":"Primitive","Name":"int64"}}],"ReturnType":{"Category":"Primitive","Name":"string"},"Security":"RobloxScriptSecurity","ThreadSafety":"Unsafe"},{"MemberType":"Function","Name":"GetBadgeUploadUrl","Parameters":[],"ReturnType":{"Category":"Primitive","Name":"string"},"Security":"RobloxScriptSecurity","ThreadSafety":"Unsafe"},{"MemberType":"Function","Name":"GetClassIcon","Parameters":[{"Name":"className","Type":{"Category":"Primitive","Name":"string"}}],"ReturnType":{"Category":"Group","Name":"Dictionary"},"Security":"PluginSecurity","ThreadSafety":"Unsafe"},{"MemberType":"Function","Name":"GetPlaceIsPersistedToCloud","Parameters":[],"ReturnType":{"Category":"Primitive","Name":"bool"},"Security":"RobloxScriptSecurity","ThreadSafety":"Unsafe"},{"MemberType":"Function","Name":"GetResourceByCategory","Parameters":[{"Name":"category","Type":{"Category":"Primitive","Name":"string"}}],"ReturnType":{"Category":"Group","Name":"Dictionary"},"Security":"RobloxScriptSecurity","ThreadSafety":"Unsafe"},{"MemberType":"Function","Name":"GetStartupAssetId","Parameters":[],"ReturnType":{"Category":"Primitive","Name":"string"},"Security":"RobloxScriptSecurity","ThreadSafety":"Unsafe"},{"MemberType":"Function","Name":"GetStartupPluginId","Parameters":[],"ReturnType":{"Category":"Primitive","Name":"string"},"Security":"RobloxScriptSecurity","ThreadSafety":"Unsafe"},{"MemberType":"Function","Name":"GetTermsOfUseUrl","Parameters":[],"ReturnType":{"Category":"Primitive","Name":"string"},"Security":"RobloxScriptSecurity","ThreadSafety":"Unsafe"},{"MemberType":"Function","Name":"GetUserId","Parameters":[],"ReturnType":{"Category":"Primitive","Name":"int64"},"Security":"PluginSecurity","ThreadSafety":"Unsafe"},{"MemberType":"Function","Name":"GetUserIsInTeamCreateToggleRamp","Parameters":[],"ReturnType":{"Category":"Primitive","Name":"bool"},"Security":"RobloxScriptSecurity","ThreadSafety":"Unsafe"},{"MemberType":"Function","Name":"GizmoRaycast","Parameters":[{"Name":"origin","Type":{"Category":"DataType","Name":"Vector3"}},{"Name":"direction","Type":{"Category":"DataType","Name":"Vector3"}},{"Default":"RaycastParams{IgnoreWater=false, BruteForceAllSlow=false, CollisionGroup=Default, FilterDescendantsInstances={}}","Name":"raycastParams","Type":{"Category":"DataType","Name":"RaycastParams"}}],"ReturnType":{"Category":"DataType","Name":"RaycastResult"},"Security":"PluginSecurity","ThreadSafety":"Unsafe"},{"MemberType":"Function","Name":"HasInternalPermission","Parameters":[],"ReturnType":{"Category":"Primitive","Name":"bool"},"Security":"RobloxScriptSecurity","ThreadSafety":"Unsafe"},{"MemberType":"Function","Name":"IsPluginInstalled","Parameters":[{"Name":"assetId","Type":{"Category":"Primitive","Name":"int64"}}],"ReturnType":{"Category":"Primitive","Name":"bool"},"Security":"RobloxScriptSecurity","ThreadSafety":"Unsafe"},{"MemberType":"Function","Name":"IsPluginUpToDate","Parameters":[{"Name":"assetId","Type":{"Category":"Primitive","Name":"int64"}},{"Name":"currentAssetVersion","Type":{"Category":"Primitive","Name":"int64"}}],"ReturnType":{"Category":"Primitive","Name":"bool"},"Security":"RobloxScriptSecurity","ThreadSafety":"Unsafe"},{"MemberType":"Function","Name":"OpenInBrowser_DONOTUSE","Parameters":[{"Name":"url","Type":{"Category":"Primitive","Name":"string"}}],"ReturnType":{"Category":"Primitive","Name":"void"},"Security":"RobloxScriptSecurity","ThreadSafety":"Unsafe"},{"MemberType":"Function","Name":"PublishAs","Parameters":[{"Name":"universeId","Type":{"Category":"Primitive","Name":"int64"}},{"Name":"placeId","Type":{"Category":"Primitive","Name":"int64"}},{"Name":"groupId","Type":{"Category":"Primitive","Name":"int64"}}],"ReturnType":{"Category":"Primitive","Name":"void"},"Security":"RobloxScriptSecurity","ThreadSafety":"Unsafe"},{"MemberType":"Function","Name":"RefreshDocumentDisplayName","Parameters":[],"ReturnType":{"Category":"Primitive","Name":"void"},"Security":"RobloxScriptSecurity","ThreadSafety":"Unsafe"},{"MemberType":"Function","Name":"RequestClose","Parameters":[{"Name":"closeMode","Type":{"Category":"Enum","Name":"StudioCloseMode"}}],"ReturnType":{"Category":"Primitive","Name":"void"},"Security":"RobloxScriptSecurity","ThreadSafety":"Unsafe"},{"MemberType":"Function","Name":"SetPluginEnabled","Parameters":[{"Name":"assetId","Type":{"Category":"Primitive","Name":"int64"}},{"Name":"state","Type":{"Category":"Primitive","Name":"bool"}}],"ReturnType":{"Category":"Primitive","Name":"void"},"Security":"RobloxScriptSecurity","ThreadSafety":"Unsafe"},{"MemberType":"Function","Name":"SetUniverseDisplayName","Parameters":[{"Name":"newName","Type":{"Category":"Primitive","Name":"string"}}],"ReturnType":{"Category":"Primitive","Name":"void"},"Security":"RobloxScriptSecurity","ThreadSafety":"Unsafe"},{"MemberType":"Function","Name":"ShowPlaceVersionHistoryDialog","Parameters":[{"Name":"placeId","Type":{"Category":"Primitive","Name":"int64"}}],"ReturnType":{"Category":"Primitive","Name":"void"},"Security":"RobloxScriptSecurity","ThreadSafety":"Unsafe"},{"MemberType":"Function","Name":"ShowPublishToRoblox","Parameters":[],"ReturnType":{"Category":"Primitive","Name":"void"},"Security":"RobloxScriptSecurity","ThreadSafety":"Unsafe"},{"MemberType":"Function","Name":"ShowSaveOrPublishPlaceToRoblox","Parameters":[{"Name":"showGameSelect","Type":{"Category":"Primitive","Name":"bool"}},{"Name":"isPublish","Type":{"Category":"Primitive","Name":"bool"}},{"Name":"closeMode","Type":{"Category":"Enum","Name":"StudioCloseMode"}}],"ReturnType":{"Category":"Primitive","Name":"void"},"Security":"RobloxScriptSecurity","ThreadSafety":"Unsafe"},{"MemberType":"Function","Name":"UninstallPlugin","Parameters":[{"Name":"assetId","Type":{"Category":"Primitive","Name":"int64"}}],"ReturnType":{"Category":"Primitive","Name":"void"},"Security":"RobloxScriptSecurity","ThreadSafety":"Unsafe"},{"MemberType":"Function","Name":"UpdatePluginManagement","Parameters":[],"ReturnType":{"Category":"Primitive","Name":"void"},"Security":"RobloxScriptSecurity","ThreadSafety":"Unsafe"},{"MemberType":"Function","Name":"PromptImportFile","Parameters":[{"Default":"{}","Name":"fileTypeFilter","Type":{"Category":"Group","Name":"Array"}}],"ReturnType":{"Category":"Class","Name":"Instance"},"Security":"PluginSecurity","Tags":["Yields"],"ThreadSafety":"Unsafe"},{"MemberType":"Function","Name":"PromptImportFiles","Parameters":[{"Default":"{}","Name":"fileTypeFilter","Type":{"Category":"Group","Name":"Array"}}],"ReturnType":{"Category":"DataType","Name":"Objects"},"Security":"PluginSecurity","Tags":["Yields"],"ThreadSafety":"Unsafe"},{"MemberType":"Function","Name":"TryInstallPlugin","Parameters":[{"Name":"assetId","Type":{"Category":"Primitive","Name":"int64"}},{"Name":"assetVersionId","Type":{"Category":"Primitive","Name":"int64"}}],"ReturnType":{"Category":"Primitive","Name":"void"},"Security":"RobloxScriptSecurity","Tags":["Yields"],"ThreadSafety":"Unsafe"},{"MemberType":"Event","Name":"GameNameUpdated","Parameters":[{"Name":"name","Type":{"Category":"Primitive","Name":"string"}}],"Security":"RobloxScriptSecurity","ThreadSafety":"Unsafe"},{"MemberType":"Event","Name":"GamePublishFinished","Parameters":[{"Name":"success","Type":{"Category":"Primitive","Name":"bool"}},{"Name":"gameId","Type":{"Category":"Primitive","Name":"int64"}}],"Security":"RobloxScriptSecurity","ThreadSafety":"Unsafe"},{"MemberType":"Event","Name":"OnImportFromRoblox","Parameters":[],"Security":"RobloxScriptSecurity","ThreadSafety":"Unsafe"},{"MemberType":"Event","Name":"OnOpenGameSettings","Parameters":[{"Name":"pageIdentifier","Type":{"Category":"Primitive","Name":"string"}}],"Security":"RobloxScriptSecurity","ThreadSafety":"Unsafe"},{"MemberType":"Event","Name":"OnOpenManagePackagePlugin","Parameters":[{"Name":"userId","Type":{"Category":"Primitive","Name":"int64"}},{"Name":"assetId","Type":{"Category":"Primitive","Name":"int64"}}],"Security":"RobloxScriptSecurity","ThreadSafety":"Unsafe"},{"MemberType":"Event","Name":"OnPluginInstalledFromToolbox","Parameters":[],"Security":"RobloxScriptSecurity","ThreadSafety":"Unsafe"},{"MemberType":"Event","Name":"OnPluginInstalledFromWeb","Parameters":[{"Name":"pluginId","Type":{"Category":"Primitive","Name":"string"}}],"Security":"RobloxScriptSecurity","ThreadSafety":"Unsafe"},{"MemberType":"Event","Name":"OnPublishAsPlugin","Parameters":[{"Name":"instances","Type":{"Category":"DataType","Name":"Objects"}}],"Security":"RobloxScriptSecurity","ThreadSafety":"Unsafe"},{"MemberType":"Event","Name":"OnPublishPlaceToRoblox","Parameters":[{"Name":"isOverwritePublish","Type":{"Category":"Primitive","Name":"bool"}}],"Security":"RobloxScriptSecurity","ThreadSafety":"Unsafe"},{"MemberType":"Event","Name":"OnSaveOrPublishPlaceToRoblox","Parameters":[{"Name":"showGameSelect","Type":{"Category":"Primitive","Name":"bool"}},{"Name":"isPublish","Type":{"Category":"Primitive","Name":"bool"}},{"Name":"closeMode","Type":{"Category":"Enum","Name":"StudioCloseMode"}}],"Security":"RobloxScriptSecurity","ThreadSafety":"Unsafe"},{"MemberType":"Event","Name":"OnSaveToRoblox","Parameters":[{"Name":"instances","Type":{"Category":"DataType","Name":"Objects"}}],"Security":"RobloxScriptSecurity","ThreadSafety":"Unsafe"},{"MemberType":"Event","Name":"PromptTransformPluginCheckEnable","Parameters":[],"Security":"RobloxScriptSecurity","ThreadSafety":"Unsafe"},{"MemberType":"Event","Name":"SaveLocallyAsComplete","Parameters":[{"Name":"success","Type":{"Category":"Primitive","Name":"bool"}}],"Security":"RobloxScriptSecurity","ThreadSafety":"Unsafe"}],"MemoryCategory":"Instances","Name":"StudioService","Superclass":"Instance","Tags":["NotCreatable","Service","NotReplicated"]},{"Members":[{"MemberType":"Function","Name":"GetColor","Parameters":[{"Name":"styleguideitem","Type":{"Category":"Enum","Name":"StudioStyleGuideColor"}},{"Default":"Default","Name":"modifier","Type":{"Category":"Enum","Name":"StudioStyleGuideModifier"}}],"ReturnType":{"Category":"DataType","Name":"Color3"},"Security":"PluginSecurity","ThreadSafety":"Unsafe"}],"MemoryCategory":"Instances","Name":"StudioTheme","Superclass":"Instance","Tags":["NotCreatable","NotReplicated"]},{"Members":[{"Category":"Appearance","MemberType":"Property","Name":"AlphaMode","Security":{"Read":"PluginSecurity","Write":"PluginSecurity"},"Serialization":{"CanLoad":true,"CanSave":true},"ThreadSafety":"ReadSafe","ValueType":{"Category":"Enum","Name":"AlphaMode"}},{"Category":"Appearance","MemberType":"Property","Name":"ColorMap","Security":{"Read":"PluginSecurity","Write":"PluginSecurity"},"Serialization":{"CanLoad":true,"CanSave":true},"ThreadSafety":"ReadSafe","ValueType":{"Category":"DataType","Name":"Content"}},{"Category":"Appearance","MemberType":"Property","Name":"MetalnessMap","Security":{"Read":"PluginSecurity","Write":"PluginSecurity"},"Serialization":{"CanLoad":true,"CanSave":true},"ThreadSafety":"ReadSafe","ValueType":{"Category":"DataType","Name":"Content"}},{"Category":"Appearance","MemberType":"Property","Name":"NormalMap","Security":{"Read":"PluginSecurity","Write":"PluginSecurity"},"Serialization":{"CanLoad":true,"CanSave":true},"ThreadSafety":"ReadSafe","ValueType":{"Category":"DataType","Name":"Content"}},{"Category":"Appearance","MemberType":"Property","Name":"RoughnessMap","Security":{"Read":"PluginSecurity","Write":"PluginSecurity"},"Serialization":{"CanLoad":true,"CanSave":true},"ThreadSafety":"ReadSafe","ValueType":{"Category":"DataType","Name":"Content"}},{"Category":"Appearance","MemberType":"Property","Name":"TexturePack","Security":{"Read":"RobloxSecurity","Write":"RobloxSecurity"},"Serialization":{"CanLoad":true,"CanSave":true},"Tags":["Hidden"],"ThreadSafety":"ReadSafe","ValueType":{"Category":"DataType","Name":"Content"}}],"MemoryCategory":"Instances","Name":"SurfaceAppearance","Superclass":"Instance"},{"Members":[{"Category":"Diagnostics","MemberType":"Property","Name":"SchedulerDutyCycle","Security":{"Read":"None","Write":"None"},"Serialization":{"CanLoad":false,"CanSave":true},"Tags":["ReadOnly","NotReplicated"],"ThreadSafety":"ReadSafe","ValueType":{"Category":"Primitive","Name":"double"}},{"Category":"Diagnostics","MemberType":"Property","Name":"SchedulerRate","Security":{"Read":"None","Write":"None"},"Serialization":{"CanLoad":false,"CanSave":true},"Tags":["ReadOnly","NotReplicated"],"ThreadSafety":"ReadSafe","ValueType":{"Category":"Primitive","Name":"double"}},{"Category":"Configuration","MemberType":"Property","Name":"ThreadPoolConfig","Security":{"Read":"None","Write":"None"},"Serialization":{"CanLoad":true,"CanSave":true},"ThreadSafety":"ReadSafe","ValueType":{"Category":"Enum","Name":"ThreadPoolConfig"}},{"Category":"Diagnostics","MemberType":"Property","Name":"ThreadPoolSize","Security":{"Read":"None","Write":"None"},"Serialization":{"CanLoad":false,"CanSave":true},"Tags":["ReadOnly","NotReplicated"],"ThreadSafety":"ReadSafe","ValueType":{"Category":"Primitive","Name":"int"}}],"MemoryCategory":"Instances","Name":"TaskScheduler","Superclass":"Instance","Tags":["NotCreatable","Service"]},{"Members":[{"Category":"Data","MemberType":"Property","Name":"AutoAssignable","Security":{"Read":"None","Write":"None"},"Serialization":{"CanLoad":true,"CanSave":true},"ThreadSafety":"ReadSafe","ValueType":{"Category":"Primitive","Name":"bool"}},{"Category":"Data","MemberType":"Property","Name":"AutoColorCharacters","Security":{"Read":"None","Write":"None"},"Serialization":{"CanLoad":true,"CanSave":false},"Tags":["NotReplicated","Deprecated"],"ThreadSafety":"ReadSafe","ValueType":{"Category":"Primitive","Name":"bool"}},{"Category":"Data","MemberType":"Property","Name":"ChildOrder","Security":{"Read":"RobloxScriptSecurity","Write":"RobloxScriptSecurity"},"Serialization":{"CanLoad":false,"CanSave":false},"Tags":["Hidden"],"ThreadSafety":"ReadSafe","ValueType":{"Category":"Primitive","Name":"int"}},{"Category":"Data","MemberType":"Property","Name":"Score","Security":{"Read":"None","Write":"None"},"Serialization":{"CanLoad":true,"CanSave":false},"Tags":["NotReplicated","Deprecated"],"ThreadSafety":"ReadSafe","ValueType":{"Category":"Primitive","Name":"int"}},{"Category":"Data","MemberType":"Property","Name":"TeamColor","Security":{"Read":"None","Write":"None"},"Serialization":{"CanLoad":true,"CanSave":true},"ThreadSafety":"ReadSafe","ValueType":{"Category":"DataType","Name":"BrickColor"}},{"MemberType":"Function","Name":"GetPlayers","Parameters":[],"ReturnType":{"Category":"DataType","Name":"Objects"},"Security":"None","ThreadSafety":"Unsafe"},{"MemberType":"Event","Name":"PlayerAdded","Parameters":[{"Name":"player","Type":{"Category":"Class","Name":"Player"}}],"Security":"None","ThreadSafety":"Unsafe"},{"MemberType":"Event","Name":"PlayerRemoved","Parameters":[{"Name":"player","Type":{"Category":"Class","Name":"Player"}}],"Security":"None","ThreadSafety":"Unsafe"}],"MemoryCategory":"Instances","Name":"Team","Superclass":"Instance"},{"Members":[{"MemberType":"Function","Name":"GetTeams","Parameters":[],"ReturnType":{"Category":"DataType","Name":"Objects"},"Security":"None","ThreadSafety":"Unsafe"},{"MemberType":"Function","Name":"RebalanceTeams","Parameters":[],"ReturnType":{"Category":"Primitive","Name":"void"},"Security":"None","Tags":["Deprecated"],"ThreadSafety":"Unsafe"}],"MemoryCategory":"Instances","Name":"Teams","Superclass":"Instance","Tags":["NotCreatable","Service"]},{"Members":[{"Category":"Data","MemberType":"Property","Name":"PrivateServerId","Security":{"Read":"None","Write":"None"},"Serialization":{"CanLoad":false,"CanSave":true},"Tags":["ReadOnly","NotReplicated"],"ThreadSafety":"ReadSafe","ValueType":{"Category":"Primitive","Name":"string"}},{"Category":"Data","MemberType":"Property","Name":"ReservedServerAccessCode","Security":{"Read":"None","Write":"None"},"Serialization":{"CanLoad":false,"CanSave":true},"Tags":["ReadOnly","NotReplicated"],"ThreadSafety":"ReadSafe","ValueType":{"Category":"Primitive","Name":"string"}}],"MemoryCategory":"Instances","Name":"TeleportAsyncResult","Superclass":"Instance","Tags":["NotCreatable"]},{"Members":[{"Category":"Data","MemberType":"Property","Name":"ReservedServerAccessCode","Security":{"Read":"None","Write":"None"},"Serialization":{"CanLoad":true,"CanSave":true},"ThreadSafety":"ReadSafe","ValueType":{"Category":"Primitive","Name":"string"}},{"Category":"Data","MemberType":"Property","Name":"ServerInstanceId","Security":{"Read":"None","Write":"None"},"Serialization":{"CanLoad":true,"CanSave":true},"ThreadSafety":"ReadSafe","ValueType":{"Category":"Primitive","Name":"string"}},{"Category":"Data","MemberType":"Property","Name":"ShouldReserveServer","Security":{"Read":"None","Write":"None"},"Serialization":{"CanLoad":true,"CanSave":true},"ThreadSafety":"ReadSafe","ValueType":{"Category":"Primitive","Name":"bool"}},{"MemberType":"Function","Name":"GetTeleportData","Parameters":[],"ReturnType":{"Category":"Group","Name":"Variant"},"Security":"None","ThreadSafety":"Unsafe"},{"MemberType":"Function","Name":"SetTeleportData","Parameters":[{"Name":"teleportData","Type":{"Category":"Group","Name":"Variant"}}],"ReturnType":{"Category":"Primitive","Name":"void"},"Security":"None","ThreadSafety":"Unsafe"}],"MemoryCategory":"Instances","Name":"TeleportOptions","Superclass":"Instance"},{"Members":[{"Category":"Data","MemberType":"Property","Name":"CustomizedTeleportUI","Security":{"Read":"None","Write":"None"},"Serialization":{"CanLoad":true,"CanSave":false},"Tags":["NotReplicated","Deprecated"],"ThreadSafety":"ReadSafe","ValueType":{"Category":"Primitive","Name":"bool"}},{"MemberType":"Function","Name":"GetArrivingTeleportGui","Parameters":[],"ReturnType":{"Category":"Class","Name":"Instance"},"Security":"None","ThreadSafety":"Unsafe"},{"MemberType":"Function","Name":"GetLocalPlayerTeleportData","Parameters":[],"ReturnType":{"Category":"Group","Name":"Variant"},"Security":"None","ThreadSafety":"Unsafe"},{"MemberType":"Function","Name":"GetTeleportSetting","Parameters":[{"Name":"setting","Type":{"Category":"Primitive","Name":"string"}}],"ReturnType":{"Category":"Group","Name":"Variant"},"Security":"None","ThreadSafety":"Unsafe"},{"MemberType":"Function","Name":"SetTeleportGui","Parameters":[{"Name":"gui","Type":{"Category":"Class","Name":"Instance"}}],"ReturnType":{"Category":"Primitive","Name":"void"},"Security":"None","ThreadSafety":"Unsafe"},{"MemberType":"Function","Name":"SetTeleportSetting","Parameters":[{"Name":"setting","Type":{"Category":"Primitive","Name":"string"}},{"Name":"value","Type":{"Category":"Group","Name":"Variant"}}],"ReturnType":{"Category":"Primitive","Name":"void"},"Security":"None","ThreadSafety":"Unsafe"},{"MemberType":"Function","Name":"Teleport","Parameters":[{"Name":"placeId","Type":{"Category":"Primitive","Name":"int64"}},{"Default":"nil","Name":"player","Type":{"Category":"Class","Name":"Instance"}},{"Name":"teleportData","Type":{"Category":"Group","Name":"Variant"}},{"Default":"nil","Name":"customLoadingScreen","Type":{"Category":"Class","Name":"Instance"}}],"ReturnType":{"Category":"Primitive","Name":"void"},"Security":"None","ThreadSafety":"Unsafe"},{"MemberType":"Function","Name":"TeleportCancel","Parameters":[],"ReturnType":{"Category":"Primitive","Name":"void"},"Security":"RobloxScriptSecurity","ThreadSafety":"Unsafe"},{"MemberType":"Function","Name":"TeleportToPlaceInstance","Parameters":[{"Name":"placeId","Type":{"Category":"Primitive","Name":"int64"}},{"Name":"instanceId","Type":{"Category":"Primitive","Name":"string"}},{"Default":"nil","Name":"player","Type":{"Category":"Class","Name":"Instance"}},{"Default":"","Name":"spawnName","Type":{"Category":"Primitive","Name":"string"}},{"Name":"teleportData","Type":{"Category":"Group","Name":"Variant"}},{"Default":"nil","Name":"customLoadingScreen","Type":{"Category":"Class","Name":"Instance"}}],"ReturnType":{"Category":"Primitive","Name":"void"},"Security":"None","ThreadSafety":"Unsafe"},{"MemberType":"Function","Name":"TeleportToPrivateServer","Parameters":[{"Name":"placeId","Type":{"Category":"Primitive","Name":"int64"}},{"Name":"reservedServerAccessCode","Type":{"Category":"Primitive","Name":"string"}},{"Name":"players","Type":{"Category":"DataType","Name":"Objects"}},{"Default":"","Name":"spawnName","Type":{"Category":"Primitive","Name":"string"}},{"Name":"teleportData","Type":{"Category":"Group","Name":"Variant"}},{"Default":"nil","Name":"customLoadingScreen","Type":{"Category":"Class","Name":"Instance"}}],"ReturnType":{"Category":"Primitive","Name":"void"},"Security":"None","ThreadSafety":"Unsafe"},{"MemberType":"Function","Name":"TeleportToSpawnByName","Parameters":[{"Name":"placeId","Type":{"Category":"Primitive","Name":"int64"}},{"Name":"spawnName","Type":{"Category":"Primitive","Name":"string"}},{"Default":"nil","Name":"player","Type":{"Category":"Class","Name":"Instance"}},{"Name":"teleportData","Type":{"Category":"Group","Name":"Variant"}},{"Default":"nil","Name":"customLoadingScreen","Type":{"Category":"Class","Name":"Instance"}}],"ReturnType":{"Category":"Primitive","Name":"void"},"Security":"None","ThreadSafety":"Unsafe"},{"MemberType":"Function","Name":"GetPlayerPlaceInstanceAsync","Parameters":[{"Name":"userId","Type":{"Category":"Primitive","Name":"int64"}}],"ReturnType":{"Category":"Group","Name":"Tuple"},"Security":"None","Tags":["Yields"],"ThreadSafety":"Unsafe"},{"MemberType":"Function","Name":"ReserveServer","Parameters":[{"Name":"placeId","Type":{"Category":"Primitive","Name":"int64"}}],"ReturnType":{"Category":"Group","Name":"Tuple"},"Security":"None","Tags":["Yields"],"ThreadSafety":"Unsafe"},{"MemberType":"Function","Name":"TeleportAsync","Parameters":[{"Name":"placeId","Type":{"Category":"Primitive","Name":"int64"}},{"Name":"players","Type":{"Category":"DataType","Name":"Objects"}},{"Default":"nil","Name":"teleportOptions","Type":{"Category":"Class","Name":"Instance"}}],"ReturnType":{"Category":"Class","Name":"Instance"},"Security":"None","Tags":["Yields"],"ThreadSafety":"Unsafe"},{"MemberType":"Function","Name":"TeleportPartyAsync","Parameters":[{"Name":"placeId","Type":{"Category":"Primitive","Name":"int64"}},{"Name":"players","Type":{"Category":"DataType","Name":"Objects"}},{"Name":"teleportData","Type":{"Category":"Group","Name":"Variant"}},{"Default":"nil","Name":"customLoadingScreen","Type":{"Category":"Class","Name":"Instance"}}],"ReturnType":{"Category":"Primitive","Name":"string"},"Security":"None","Tags":["Yields"],"ThreadSafety":"Unsafe"},{"MemberType":"Event","Name":"LocalPlayerArrivedFromTeleport","Parameters":[{"Name":"loadingGui","Type":{"Category":"Class","Name":"Instance"}},{"Name":"dataTable","Type":{"Category":"Group","Name":"Variant"}}],"Security":"None","ThreadSafety":"Unsafe"},{"MemberType":"Event","Name":"TeleportInitFailed","Parameters":[{"Name":"player","Type":{"Category":"Class","Name":"Instance"}},{"Name":"teleportResult","Type":{"Category":"Enum","Name":"TeleportResult"}},{"Name":"errorMessage","Type":{"Category":"Primitive","Name":"string"}},{"Name":"placeId","Type":{"Category":"Primitive","Name":"int64"}},{"Name":"teleportOptions","Type":{"Category":"Class","Name":"Instance"}}],"Security":"None","ThreadSafety":"Unsafe"}],"MemoryCategory":"Instances","Name":"TeleportService","Superclass":"Instance","Tags":["NotCreatable","Service"]},{"Members":[],"MemoryCategory":"Instances","Name":"TemporaryCageMeshProvider","Superclass":"Instance","Tags":["NotCreatable","Service","NotReplicated"]},{"Members":[],"MemoryCategory":"Instances","Name":"TemporaryScriptService","Superclass":"Instance","Tags":["NotCreatable","Service","NotReplicated"]},{"Members":[{"Category":"Appearance","MemberType":"Property","Name":"ColorMap","Security":{"Read":"PluginSecurity","Write":"PluginSecurity"},"Serialization":{"CanLoad":true,"CanSave":true},"ThreadSafety":"ReadSafe","ValueType":{"Category":"DataType","Name":"Content"}},{"Category":"Appearance","MemberType":"Property","Name":"Face","Security":{"Read":"None","Write":"None"},"Serialization":{"CanLoad":true,"CanSave":true},"ThreadSafety":"ReadSafe","ValueType":{"Category":"Enum","Name":"TerrainFace"}},{"Category":"Appearance","MemberType":"Property","Name":"MaterialPattern","Security":{"Read":"None","Write":"None"},"Serialization":{"CanLoad":true,"CanSave":true},"ThreadSafety":"ReadSafe","ValueType":{"Category":"Enum","Name":"MaterialPattern"}},{"Category":"Appearance","MemberType":"Property","Name":"MetalnessMap","Security":{"Read":"PluginSecurity","Write":"PluginSecurity"},"Serialization":{"CanLoad":true,"CanSave":true},"ThreadSafety":"ReadSafe","ValueType":{"Category":"DataType","Name":"Content"}},{"Category":"Appearance","MemberType":"Property","Name":"NormalMap","Security":{"Read":"PluginSecurity","Write":"PluginSecurity"},"Serialization":{"CanLoad":true,"CanSave":true},"ThreadSafety":"ReadSafe","ValueType":{"Category":"DataType","Name":"Content"}},{"Category":"Appearance","MemberType":"Property","Name":"RoughnessMap","Security":{"Read":"PluginSecurity","Write":"PluginSecurity"},"Serialization":{"CanLoad":true,"CanSave":true},"ThreadSafety":"ReadSafe","ValueType":{"Category":"DataType","Name":"Content"}},{"Category":"Appearance","MemberType":"Property","Name":"StudsPerTile","Security":{"Read":"None","Write":"None"},"Serialization":{"CanLoad":true,"CanSave":true},"ThreadSafety":"ReadSafe","ValueType":{"Category":"Primitive","Name":"float"}}],"MemoryCategory":"Instances","Name":"TerrainDetail","Superclass":"Instance","Tags":["NotBrowsable"]},{"Members":[{"Category":"Data","MemberType":"Property","Name":"IsSmooth","Security":{"Read":"None","Write":"None"},"Serialization":{"CanLoad":false,"CanSave":false},"Tags":["ReadOnly","NotReplicated","Deprecated"],"ThreadSafety":"ReadSafe","ValueType":{"Category":"Primitive","Name":"bool"}},{"Category":"Data","MemberType":"Property","Name":"SizeInCells","Security":{"Read":"None","Write":"None"},"Serialization":{"CanLoad":false,"CanSave":false},"Tags":["ReadOnly","NotReplicated"],"ThreadSafety":"ReadSafe","ValueType":{"Category":"DataType","Name":"Vector3"}},{"MemberType":"Function","Name":"ConvertToSmooth","Parameters":[],"ReturnType":{"Category":"Primitive","Name":"void"},"Security":"PluginSecurity","Tags":["Deprecated"],"ThreadSafety":"Unsafe"}],"MemoryCategory":"Instances","Name":"TerrainRegion","Superclass":"Instance"},{"Members":[{"Category":"Physics","MemberType":"Property","Name":"AutoRuns","Security":{"Read":"None","Write":"None"},"Serialization":{"CanLoad":true,"CanSave":true},"ThreadSafety":"ReadSafe","ValueType":{"Category":"Primitive","Name":"bool"}},{"Category":"Data","MemberType":"Property","Name":"Description","Security":{"Read":"None","Write":"None"},"Serialization":{"CanLoad":true,"CanSave":true},"ThreadSafety":"ReadSafe","ValueType":{"Category":"Primitive","Name":"string"}},{"Category":"Results","MemberType":"Property","Name":"ErrorCount","Security":{"Read":"None","Write":"None"},"Serialization":{"CanLoad":false,"CanSave":true},"Tags":["ReadOnly","NotReplicated"],"ThreadSafety":"ReadSafe","ValueType":{"Category":"Primitive","Name":"int"}},{"Category":"Settings","MemberType":"Property","Name":"ExecuteWithStudioRun","Security":{"Read":"None","Write":"None"},"Serialization":{"CanLoad":true,"CanSave":true},"ThreadSafety":"ReadSafe","ValueType":{"Category":"Primitive","Name":"bool"}},{"Category":"Physics","MemberType":"Property","Name":"Is30FpsThrottleEnabled","Security":{"Read":"None","Write":"None"},"Serialization":{"CanLoad":true,"CanSave":true},"ThreadSafety":"ReadSafe","ValueType":{"Category":"Primitive","Name":"bool"}},{"Category":"Physics","MemberType":"Property","Name":"IsPhysicsEnvironmentalThrottled","Security":{"Read":"None","Write":"None"},"Serialization":{"CanLoad":true,"CanSave":true},"ThreadSafety":"ReadSafe","ValueType":{"Category":"Primitive","Name":"bool"}},{"Category":"Physics","MemberType":"Property","Name":"IsSleepAllowed","Security":{"Read":"None","Write":"None"},"Serialization":{"CanLoad":true,"CanSave":true},"ThreadSafety":"ReadSafe","ValueType":{"Category":"Primitive","Name":"bool"}},{"Category":"Settings","MemberType":"Property","Name":"NumberOfPlayers","Security":{"Read":"None","Write":"None"},"Serialization":{"CanLoad":true,"CanSave":true},"ThreadSafety":"ReadSafe","ValueType":{"Category":"Primitive","Name":"int"}},{"Category":"Settings","MemberType":"Property","Name":"SimulateSecondsLag","Security":{"Read":"None","Write":"None"},"Serialization":{"CanLoad":true,"CanSave":true},"ThreadSafety":"ReadSafe","ValueType":{"Category":"Primitive","Name":"double"}},{"Category":"Results","MemberType":"Property","Name":"TestCount","Security":{"Read":"None","Write":"None"},"Serialization":{"CanLoad":false,"CanSave":true},"Tags":["ReadOnly","NotReplicated"],"ThreadSafety":"ReadSafe","ValueType":{"Category":"Primitive","Name":"int"}},{"Category":"Settings","MemberType":"Property","Name":"Timeout","Security":{"Read":"None","Write":"None"},"Serialization":{"CanLoad":true,"CanSave":true},"ThreadSafety":"ReadSafe","ValueType":{"Category":"Primitive","Name":"double"}},{"Category":"Results","MemberType":"Property","Name":"WarnCount","Security":{"Read":"None","Write":"None"},"Serialization":{"CanLoad":false,"CanSave":true},"Tags":["ReadOnly","NotReplicated"],"ThreadSafety":"ReadSafe","ValueType":{"Category":"Primitive","Name":"int"}},{"MemberType":"Function","Name":"Check","Parameters":[{"Name":"condition","Type":{"Category":"Primitive","Name":"bool"}},{"Name":"description","Type":{"Category":"Primitive","Name":"string"}},{"Default":"nil","Name":"source","Type":{"Category":"Class","Name":"Instance"}},{"Default":"0","Name":"line","Type":{"Category":"Primitive","Name":"int"}}],"ReturnType":{"Category":"Primitive","Name":"void"},"Security":"None","ThreadSafety":"Unsafe"},{"MemberType":"Function","Name":"Checkpoint","Parameters":[{"Name":"text","Type":{"Category":"Primitive","Name":"string"}},{"Default":"nil","Name":"source","Type":{"Category":"Class","Name":"Instance"}},{"Default":"0","Name":"line","Type":{"Category":"Primitive","Name":"int"}}],"ReturnType":{"Category":"Primitive","Name":"void"},"Security":"None","ThreadSafety":"Unsafe"},{"MemberType":"Function","Name":"Done","Parameters":[],"ReturnType":{"Category":"Primitive","Name":"void"},"Security":"None","ThreadSafety":"Unsafe"},{"MemberType":"Function","Name":"Error","Parameters":[{"Name":"description","Type":{"Category":"Primitive","Name":"string"}},{"Default":"nil","Name":"source","Type":{"Category":"Class","Name":"Instance"}},{"Default":"0","Name":"line","Type":{"Category":"Primitive","Name":"int"}}],"ReturnType":{"Category":"Primitive","Name":"void"},"Security":"None","ThreadSafety":"Unsafe"},{"MemberType":"Function","Name":"Fail","Parameters":[{"Name":"description","Type":{"Category":"Primitive","Name":"string"}},{"Default":"nil","Name":"source","Type":{"Category":"Class","Name":"Instance"}},{"Default":"0","Name":"line","Type":{"Category":"Primitive","Name":"int"}}],"ReturnType":{"Category":"Primitive","Name":"void"},"Security":"None","ThreadSafety":"Unsafe"},{"MemberType":"Function","Name":"Message","Parameters":[{"Name":"text","Type":{"Category":"Primitive","Name":"string"}},{"Default":"nil","Name":"source","Type":{"Category":"Class","Name":"Instance"}},{"Default":"0","Name":"line","Type":{"Category":"Primitive","Name":"int"}}],"ReturnType":{"Category":"Primitive","Name":"void"},"Security":"None","ThreadSafety":"Unsafe"},{"MemberType":"Function","Name":"Require","Parameters":[{"Name":"condition","Type":{"Category":"Primitive","Name":"bool"}},{"Name":"description","Type":{"Category":"Primitive","Name":"string"}},{"Default":"nil","Name":"source","Type":{"Category":"Class","Name":"Instance"}},{"Default":"0","Name":"line","Type":{"Category":"Primitive","Name":"int"}}],"ReturnType":{"Category":"Primitive","Name":"void"},"Security":"None","ThreadSafety":"Unsafe"},{"MemberType":"Function","Name":"ScopeTime","Parameters":[],"ReturnType":{"Category":"Group","Name":"Dictionary"},"Security":"None","ThreadSafety":"Unsafe"},{"MemberType":"Function","Name":"Warn","Parameters":[{"Name":"condition","Type":{"Category":"Primitive","Name":"bool"}},{"Name":"description","Type":{"Category":"Primitive","Name":"string"}},{"Default":"nil","Name":"source","Type":{"Category":"Class","Name":"Instance"}},{"Default":"0","Name":"line","Type":{"Category":"Primitive","Name":"int"}}],"ReturnType":{"Category":"Primitive","Name":"void"},"Security":"None","ThreadSafety":"Unsafe"},{"MemberType":"Function","Name":"isFeatureEnabled","Parameters":[{"Name":"name","Type":{"Category":"Primitive","Name":"string"}}],"ReturnType":{"Category":"Primitive","Name":"bool"},"Security":"None","ThreadSafety":"Unsafe"},{"MemberType":"Function","Name":"Run","Parameters":[],"ReturnType":{"Category":"Primitive","Name":"void"},"Security":"PluginSecurity","Tags":["Yields"],"ThreadSafety":"Unsafe"},{"MemberType":"Event","Name":"ServerCollectConditionalResult","Parameters":[{"Name":"condition","Type":{"Category":"Primitive","Name":"bool"}},{"Name":"text","Type":{"Category":"Primitive","Name":"string"}},{"Name":"script","Type":{"Category":"Class","Name":"Instance"}},{"Name":"line","Type":{"Category":"Primitive","Name":"int"}}],"Security":"None","ThreadSafety":"Unsafe"},{"MemberType":"Event","Name":"ServerCollectResult","Parameters":[{"Name":"text","Type":{"Category":"Primitive","Name":"string"}},{"Name":"script","Type":{"Category":"Class","Name":"Instance"}},{"Name":"line","Type":{"Category":"Primitive","Name":"int"}}],"Security":"None","ThreadSafety":"Unsafe"}],"MemoryCategory":"Instances","Name":"TestService","Superclass":"Instance","Tags":["Service"]},{"Members":[],"MemoryCategory":"Instances","Name":"TextBoxService","Superclass":"Instance","Tags":["NotCreatable","Service"]},{"Members":[{"MemberType":"Function","Name":"DisplaySystemMessage","Parameters":[{"Name":"systemMessage","Type":{"Category":"Primitive","Name":"string"}},{"Default":"","Name":"metadata","Type":{"Category":"Primitive","Name":"string"}}],"ReturnType":{"Category":"Class","Name":"TextChatMessage"},"Security":"None","ThreadSafety":"Unsafe"},{"MemberType":"Function","Name":"SendAsync","Parameters":[{"Name":"message","Type":{"Category":"Primitive","Name":"string"}},{"Default":"","Name":"metadata","Type":{"Category":"Primitive","Name":"string"}}],"ReturnType":{"Category":"Class","Name":"TextChatMessage"},"Security":"None","ThreadSafety":"Unsafe"},{"MemberType":"Function","Name":"AddUserAsync","Parameters":[{"Name":"userId","Type":{"Category":"Primitive","Name":"int64"}}],"ReturnType":{"Category":"Group","Name":"Tuple"},"Security":"None","Tags":["Yields"],"ThreadSafety":"Unsafe"},{"MemberType":"Event","Name":"MessageReceived","Parameters":[{"Name":"incomingMessage","Type":{"Category":"Class","Name":"TextChatMessage"}}],"Security":"None","ThreadSafety":"Unsafe"},{"MemberType":"Callback","Name":"OnIncomingMessage","Parameters":[{"Name":"message","Type":{"Category":"Class","Name":"TextChatMessage"}}],"ReturnType":{"Category":"Group","Name":"Tuple"},"Security":"None","ThreadSafety":"Unsafe"}],"MemoryCategory":"Instances","Name":"TextChannel","Superclass":"Instance","Tags":["NotBrowsable"]},{"Members":[{"Category":"Behavior","MemberType":"Property","Name":"Enabled","Security":{"Read":"None","Write":"None"},"Serialization":{"CanLoad":true,"CanSave":true},"ThreadSafety":"ReadSafe","ValueType":{"Category":"Primitive","Name":"bool"}},{"Category":"Behavior","MemberType":"Property","Name":"PrimaryAlias","Security":{"Read":"None","Write":"None"},"Serialization":{"CanLoad":true,"CanSave":true},"ThreadSafety":"ReadSafe","ValueType":{"Category":"Primitive","Name":"string"}},{"Category":"Behavior","MemberType":"Property","Name":"SecondaryAlias","Security":{"Read":"None","Write":"None"},"Serialization":{"CanLoad":true,"CanSave":true},"ThreadSafety":"ReadSafe","ValueType":{"Category":"Primitive","Name":"string"}},{"MemberType":"Event","Name":"Triggered","Parameters":[{"Name":"originTextSource","Type":{"Category":"Class","Name":"TextSource"}},{"Name":"unfilteredText","Type":{"Category":"Primitive","Name":"string"}}],"Security":"None","ThreadSafety":"Unsafe"}],"MemoryCategory":"Instances","Name":"TextChatCommand","Superclass":"Instance","Tags":["NotBrowsable"]},{"Members":[],"MemoryCategory":"Instances","Name":"TextChatConfigurations","Superclass":"Instance","Tags":["NotCreatable","NotReplicated"]},{"Members":[{"Category":"Behavior","MemberType":"Property","Name":"Enabled","Security":{"Read":"None","Write":"None"},"Serialization":{"CanLoad":true,"CanSave":true},"ThreadSafety":"ReadSafe","ValueType":{"Category":"Primitive","Name":"bool"}},{"Category":"Data","MemberType":"Property","Name":"TargetTextChannel","Security":{"Read":"None","Write":"None"},"Serialization":{"CanLoad":true,"CanSave":true},"ThreadSafety":"ReadSafe","ValueType":{"Category":"Class","Name":"TextChannel"}}],"MemoryCategory":"Instances","Name":"ChatInputBarConfiguration","Superclass":"TextChatConfigurations","Tags":["NotCreatable","NotBrowsable"]},{"Members":[{"Category":"Behavior","MemberType":"Property","Name":"Enabled","Security":{"Read":"None","Write":"None"},"Serialization":{"CanLoad":true,"CanSave":true},"ThreadSafety":"ReadSafe","ValueType":{"Category":"Primitive","Name":"bool"}}],"MemoryCategory":"Instances","Name":"ChatWindowConfiguration","Superclass":"TextChatConfigurations","Tags":["NotCreatable","NotBrowsable"]},{"Members":[{"Category":"Data","MemberType":"Property","Name":"MessageId","Security":{"Read":"None","Write":"None"},"Serialization":{"CanLoad":false,"CanSave":false},"ThreadSafety":"ReadSafe","ValueType":{"Category":"Primitive","Name":"string"}},{"Category":"Data","MemberType":"Property","Name":"Metadata","Security":{"Read":"None","Write":"None"},"Serialization":{"CanLoad":false,"CanSave":false},"ThreadSafety":"ReadSafe","ValueType":{"Category":"Primitive","Name":"string"}},{"Category":"Data","MemberType":"Property","Name":"PrefixText","Security":{"Read":"None","Write":"None"},"Serialization":{"CanLoad":false,"CanSave":false},"ThreadSafety":"ReadSafe","ValueType":{"Category":"Primitive","Name":"string"}},{"Category":"Data","MemberType":"Property","Name":"Status","Security":{"Read":"None","Write":"None"},"Serialization":{"CanLoad":false,"CanSave":false},"ThreadSafety":"ReadSafe","ValueType":{"Category":"Enum","Name":"TextChatMessageStatus"}},{"Category":"Data","MemberType":"Property","Name":"Text","Security":{"Read":"None","Write":"None"},"Serialization":{"CanLoad":false,"CanSave":false},"ThreadSafety":"ReadSafe","ValueType":{"Category":"Primitive","Name":"string"}},{"Category":"Data","MemberType":"Property","Name":"TextChannel","Security":{"Read":"None","Write":"None"},"Serialization":{"CanLoad":true,"CanSave":true},"ThreadSafety":"ReadSafe","ValueType":{"Category":"Class","Name":"TextChannel"}},{"Category":"Data","MemberType":"Property","Name":"TextSource","Security":{"Read":"None","Write":"None"},"Serialization":{"CanLoad":true,"CanSave":true},"ThreadSafety":"ReadSafe","ValueType":{"Category":"Class","Name":"TextSource"}},{"Category":"Data","MemberType":"Property","Name":"Timestamp","Security":{"Read":"None","Write":"None"},"Serialization":{"CanLoad":false,"CanSave":false},"ThreadSafety":"ReadSafe","ValueType":{"Category":"DataType","Name":"DateTime"}}],"MemoryCategory":"Instances","Name":"TextChatMessage","Superclass":"Instance","Tags":["NotCreatable"]},{"Members":[{"Category":"Data","MemberType":"Property","Name":"PrefixText","Security":{"Read":"None","Write":"None"},"Serialization":{"CanLoad":false,"CanSave":false},"ThreadSafety":"ReadSafe","ValueType":{"Category":"Primitive","Name":"string"}},{"Category":"Data","MemberType":"Property","Name":"Text","Security":{"Read":"None","Write":"None"},"Serialization":{"CanLoad":false,"CanSave":false},"ThreadSafety":"ReadSafe","ValueType":{"Category":"Primitive","Name":"string"}}],"MemoryCategory":"Instances","Name":"TextChatMessageProperties","Superclass":"Instance"},{"Members":[{"Category":"Data","MemberType":"Property","Name":"ChatVersion","Security":{"Read":"None","Write":"NotAccessibleSecurity"},"Serialization":{"CanLoad":true,"CanSave":true},"ThreadSafety":"ReadSafe","ValueType":{"Category":"Enum","Name":"ChatVersion"}},{"Category":"Data","MemberType":"Property","Name":"CreateDefaultCommands","Security":{"Read":"None","Write":"PluginSecurity"},"Serialization":{"CanLoad":true,"CanSave":true},"ThreadSafety":"ReadSafe","ValueType":{"Category":"Primitive","Name":"bool"}},{"Category":"Data","MemberType":"Property","Name":"CreateDefaultTextChannels","Security":{"Read":"None","Write":"PluginSecurity"},"Serialization":{"CanLoad":true,"CanSave":true},"ThreadSafety":"ReadSafe","ValueType":{"Category":"Primitive","Name":"bool"}},{"MemberType":"Event","Name":"MessageReceived","Parameters":[{"Name":"textChatMessage","Type":{"Category":"Class","Name":"TextChatMessage"}}],"Security":"None","ThreadSafety":"Unsafe"},{"MemberType":"Event","Name":"SendingMessage","Parameters":[{"Name":"textChatMessage","Type":{"Category":"Class","Name":"TextChatMessage"}}],"Security":"None","ThreadSafety":"Unsafe"},{"MemberType":"Callback","Name":"OnIncomingMessage","Parameters":[{"Name":"message","Type":{"Category":"Class","Name":"TextChatMessage"}}],"ReturnType":{"Category":"Group","Name":"Tuple"},"Security":"None","ThreadSafety":"Unsafe"}],"MemoryCategory":"Instances","Name":"TextChatService","Superclass":"Instance","Tags":["NotCreatable","Service","NotBrowsable"]},{"Members":[{"MemberType":"Function","Name":"GetChatForUserAsync","Parameters":[{"Name":"toUserId","Type":{"Category":"Primitive","Name":"int64"}}],"ReturnType":{"Category":"Primitive","Name":"string"},"Security":"None","Tags":["Yields"],"ThreadSafety":"Unsafe"},{"MemberType":"Function","Name":"GetNonChatStringForBroadcastAsync","Parameters":[],"ReturnType":{"Category":"Primitive","Name":"string"},"Security":"None","Tags":["Yields"],"ThreadSafety":"Unsafe"},{"MemberType":"Function","Name":"GetNonChatStringForUserAsync","Parameters":[{"Name":"toUserId","Type":{"Category":"Primitive","Name":"int64"}}],"ReturnType":{"Category":"Primitive","Name":"string"},"Security":"None","Tags":["Yields"],"ThreadSafety":"Unsafe"}],"MemoryCategory":"Instances","Name":"TextFilterResult","Superclass":"Instance","Tags":["NotCreatable","NotReplicated"]},{"Members":[{"MemberType":"Function","Name":"GetTextSize","Parameters":[{"Name":"string","Type":{"Category":"Primitive","Name":"string"}},{"Name":"fontSize","Type":{"Category":"Primitive","Name":"int"}},{"Name":"font","Type":{"Category":"Enum","Name":"Font"}},{"Name":"frameSize","Type":{"Category":"DataType","Name":"Vector2"}}],"ReturnType":{"Category":"DataType","Name":"Vector2"},"Security":"None","ThreadSafety":"Unsafe"},{"MemberType":"Function","Name":"SetResolutionScale","Parameters":[{"Name":"scale","Type":{"Category":"Primitive","Name":"float"}}],"ReturnType":{"Category":"Primitive","Name":"void"},"Security":"RobloxScriptSecurity","ThreadSafety":"Unsafe"},{"MemberType":"Function","Name":"FilterStringAsync","Parameters":[{"Name":"stringToFilter","Type":{"Category":"Primitive","Name":"string"}},{"Name":"fromUserId","Type":{"Category":"Primitive","Name":"int64"}},{"Default":"PrivateChat","Name":"textContext","Type":{"Category":"Enum","Name":"TextFilterContext"}}],"ReturnType":{"Category":"Class","Name":"Instance"},"Security":"None","Tags":["Yields"],"ThreadSafety":"Unsafe"},{"MemberType":"Function","Name":"GetFamilyInfoAsync","Parameters":[{"Name":"assetId","Type":{"Category":"DataType","Name":"Content"}}],"ReturnType":{"Category":"Group","Name":"Dictionary"},"Security":"None","Tags":["Yields"],"ThreadSafety":"Unsafe"}],"MemoryCategory":"Instances","Name":"TextService","Superclass":"Instance","Tags":["NotCreatable","Service","NotReplicated"]},{"Members":[{"Category":"Data","MemberType":"Property","Name":"CanSend","Security":{"Read":"None","Write":"None"},"Serialization":{"CanLoad":true,"CanSave":true},"ThreadSafety":"ReadSafe","ValueType":{"Category":"Primitive","Name":"bool"}},{"Category":"Data","MemberType":"Property","Name":"UserId","Security":{"Read":"None","Write":"None"},"Serialization":{"CanLoad":false,"CanSave":false},"Tags":["ReadOnly","NotReplicated"],"ThreadSafety":"ReadSafe","ValueType":{"Category":"Primitive","Name":"int64"}}],"MemoryCategory":"Instances","Name":"TextSource","Superclass":"Instance","Tags":["NotCreatable","NotBrowsable"]},{"Members":[{"MemberType":"Function","Name":"GetUserPlatformId","Parameters":[],"ReturnType":{"Category":"Primitive","Name":"string"},"Security":"RobloxScriptSecurity","ThreadSafety":"Unsafe"},{"MemberType":"Function","Name":"GetUserPlatformName","Parameters":[],"ReturnType":{"Category":"Primitive","Name":"string"},"Security":"RobloxScriptSecurity","ThreadSafety":"Unsafe"},{"MemberType":"Function","Name":"HaveActiveUser","Parameters":[],"ReturnType":{"Category":"Primitive","Name":"bool"},"Security":"RobloxScriptSecurity","ThreadSafety":"Unsafe"},{"MemberType":"Function","Name":"ReturnToEngagement","Parameters":[],"ReturnType":{"Category":"Primitive","Name":"void"},"Security":"RobloxScriptSecurity","ThreadSafety":"Unsafe"},{"MemberType":"Function","Name":"ShowAccountPicker","Parameters":[],"ReturnType":{"Category":"Primitive","Name":"void"},"Security":"RobloxScriptSecurity","ThreadSafety":"Unsafe"},{"MemberType":"Function","Name":"RegisterActiveUser","Parameters":[{"Name":"gamepadId","Type":{"Category":"Enum","Name":"UserInputType"}}],"ReturnType":{"Category":"Primitive","Name":"int"},"Security":"RobloxScriptSecurity","Tags":["Yields"],"ThreadSafety":"Unsafe"},{"MemberType":"Event","Name":"ActiveGamepadAdded","Parameters":[],"Security":"RobloxScriptSecurity","ThreadSafety":"Unsafe"},{"MemberType":"Event","Name":"ActiveGamepadRemoved","Parameters":[],"Security":"RobloxScriptSecurity","ThreadSafety":"Unsafe"},{"MemberType":"Event","Name":"ActiveUserSignedOut","Parameters":[{"Name":"signOutStatus","Type":{"Category":"Primitive","Name":"int"}}],"Security":"RobloxScriptSecurity","ThreadSafety":"Unsafe"}],"MemoryCategory":"Instances","Name":"ThirdPartyUserService","Superclass":"Instance","Tags":["NotCreatable","Service","NotReplicated"]},{"Members":[{"Category":"Data","MemberType":"Property","Name":"FrameCount","Security":{"Read":"RobloxScriptSecurity","Write":"RobloxScriptSecurity"},"Serialization":{"CanLoad":false,"CanSave":false},"Tags":["Hidden","ReadOnly","NotReplicated"],"ThreadSafety":"ReadSafe","ValueType":{"Category":"Primitive","Name":"int"}},{"Category":"State","MemberType":"Property","Name":"Populated","Security":{"Read":"RobloxScriptSecurity","Write":"RobloxScriptSecurity"},"Serialization":{"CanLoad":false,"CanSave":false},"Tags":["Hidden","ReadOnly","NotReplicated"],"ThreadSafety":"ReadSafe","ValueType":{"Category":"Primitive","Name":"bool"}},{"Category":"Data","MemberType":"Property","Name":"ThreadId","Security":{"Read":"RobloxScriptSecurity","Write":"RobloxScriptSecurity"},"Serialization":{"CanLoad":false,"CanSave":false},"Tags":["Hidden","ReadOnly","NotReplicated"],"ThreadSafety":"ReadSafe","ValueType":{"Category":"Primitive","Name":"int"}},{"Category":"Data","MemberType":"Property","Name":"ThreadName","Security":{"Read":"RobloxScriptSecurity","Write":"RobloxScriptSecurity"},"Serialization":{"CanLoad":false,"CanSave":false},"Tags":["Hidden","ReadOnly","NotReplicated"],"ThreadSafety":"ReadSafe","ValueType":{"Category":"Primitive","Name":"string"}},{"MemberType":"Function","Name":"GetFrame","Parameters":[{"Name":"index","Type":{"Category":"Primitive","Name":"int"}}],"ReturnType":{"Category":"Class","Name":"Instance"},"Security":"RobloxScriptSecurity","ThreadSafety":"Unsafe"}],"MemoryCategory":"Instances","Name":"ThreadState","Superclass":"Instance","Tags":["NotCreatable","NotReplicated"]},{"Members":[],"MemoryCategory":"Instances","Name":"TimerService","Superclass":"Instance","Tags":["NotCreatable","Service"]}]}