{"Classes":[{"Members":[{"Category":"Data","MemberType":"Property","Name":"GamepadCursorEnabled","Security":{"Read":"None","Write":"RobloxScriptSecurity"},"Serialization":{"CanLoad":true,"CanSave":true},"ThreadSafety":"ReadSafe","ValueType":{"Category":"Primitive","Name":"bool"}},{"MemberType":"Function","Name":"DisableGamepadCursor","Parameters":[],"ReturnType":{"Category":"Primitive","Name":"void"},"Security":"None","ThreadSafety":"Unsafe"},{"MemberType":"Function","Name":"EnableGamepadCursor","Parameters":[{"Name":"guiObject","Type":{"Category":"Class","Name":"Instance"}}],"ReturnType":{"Category":"Primitive","Name":"void"},"Security":"None","ThreadSafety":"Unsafe"},{"MemberType":"Function","Name":"GetGamepadCursorPosition","Parameters":[],"ReturnType":{"Category":"DataType","Name":"Vector2"},"Security":"RobloxScriptSecurity","ThreadSafety":"Unsafe"},{"MemberType":"Function","Name":"SetGamepadCursorPosition","Parameters":[{"Name":"position","Type":{"Category":"DataType","Name":"Vector2"}}],"ReturnType":{"Category":"Primitive","Name":"void"},"Security":"RobloxScriptSecurity","ThreadSafety":"Unsafe"},{"MemberType":"Event","Name":"GamepadThumbstick1Changed","Parameters":[{"Name":"event","Type":{"Category":"DataType","Name":"Vector2"}}],"Security":"RobloxScriptSecurity","ThreadSafety":"Unsafe"}],"MemoryCategory":"Instances","Name":"GamepadService","Superclass":"Instance","Tags":["NotCreatable","Service","NotReplicated"]},{"Members":[],"MemoryCategory":"Instances","Name":"Geometry","Superclass":"Instance","Tags":["NotCreatable","Service"]},{"Members":[{"MemberType":"Function","Name":"OnUpdate","Parameters":[{"Name":"key","Type":{"Category":"Primitive","Name":"string"}},{"Name":"callback","Type":{"Category":"DataType","Name":"Function"}}],"ReturnType":{"Category":"DataType","Name":"RBXScriptConnection"},"Security":"None","Tags":["Deprecated"],"ThreadSafety":"Unsafe"},{"MemberType":"Function","Name":"GetAsync","Parameters":[{"Name":"key","Type":{"Category":"Primitive","Name":"string"}}],"ReturnType":{"Category":"Group","Name":"Tuple"},"Security":"None","Tags":["Yields"],"ThreadSafety":"Unsafe"},{"MemberType":"Function","Name":"IncrementAsync","Parameters":[{"Name":"key","Type":{"Category":"Primitive","Name":"string"}},{"Default":"1","Name":"delta","Type":{"Category":"Primitive","Name":"int"}},{"Default":"{}","Name":"userIds","Type":{"Category":"Group","Name":"Array"}},{"Default":"nil","Name":"options","Type":{"Category":"Class","Name":"DataStoreIncrementOptions"}}],"ReturnType":{"Category":"Group","Name":"Variant"},"Security":"None","Tags":["Yields"],"ThreadSafety":"Unsafe"},{"MemberType":"Function","Name":"RemoveAsync","Parameters":[{"Name":"key","Type":{"Category":"Primitive","Name":"string"}}],"ReturnType":{"Category":"Group","Name":"Tuple"},"Security":"None","Tags":["Yields"],"ThreadSafety":"Unsafe"},{"MemberType":"Function","Name":"SetAsync","Parameters":[{"Name":"key","Type":{"Category":"Primitive","Name":"string"}},{"Name":"value","Type":{"Category":"Group","Name":"Variant"}},{"Default":"{}","Name":"userIds","Type":{"Category":"Group","Name":"Array"}},{"Default":"nil","Name":"options","Type":{"Category":"Class","Name":"DataStoreSetOptions"}}],"ReturnType":{"Category":"Group","Name":"Variant"},"Security":"None","Tags":["Yields"],"ThreadSafety":"Unsafe"},{"MemberType":"Function","Name":"UpdateAsync","Parameters":[{"Name":"key","Type":{"Category":"Primitive","Name":"string"}},{"Name":"transformFunction","Type":{"Category":"DataType","Name":"Function"}}],"ReturnType":{"Category":"Group","Name":"Tuple"},"Security":"None","Tags":["Yields"],"ThreadSafety":"Unsafe"}],"MemoryCategory":"Instances","Name":"GlobalDataStore","Superclass":"Instance","Tags":["NotCreatable","NotReplicated"]},{"Members":[{"MemberType":"Function","Name":"GetVersionAsync","Parameters":[{"Name":"key","Type":{"Category":"Primitive","Name":"string"}},{"Name":"version","Type":{"Category":"Primitive","Name":"string"}}],"ReturnType":{"Category":"Group","Name":"Tuple"},"Security":"None","Tags":["Yields"],"ThreadSafety":"Unsafe"},{"MemberType":"Function","Name":"ListKeysAsync","Parameters":[{"Default":"","Name":"prefix","Type":{"Category":"Primitive","Name":"string"}},{"Default":"0","Name":"pageSize","Type":{"Category":"Primitive","Name":"int"}}],"ReturnType":{"Category":"Class","Name":"DataStoreKeyPages"},"Security":"None","Tags":["Yields"],"ThreadSafety":"Unsafe"},{"MemberType":"Function","Name":"ListVersionsAsync","Parameters":[{"Name":"key","Type":{"Category":"Primitive","Name":"string"}},{"Default":"Ascending","Name":"sortDirection","Type":{"Category":"Enum","Name":"SortDirection"}},{"Default":"0","Name":"minDate","Type":{"Category":"Primitive","Name":"int64"}},{"Default":"0","Name":"maxDate","Type":{"Category":"Primitive","Name":"int64"}},{"Default":"0","Name":"pageSize","Type":{"Category":"Primitive","Name":"int"}}],"ReturnType":{"Category":"Class","Name":"DataStoreVersionPages"},"Security":"None","Tags":["Yields"],"ThreadSafety":"Unsafe"},{"MemberType":"Function","Name":"RemoveVersionAsync","Parameters":[{"Name":"key","Type":{"Category":"Primitive","Name":"string"}},{"Name":"version","Type":{"Category":"Primitive","Name":"string"}}],"ReturnType":{"Category":"Primitive","Name":"void"},"Security":"None","Tags":["Yields"],"ThreadSafety":"Unsafe"}],"MemoryCategory":"Instances","Name":"DataStore","Superclass":"GlobalDataStore","Tags":["NotCreatable","NotReplicated"]},{"Members":[{"MemberType":"Function","Name":"GetSortedAsync","Parameters":[{"Name":"ascending","Type":{"Category":"Primitive","Name":"bool"}},{"Name":"pagesize","Type":{"Category":"Primitive","Name":"int"}},{"Name":"minValue","Type":{"Category":"Group","Name":"Variant"}},{"Name":"maxValue","Type":{"Category":"Group","Name":"Variant"}}],"ReturnType":{"Category":"Class","Name":"Instance"},"Security":"None","Tags":["Yields"],"ThreadSafety":"Unsafe"}],"MemoryCategory":"Instances","Name":"OrderedDataStore","Superclass":"GlobalDataStore","Tags":["NotCreatable","NotReplicated"]},{"Members":[],"MemoryCategory":"Instances","Name":"GoogleAnalyticsConfiguration","Superclass":"Instance","Tags":["NotCreatable","Service"]},{"Members":[{"MemberType":"Function","Name":"GetAlliesAsync","Parameters":[{"Name":"groupId","Type":{"Category":"Primitive","Name":"int64"}}],"ReturnType":{"Category":"Class","Name":"StandardPages"},"Security":"None","Tags":["Yields"],"ThreadSafety":"Unsafe"},{"MemberType":"Function","Name":"GetEnemiesAsync","Parameters":[{"Name":"groupId","Type":{"Category":"Primitive","Name":"int64"}}],"ReturnType":{"Category":"Class","Name":"StandardPages"},"Security":"None","Tags":["Yields"],"ThreadSafety":"Unsafe"},{"MemberType":"Function","Name":"GetGroupInfoAsync","Parameters":[{"Name":"groupId","Type":{"Category":"Primitive","Name":"int64"}}],"ReturnType":{"Category":"Group","Name":"Variant"},"Security":"None","Tags":["Yields"],"ThreadSafety":"Unsafe"},{"MemberType":"Function","Name":"GetGroupsAsync","Parameters":[{"Name":"userId","Type":{"Category":"Primitive","Name":"int64"}}],"ReturnType":{"Category":"Group","Name":"Array"},"Security":"None","Tags":["Yields"],"ThreadSafety":"Unsafe"}],"MemoryCategory":"Instances","Name":"GroupService","Superclass":"Instance","Tags":["NotCreatable","Service","NotReplicated"]},{"Members":[],"MemoryCategory":"Instances","Name":"GuiBase","Superclass":"Instance","Tags":["NotCreatable"]},{"Members":[{"Category":"Data","MemberType":"Property","Name":"AbsolutePosition","Security":{"Read":"None","Write":"None"},"Serialization":{"CanLoad":false,"CanSave":false},"Tags":["ReadOnly","NotReplicated"],"ThreadSafety":"Unsafe","ValueType":{"Category":"DataType","Name":"Vector2"}},{"Category":"Data","MemberType":"Property","Name":"AbsoluteRotation","Security":{"Read":"None","Write":"None"},"Serialization":{"CanLoad":false,"CanSave":false},"Tags":["ReadOnly","NotReplicated"],"ThreadSafety":"Unsafe","ValueType":{"Category":"Primitive","Name":"float"}},{"Category":"Data","MemberType":"Property","Name":"AbsoluteSize","Security":{"Read":"None","Write":"None"},"Serialization":{"CanLoad":false,"CanSave":false},"Tags":["ReadOnly","NotReplicated"],"ThreadSafety":"Unsafe","ValueType":{"Category":"DataType","Name":"Vector2"}},{"Category":"Localization","MemberType":"Property","Name":"AutoLocalize","Security":{"Read":"None","Write":"None"},"Serialization":{"CanLoad":true,"CanSave":true},"ThreadSafety":"ReadSafe","ValueType":{"Category":"Primitive","Name":"bool"}},{"Category":"Debugging","MemberType":"Property","Name":"ClippedRect","Security":{"Read":"RobloxScriptSecurity","Write":"RobloxScriptSecurity"},"Serialization":{"CanLoad":false,"CanSave":false},"Tags":["Hidden","ReadOnly","NotReplicated"],"ThreadSafety":"ReadSafe","ValueType":{"Category":"DataType","Name":"Rect"}},{"Category":"Debugging","MemberType":"Property","Name":"IsNotOccluded","Security":{"Read":"RobloxScriptSecurity","Write":"RobloxScriptSecurity"},"Serialization":{"CanLoad":false,"CanSave":false},"Tags":["Hidden","ReadOnly","NotReplicated"],"ThreadSafety":"ReadSafe","ValueType":{"Category":"Primitive","Name":"bool"}},{"Category":"Localization","MemberType":"Property","Name":"Localize","Security":{"Read":"None","Write":"None"},"Serialization":{"CanLoad":true,"CanSave":false},"Tags":["Hidden","NotReplicated","Deprecated"],"ThreadSafety":"ReadSafe","ValueType":{"Category":"Primitive","Name":"bool"}},{"Category":"Debugging","MemberType":"Property","Name":"RawRect2D","Security":{"Read":"RobloxScriptSecurity","Write":"RobloxScriptSecurity"},"Serialization":{"CanLoad":false,"CanSave":false},"Tags":["Hidden","ReadOnly","NotReplicated"],"ThreadSafety":"ReadSafe","ValueType":{"Category":"DataType","Name":"Rect"}},{"Category":"Localization","MemberType":"Property","Name":"RootLocalizationTable","Security":{"Read":"None","Write":"None"},"Serialization":{"CanLoad":true,"CanSave":true},"ThreadSafety":"ReadSafe","ValueType":{"Category":"Class","Name":"LocalizationTable"}},{"Category":"Selection","MemberType":"Property","Name":"SelectionBehaviorDown","Security":{"Read":"None","Write":"None"},"Serialization":{"CanLoad":true,"CanSave":true},"Tags":["NotBrowsable"],"ThreadSafety":"ReadSafe","ValueType":{"Category":"Enum","Name":"SelectionBehavior"}},{"Category":"Selection","MemberType":"Property","Name":"SelectionBehaviorLeft","Security":{"Read":"None","Write":"None"},"Serialization":{"CanLoad":true,"CanSave":true},"Tags":["NotBrowsable"],"ThreadSafety":"ReadSafe","ValueType":{"Category":"Enum","Name":"SelectionBehavior"}},{"Category":"Selection","MemberType":"Property","Name":"SelectionBehaviorRight","Security":{"Read":"None","Write":"None"},"Serialization":{"CanLoad":true,"CanSave":true},"Tags":["NotBrowsable"],"ThreadSafety":"ReadSafe","ValueType":{"Category":"Enum","Name":"SelectionBehavior"}},{"Category":"Selection","MemberType":"Property","Name":"SelectionBehaviorUp","Security":{"Read":"None","Write":"None"},"Serialization":{"CanLoad":true,"CanSave":true},"Tags":["NotBrowsable"],"ThreadSafety":"ReadSafe","ValueType":{"Category":"Enum","Name":"SelectionBehavior"}},{"Category":"Selection","MemberType":"Property","Name":"SelectionGroup","Security":{"Read":"None","Write":"None"},"Serialization":{"CanLoad":true,"CanSave":true},"Tags":["NotBrowsable"],"ThreadSafety":"ReadSafe","ValueType":{"Category":"Primitive","Name":"bool"}},{"Category":"Debugging","MemberType":"Property","Name":"TotalGroupScale","Security":{"Read":"RobloxScriptSecurity","Write":"RobloxScriptSecurity"},"Serialization":{"CanLoad":false,"CanSave":false},"Tags":["Hidden","ReadOnly","NotReplicated"],"ThreadSafety":"ReadSafe","ValueType":{"Category":"Primitive","Name":"float"}},{"MemberType":"Event","Name":"SelectionChanged","Parameters":[{"Name":"amISelected","Type":{"Category":"Primitive","Name":"bool"}},{"Name":"previousSelection","Type":{"Category":"Class","Name":"GuiObject"}},{"Name":"newSelection","Type":{"Category":"Class","Name":"GuiObject"}}],"Security":"None","ThreadSafety":"Unsafe"}],"MemoryCategory":"Instances","Name":"GuiBase2d","Superclass":"GuiBase","Tags":["NotCreatable","NotBrowsable"]},{"Members":[{"Category":"Data","MemberType":"Property","Name":"Active","Security":{"Read":"None","Write":"None"},"Serialization":{"CanLoad":true,"CanSave":true},"ThreadSafety":"ReadSafe","ValueType":{"Category":"Primitive","Name":"bool"}},{"Category":"Data","MemberType":"Property","Name":"AnchorPoint","Security":{"Read":"None","Write":"None"},"Serialization":{"CanLoad":true,"CanSave":true},"ThreadSafety":"ReadSafe","ValueType":{"Category":"DataType","Name":"Vector2"}},{"Category":"Data","MemberType":"Property","Name":"AutomaticSize","Security":{"Read":"None","Write":"None"},"Serialization":{"CanLoad":true,"CanSave":true},"ThreadSafety":"ReadSafe","ValueType":{"Category":"Enum","Name":"AutomaticSize"}},{"Category":"Data","MemberType":"Property","Name":"BackgroundColor","Security":{"Read":"None","Write":"None"},"Serialization":{"CanLoad":true,"CanSave":false},"Tags":["Hidden","NotReplicated","Deprecated"],"ThreadSafety":"ReadSafe","ValueType":{"Category":"DataType","Name":"BrickColor"}},{"Category":"Data","MemberType":"Property","Name":"BackgroundColor3","Security":{"Read":"None","Write":"None"},"Serialization":{"CanLoad":true,"CanSave":true},"ThreadSafety":"ReadSafe","ValueType":{"Category":"DataType","Name":"Color3"}},{"Category":"Data","MemberType":"Property","Name":"BackgroundTransparency","Security":{"Read":"None","Write":"None"},"Serialization":{"CanLoad":true,"CanSave":true},"ThreadSafety":"ReadSafe","ValueType":{"Category":"Primitive","Name":"float"}},{"Category":"Data","MemberType":"Property","Name":"BorderColor","Security":{"Read":"None","Write":"None"},"Serialization":{"CanLoad":true,"CanSave":false},"Tags":["Hidden","NotReplicated","Deprecated"],"ThreadSafety":"ReadSafe","ValueType":{"Category":"DataType","Name":"BrickColor"}},{"Category":"Data","MemberType":"Property","Name":"BorderColor3","Security":{"Read":"None","Write":"None"},"Serialization":{"CanLoad":true,"CanSave":true},"ThreadSafety":"ReadSafe","ValueType":{"Category":"DataType","Name":"Color3"}},{"Category":"Data","MemberType":"Property","Name":"BorderMode","Security":{"Read":"None","Write":"None"},"Serialization":{"CanLoad":true,"CanSave":true},"ThreadSafety":"ReadSafe","ValueType":{"Category":"Enum","Name":"BorderMode"}},{"Category":"Data","MemberType":"Property","Name":"BorderSizePixel","Security":{"Read":"None","Write":"None"},"Serialization":{"CanLoad":true,"CanSave":true},"ThreadSafety":"ReadSafe","ValueType":{"Category":"Primitive","Name":"int"}},{"Category":"Behavior","MemberType":"Property","Name":"ClipsDescendants","Security":{"Read":"None","Write":"None"},"Serialization":{"CanLoad":true,"CanSave":true},"ThreadSafety":"ReadSafe","ValueType":{"Category":"Primitive","Name":"bool"}},{"Category":"Behavior","MemberType":"Property","Name":"Draggable","Security":{"Read":"None","Write":"None"},"Serialization":{"CanLoad":true,"CanSave":true},"Tags":["Deprecated"],"ThreadSafety":"ReadSafe","ValueType":{"Category":"Primitive","Name":"bool"}},{"Category":"Data","MemberType":"Property","Name":"LayoutOrder","Security":{"Read":"None","Write":"None"},"Serialization":{"CanLoad":true,"CanSave":true},"ThreadSafety":"ReadSafe","ValueType":{"Category":"Primitive","Name":"int"}},{"Category":"Selection","MemberType":"Property","Name":"NextSelectionDown","Security":{"Read":"None","Write":"None"},"Serialization":{"CanLoad":true,"CanSave":true},"ThreadSafety":"ReadSafe","ValueType":{"Category":"Class","Name":"GuiObject"}},{"Category":"Selection","MemberType":"Property","Name":"NextSelectionLeft","Security":{"Read":"None","Write":"None"},"Serialization":{"CanLoad":true,"CanSave":true},"ThreadSafety":"ReadSafe","ValueType":{"Category":"Class","Name":"GuiObject"}},{"Category":"Selection","MemberType":"Property","Name":"NextSelectionRight","Security":{"Read":"None","Write":"None"},"Serialization":{"CanLoad":true,"CanSave":true},"ThreadSafety":"ReadSafe","ValueType":{"Category":"Class","Name":"GuiObject"}},{"Category":"Selection","MemberType":"Property","Name":"NextSelectionUp","Security":{"Read":"None","Write":"None"},"Serialization":{"CanLoad":true,"CanSave":true},"ThreadSafety":"ReadSafe","ValueType":{"Category":"Class","Name":"GuiObject"}},{"Category":"Data","MemberType":"Property","Name":"Position","Security":{"Read":"None","Write":"None"},"Serialization":{"CanLoad":true,"CanSave":true},"ThreadSafety":"ReadSafe","ValueType":{"Category":"DataType","Name":"UDim2"}},{"Category":"Data","MemberType":"Property","Name":"Rotation","Security":{"Read":"None","Write":"None"},"Serialization":{"CanLoad":true,"CanSave":true},"ThreadSafety":"ReadSafe","ValueType":{"Category":"Primitive","Name":"float"}},{"Category":"Selection","MemberType":"Property","Name":"Selectable","Security":{"Read":"None","Write":"None"},"Serialization":{"CanLoad":true,"CanSave":true},"ThreadSafety":"ReadSafe","ValueType":{"Category":"Primitive","Name":"bool"}},{"Category":"Appearance","MemberType":"Property","Name":"SelectionImageObject","Security":{"Read":"None","Write":"None"},"Serialization":{"CanLoad":true,"CanSave":true},"ThreadSafety":"ReadSafe","ValueType":{"Category":"Class","Name":"GuiObject"}},{"Category":"Selection","MemberType":"Property","Name":"SelectionOrder","Security":{"Read":"None","Write":"None"},"Serialization":{"CanLoad":true,"CanSave":true},"Tags":["NotBrowsable"],"ThreadSafety":"ReadSafe","ValueType":{"Category":"Primitive","Name":"int"}},{"Category":"Data","MemberType":"Property","Name":"Size","Security":{"Read":"None","Write":"None"},"Serialization":{"CanLoad":true,"CanSave":true},"ThreadSafety":"ReadSafe","ValueType":{"Category":"DataType","Name":"UDim2"}},{"Category":"Data","MemberType":"Property","Name":"SizeConstraint","Security":{"Read":"None","Write":"None"},"Serialization":{"CanLoad":true,"CanSave":true},"ThreadSafety":"ReadSafe","ValueType":{"Category":"Enum","Name":"SizeConstraint"}},{"Category":"Data","MemberType":"Property","Name":"Transparency","Security":{"Read":"None","Write":"None"},"Serialization":{"CanLoad":true,"CanSave":false},"Tags":["Hidden","NotReplicated"],"ThreadSafety":"ReadSafe","ValueType":{"Category":"Primitive","Name":"float"}},{"Category":"Data","MemberType":"Property","Name":"Visible","Security":{"Read":"None","Write":"None"},"Serialization":{"CanLoad":true,"CanSave":true},"ThreadSafety":"ReadSafe","ValueType":{"Category":"Primitive","Name":"bool"}},{"Category":"Data","MemberType":"Property","Name":"ZIndex","Security":{"Read":"None","Write":"None"},"Serialization":{"CanLoad":true,"CanSave":true},"ThreadSafety":"ReadSafe","ValueType":{"Category":"Primitive","Name":"int"}},{"MemberType":"Function","Name":"TweenPosition","Parameters":[{"Name":"endPosition","Type":{"Category":"DataType","Name":"UDim2"}},{"Default":"Out","Name":"easingDirection","Type":{"Category":"Enum","Name":"EasingDirection"}},{"Default":"Quad","Name":"easingStyle","Type":{"Category":"Enum","Name":"EasingStyle"}},{"Default":"1","Name":"time","Type":{"Category":"Primitive","Name":"float"}},{"Default":"false","Name":"override","Type":{"Category":"Primitive","Name":"bool"}},{"Default":"nil","Name":"callback","Type":{"Category":"DataType","Name":"Function"}}],"ReturnType":{"Category":"Primitive","Name":"bool"},"Security":"None","ThreadSafety":"Unsafe"},{"MemberType":"Function","Name":"TweenSize","Parameters":[{"Name":"endSize","Type":{"Category":"DataType","Name":"UDim2"}},{"Default":"Out","Name":"easingDirection","Type":{"Category":"Enum","Name":"EasingDirection"}},{"Default":"Quad","Name":"easingStyle","Type":{"Category":"Enum","Name":"EasingStyle"}},{"Default":"1","Name":"time","Type":{"Category":"Primitive","Name":"float"}},{"Default":"false","Name":"override","Type":{"Category":"Primitive","Name":"bool"}},{"Default":"nil","Name":"callback","Type":{"Category":"DataType","Name":"Function"}}],"ReturnType":{"Category":"Primitive","Name":"bool"},"Security":"None","ThreadSafety":"Unsafe"},{"MemberType":"Function","Name":"TweenSizeAndPosition","Parameters":[{"Name":"endSize","Type":{"Category":"DataType","Name":"UDim2"}},{"Name":"endPosition","Type":{"Category":"DataType","Name":"UDim2"}},{"Default":"Out","Name":"easingDirection","Type":{"Category":"Enum","Name":"EasingDirection"}},{"Default":"Quad","Name":"easingStyle","Type":{"Category":"Enum","Name":"EasingStyle"}},{"Default":"1","Name":"time","Type":{"Category":"Primitive","Name":"float"}},{"Default":"false","Name":"override","Type":{"Category":"Primitive","Name":"bool"}},{"Default":"nil","Name":"callback","Type":{"Category":"DataType","Name":"Function"}}],"ReturnType":{"Category":"Primitive","Name":"bool"},"Security":"None","ThreadSafety":"Unsafe"},{"MemberType":"Event","Name":"DragBegin","Parameters":[{"Name":"initialPosition","Type":{"Category":"DataType","Name":"UDim2"}}],"Security":"None","Tags":["Deprecated"],"ThreadSafety":"Unsafe"},{"MemberType":"Event","Name":"DragStopped","Parameters":[{"Name":"x","Type":{"Category":"Primitive","Name":"int"}},{"Name":"y","Type":{"Category":"Primitive","Name":"int"}}],"Security":"None","Tags":["Deprecated"],"ThreadSafety":"Unsafe"},{"MemberType":"Event","Name":"InputBegan","Parameters":[{"Name":"input","Type":{"Category":"Class","Name":"InputObject"}}],"Security":"None","ThreadSafety":"Unsafe"},{"MemberType":"Event","Name":"InputChanged","Parameters":[{"Name":"input","Type":{"Category":"Class","Name":"InputObject"}}],"Security":"None","ThreadSafety":"Unsafe"},{"MemberType":"Event","Name":"InputEnded","Parameters":[{"Name":"input","Type":{"Category":"Class","Name":"InputObject"}}],"Security":"None","ThreadSafety":"Unsafe"},{"MemberType":"Event","Name":"MouseEnter","Parameters":[{"Name":"x","Type":{"Category":"Primitive","Name":"int"}},{"Name":"y","Type":{"Category":"Primitive","Name":"int"}}],"Security":"None","ThreadSafety":"Unsafe"},{"MemberType":"Event","Name":"MouseLeave","Parameters":[{"Name":"x","Type":{"Category":"Primitive","Name":"int"}},{"Name":"y","Type":{"Category":"Primitive","Name":"int"}}],"Security":"None","ThreadSafety":"Unsafe"},{"MemberType":"Event","Name":"MouseMoved","Parameters":[{"Name":"x","Type":{"Category":"Primitive","Name":"int"}},{"Name":"y","Type":{"Category":"Primitive","Name":"int"}}],"Security":"None","ThreadSafety":"Unsafe"},{"MemberType":"Event","Name":"MouseWheelBackward","Parameters":[{"Name":"x","Type":{"Category":"Primitive","Name":"int"}},{"Name":"y","Type":{"Category":"Primitive","Name":"int"}}],"Security":"None","ThreadSafety":"Unsafe"},{"MemberType":"Event","Name":"MouseWheelForward","Parameters":[{"Name":"x","Type":{"Category":"Primitive","Name":"int"}},{"Name":"y","Type":{"Category":"Primitive","Name":"int"}}],"Security":"None","ThreadSafety":"Unsafe"},{"MemberType":"Event","Name":"SelectionGained","Parameters":[],"Security":"None","ThreadSafety":"Unsafe"},{"MemberType":"Event","Name":"SelectionLost","Parameters":[],"Security":"None","ThreadSafety":"Unsafe"},{"MemberType":"Event","Name":"TouchLongPress","Parameters":[{"Name":"touchPositions","Type":{"Category":"Group","Name":"Array"}},{"Name":"state","Type":{"Category":"Enum","Name":"UserInputState"}}],"Security":"None","ThreadSafety":"Unsafe"},{"MemberType":"Event","Name":"TouchPan","Parameters":[{"Name":"touchPositions","Type":{"Category":"Group","Name":"Array"}},{"Name":"totalTranslation","Type":{"Category":"DataType","Name":"Vector2"}},{"Name":"velocity","Type":{"Category":"DataType","Name":"Vector2"}},{"Name":"state","Type":{"Category":"Enum","Name":"UserInputState"}}],"Security":"None","ThreadSafety":"Unsafe"},{"MemberType":"Event","Name":"TouchPinch","Parameters":[{"Name":"touchPositions","Type":{"Category":"Group","Name":"Array"}},{"Name":"scale","Type":{"Category":"Primitive","Name":"float"}},{"Name":"velocity","Type":{"Category":"Primitive","Name":"float"}},{"Name":"state","Type":{"Category":"Enum","Name":"UserInputState"}}],"Security":"None","ThreadSafety":"Unsafe"},{"MemberType":"Event","Name":"TouchRotate","Parameters":[{"Name":"touchPositions","Type":{"Category":"Group","Name":"Array"}},{"Name":"rotation","Type":{"Category":"Primitive","Name":"float"}},{"Name":"velocity","Type":{"Category":"Primitive","Name":"float"}},{"Name":"state","Type":{"Category":"Enum","Name":"UserInputState"}}],"Security":"None","ThreadSafety":"Unsafe"},{"MemberType":"Event","Name":"TouchSwipe","Parameters":[{"Name":"swipeDirection","Type":{"Category":"Enum","Name":"SwipeDirection"}},{"Name":"numberOfTouches","Type":{"Category":"Primitive","Name":"int"}}],"Security":"None","ThreadSafety":"Unsafe"},{"MemberType":"Event","Name":"TouchTap","Parameters":[{"Name":"touchPositions","Type":{"Category":"Group","Name":"Array"}}],"Security":"None","ThreadSafety":"Unsafe"}],"MemoryCategory":"Gui","Name":"GuiObject","Superclass":"GuiBase2d","Tags":["NotCreatable","NotBrowsable"]},{"Members":[{"Category":"Appearance","MemberType":"Property","Name":"GroupColor","Security":{"Read":"None","Write":"None"},"Serialization":{"CanLoad":true,"CanSave":true},"ThreadSafety":"ReadSafe","ValueType":{"Category":"DataType","Name":"Color3"}},{"Category":"Appearance","MemberType":"Property","Name":"GroupTransparency","Security":{"Read":"None","Write":"None"},"Serialization":{"CanLoad":true,"CanSave":true},"ThreadSafety":"ReadSafe","ValueType":{"Category":"Primitive","Name":"float"}}],"MemoryCategory":"Gui","Name":"CanvasGroup","Superclass":"GuiObject","Tags":["NotBrowsable"]},{"Members":[{"Category":"Data","MemberType":"Property","Name":"Style","Security":{"Read":"None","Write":"None"},"Serialization":{"CanLoad":true,"CanSave":true},"ThreadSafety":"ReadSafe","ValueType":{"Category":"Enum","Name":"FrameStyle"}}],"MemoryCategory":"Gui","Name":"Frame","Superclass":"GuiObject"},{"Members":[{"Category":"Data","MemberType":"Property","Name":"AutoButtonColor","Security":{"Read":"None","Write":"None"},"Serialization":{"CanLoad":true,"CanSave":true},"ThreadSafety":"ReadSafe","ValueType":{"Category":"Primitive","Name":"bool"}},{"Category":"Data","MemberType":"Property","Name":"Modal","Security":{"Read":"None","Write":"None"},"Serialization":{"CanLoad":true,"CanSave":true},"ThreadSafety":"ReadSafe","ValueType":{"Category":"Primitive","Name":"bool"}},{"Category":"Data","MemberType":"Property","Name":"Selected","Security":{"Read":"None","Write":"None"},"Serialization":{"CanLoad":true,"CanSave":true},"ThreadSafety":"ReadSafe","ValueType":{"Category":"Primitive","Name":"bool"}},{"Category":"Data","MemberType":"Property","Name":"Style","Security":{"Read":"None","Write":"None"},"Serialization":{"CanLoad":true,"CanSave":true},"ThreadSafety":"ReadSafe","ValueType":{"Category":"Enum","Name":"ButtonStyle"}},{"MemberType":"Event","Name":"Activated","Parameters":[{"Name":"inputObject","Type":{"Category":"Class","Name":"InputObject"}},{"Name":"clickCount","Type":{"Category":"Primitive","Name":"int"}}],"Security":"None","ThreadSafety":"Unsafe"},{"MemberType":"Event","Name":"MouseButton1Click","Parameters":[],"Security":"None","ThreadSafety":"Unsafe"},{"MemberType":"Event","Name":"MouseButton1Down","Parameters":[{"Name":"x","Type":{"Category":"Primitive","Name":"int"}},{"Name":"y","Type":{"Category":"Primitive","Name":"int"}}],"Security":"None","ThreadSafety":"Unsafe"},{"MemberType":"Event","Name":"MouseButton1Up","Parameters":[{"Name":"x","Type":{"Category":"Primitive","Name":"int"}},{"Name":"y","Type":{"Category":"Primitive","Name":"int"}}],"Security":"None","ThreadSafety":"Unsafe"},{"MemberType":"Event","Name":"MouseButton2Click","Parameters":[],"Security":"None","ThreadSafety":"Unsafe"},{"MemberType":"Event","Name":"MouseButton2Down","Parameters":[{"Name":"x","Type":{"Category":"Primitive","Name":"int"}},{"Name":"y","Type":{"Category":"Primitive","Name":"int"}}],"Security":"None","ThreadSafety":"Unsafe"},{"MemberType":"Event","Name":"MouseButton2Up","Parameters":[{"Name":"x","Type":{"Category":"Primitive","Name":"int"}},{"Name":"y","Type":{"Category":"Primitive","Name":"int"}}],"Security":"None","ThreadSafety":"Unsafe"}],"MemoryCategory":"Gui","Name":"GuiButton","Superclass":"GuiObject","Tags":["NotCreatable","NotBrowsable"]},{"Members":[{"Category":"Image","MemberType":"Property","Name":"ContentImageSize","Security":{"Read":"RobloxScriptSecurity","Write":"RobloxScriptSecurity"},"Serialization":{"CanLoad":false,"CanSave":false},"Tags":["Hidden","ReadOnly","NotReplicated"],"ThreadSafety":"ReadSafe","ValueType":{"Category":"DataType","Name":"Vector2"}},{"Category":"Image","MemberType":"Property","Name":"HoverImage","Security":{"Read":"None","Write":"None"},"Serialization":{"CanLoad":true,"CanSave":true},"ThreadSafety":"ReadSafe","ValueType":{"Category":"DataType","Name":"Content"}},{"Category":"Image","MemberType":"Property","Name":"Image","Security":{"Read":"None","Write":"None"},"Serialization":{"CanLoad":true,"CanSave":true},"ThreadSafety":"ReadSafe","ValueType":{"Category":"DataType","Name":"Content"}},{"Category":"Image","MemberType":"Property","Name":"ImageColor3","Security":{"Read":"None","Write":"None"},"Serialization":{"CanLoad":true,"CanSave":true},"ThreadSafety":"ReadSafe","ValueType":{"Category":"DataType","Name":"Color3"}},{"Category":"Image","MemberType":"Property","Name":"ImageRectOffset","Security":{"Read":"None","Write":"None"},"Serialization":{"CanLoad":true,"CanSave":true},"ThreadSafety":"ReadSafe","ValueType":{"Category":"DataType","Name":"Vector2"}},{"Category":"Image","MemberType":"Property","Name":"ImageRectSize","Security":{"Read":"None","Write":"None"},"Serialization":{"CanLoad":true,"CanSave":true},"ThreadSafety":"ReadSafe","ValueType":{"Category":"DataType","Name":"Vector2"}},{"Category":"Image","MemberType":"Property","Name":"ImageTransparency","Security":{"Read":"None","Write":"None"},"Serialization":{"CanLoad":true,"CanSave":true},"ThreadSafety":"ReadSafe","ValueType":{"Category":"Primitive","Name":"float"}},{"Category":"Image","MemberType":"Property","Name":"IsLoaded","Security":{"Read":"None","Write":"None"},"Serialization":{"CanLoad":false,"CanSave":false},"Tags":["ReadOnly","NotReplicated"],"ThreadSafety":"ReadSafe","ValueType":{"Category":"Primitive","Name":"bool"}},{"Category":"Image","MemberType":"Property","Name":"PressedImage","Security":{"Read":"None","Write":"None"},"Serialization":{"CanLoad":true,"CanSave":true},"ThreadSafety":"ReadSafe","ValueType":{"Category":"DataType","Name":"Content"}},{"Category":"Image","MemberType":"Property","Name":"ResampleMode","Security":{"Read":"None","Write":"None"},"Serialization":{"CanLoad":true,"CanSave":true},"ThreadSafety":"ReadSafe","ValueType":{"Category":"Enum","Name":"ResamplerMode"}},{"Category":"Image","MemberType":"Property","Name":"ScaleType","Security":{"Read":"None","Write":"None"},"Serialization":{"CanLoad":true,"CanSave":true},"ThreadSafety":"ReadSafe","ValueType":{"Category":"Enum","Name":"ScaleType"}},{"Category":"Image","MemberType":"Property","Name":"SliceCenter","Security":{"Read":"None","Write":"None"},"Serialization":{"CanLoad":true,"CanSave":true},"ThreadSafety":"ReadSafe","ValueType":{"Category":"DataType","Name":"Rect"}},{"Category":"Image","MemberType":"Property","Name":"SliceScale","Security":{"Read":"None","Write":"None"},"Serialization":{"CanLoad":true,"CanSave":true},"ThreadSafety":"ReadSafe","ValueType":{"Category":"Primitive","Name":"float"}},{"Category":"Image","MemberType":"Property","Name":"TileSize","Security":{"Read":"None","Write":"None"},"Serialization":{"CanLoad":true,"CanSave":true},"ThreadSafety":"ReadSafe","ValueType":{"Category":"DataType","Name":"UDim2"}},{"MemberType":"Function","Name":"SetEnableContentImageSizeChangedEvents","Parameters":[{"Name":"enabled","Type":{"Category":"Primitive","Name":"bool"}}],"ReturnType":{"Category":"Primitive","Name":"void"},"Security":"RobloxScriptSecurity","ThreadSafety":"Unsafe"}],"MemoryCategory":"Gui","Name":"ImageButton","Superclass":"GuiButton"},{"Members":[{"Category":"Text","MemberType":"Property","Name":"ContentText","Security":{"Read":"None","Write":"None"},"Serialization":{"CanLoad":false,"CanSave":false},"Tags":["ReadOnly","NotReplicated"],"ThreadSafety":"ReadSafe","ValueType":{"Category":"Primitive","Name":"string"}},{"Category":"Text","MemberType":"Property","Name":"Font","Security":{"Read":"None","Write":"None"},"Serialization":{"CanLoad":true,"CanSave":true},"ThreadSafety":"ReadSafe","ValueType":{"Category":"Enum","Name":"Font"}},{"Category":"Text","MemberType":"Property","Name":"FontFace","Security":{"Read":"None","Write":"None"},"Serialization":{"CanLoad":true,"CanSave":true},"ThreadSafety":"ReadSafe","ValueType":{"Category":"DataType","Name":"Font"}},{"Category":"Text","MemberType":"Property","Name":"FontSize","Security":{"Read":"None","Write":"None"},"Serialization":{"CanLoad":true,"CanSave":false},"Tags":["NotReplicated","Deprecated"],"ThreadSafety":"ReadSafe","ValueType":{"Category":"Enum","Name":"FontSize"}},{"Category":"Text","MemberType":"Property","Name":"LineHeight","Security":{"Read":"None","Write":"None"},"Serialization":{"CanLoad":true,"CanSave":true},"ThreadSafety":"ReadSafe","ValueType":{"Category":"Primitive","Name":"float"}},{"Category":"Data","MemberType":"Property","Name":"LocalizedText","Security":{"Read":"None","Write":"None"},"Serialization":{"CanLoad":false,"CanSave":true},"Tags":["Hidden","ReadOnly","NotReplicated"],"ThreadSafety":"ReadSafe","ValueType":{"Category":"Primitive","Name":"string"}},{"Category":"Text","MemberType":"Property","Name":"MaxVisibleGraphemes","Security":{"Read":"None","Write":"None"},"Serialization":{"CanLoad":true,"CanSave":true},"ThreadSafety":"ReadSafe","ValueType":{"Category":"Primitive","Name":"int"}},{"Category":"Text","MemberType":"Property","Name":"RichText","Security":{"Read":"None","Write":"None"},"Serialization":{"CanLoad":true,"CanSave":true},"ThreadSafety":"ReadSafe","ValueType":{"Category":"Primitive","Name":"bool"}},{"Category":"Text","MemberType":"Property","Name":"Text","Security":{"Read":"None","Write":"None"},"Serialization":{"CanLoad":true,"CanSave":true},"ThreadSafety":"ReadSafe","ValueType":{"Category":"Primitive","Name":"string"}},{"Category":"Text","MemberType":"Property","Name":"TextBounds","Security":{"Read":"None","Write":"None"},"Serialization":{"CanLoad":false,"CanSave":false},"Tags":["ReadOnly","NotReplicated"],"ThreadSafety":"ReadSafe","ValueType":{"Category":"DataType","Name":"Vector2"}},{"Category":"Text","MemberType":"Property","Name":"TextColor","Security":{"Read":"None","Write":"None"},"Serialization":{"CanLoad":true,"CanSave":false},"Tags":["Hidden","NotReplicated","Deprecated"],"ThreadSafety":"ReadSafe","ValueType":{"Category":"DataType","Name":"BrickColor"}},{"Category":"Text","MemberType":"Property","Name":"TextColor3","Security":{"Read":"None","Write":"None"},"Serialization":{"CanLoad":true,"CanSave":true},"ThreadSafety":"ReadSafe","ValueType":{"Category":"DataType","Name":"Color3"}},{"Category":"Text","MemberType":"Property","Name":"TextFits","Security":{"Read":"None","Write":"None"},"Serialization":{"CanLoad":false,"CanSave":false},"Tags":["ReadOnly","NotReplicated"],"ThreadSafety":"ReadSafe","ValueType":{"Category":"Primitive","Name":"bool"}},{"Category":"Text","MemberType":"Property","Name":"TextScaled","Security":{"Read":"None","Write":"None"},"Serialization":{"CanLoad":true,"CanSave":true},"ThreadSafety":"ReadSafe","ValueType":{"Category":"Primitive","Name":"bool"}},{"Category":"Text","MemberType":"Property","Name":"TextSize","Security":{"Read":"None","Write":"None"},"Serialization":{"CanLoad":true,"CanSave":true},"ThreadSafety":"ReadSafe","ValueType":{"Category":"Primitive","Name":"float"}},{"Category":"Text","MemberType":"Property","Name":"TextStrokeColor3","Security":{"Read":"None","Write":"None"},"Serialization":{"CanLoad":true,"CanSave":true},"ThreadSafety":"ReadSafe","ValueType":{"Category":"DataType","Name":"Color3"}},{"Category":"Text","MemberType":"Property","Name":"TextStrokeTransparency","Security":{"Read":"None","Write":"None"},"Serialization":{"CanLoad":true,"CanSave":true},"ThreadSafety":"ReadSafe","ValueType":{"Category":"Primitive","Name":"float"}},{"Category":"Text","MemberType":"Property","Name":"TextTransparency","Security":{"Read":"None","Write":"None"},"Serialization":{"CanLoad":true,"CanSave":true},"ThreadSafety":"ReadSafe","ValueType":{"Category":"Primitive","Name":"float"}},{"Category":"Text","MemberType":"Property","Name":"TextTruncate","Security":{"Read":"None","Write":"None"},"Serialization":{"CanLoad":true,"CanSave":true},"ThreadSafety":"ReadSafe","ValueType":{"Category":"Enum","Name":"TextTruncate"}},{"Category":"Text","MemberType":"Property","Name":"TextWrap","Security":{"Read":"None","Write":"None"},"Serialization":{"CanLoad":true,"CanSave":false},"Tags":["NotReplicated","Deprecated"],"ThreadSafety":"ReadSafe","ValueType":{"Category":"Primitive","Name":"bool"}},{"Category":"Text","MemberType":"Property","Name":"TextWrapped","Security":{"Read":"None","Write":"None"},"Serialization":{"CanLoad":true,"CanSave":true},"ThreadSafety":"ReadSafe","ValueType":{"Category":"Primitive","Name":"bool"}},{"Category":"Text","MemberType":"Property","Name":"TextXAlignment","Security":{"Read":"None","Write":"None"},"Serialization":{"CanLoad":true,"CanSave":true},"ThreadSafety":"ReadSafe","ValueType":{"Category":"Enum","Name":"TextXAlignment"}},{"Category":"Text","MemberType":"Property","Name":"TextYAlignment","Security":{"Read":"None","Write":"None"},"Serialization":{"CanLoad":true,"CanSave":true},"ThreadSafety":"ReadSafe","ValueType":{"Category":"Enum","Name":"TextYAlignment"}},{"MemberType":"Function","Name":"SetTextFromInput","Parameters":[{"Name":"text","Type":{"Category":"Primitive","Name":"string"}}],"ReturnType":{"Category":"Primitive","Name":"void"},"Security":"RobloxScriptSecurity","ThreadSafety":"Unsafe"}],"MemoryCategory":"Gui","Name":"TextButton","Superclass":"GuiButton"},{"Members":[],"MemoryCategory":"Gui","Name":"GuiLabel","Superclass":"GuiObject","Tags":["NotCreatable"]},{"Members":[{"Category":"Image","MemberType":"Property","Name":"ContentImageSize","Security":{"Read":"RobloxScriptSecurity","Write":"RobloxScriptSecurity"},"Serialization":{"CanLoad":false,"CanSave":false},"Tags":["Hidden","ReadOnly","NotReplicated"],"ThreadSafety":"ReadSafe","ValueType":{"Category":"DataType","Name":"Vector2"}},{"Category":"Image","MemberType":"Property","Name":"Image","Security":{"Read":"None","Write":"None"},"Serialization":{"CanLoad":true,"CanSave":true},"ThreadSafety":"ReadSafe","ValueType":{"Category":"DataType","Name":"Content"}},{"Category":"Image","MemberType":"Property","Name":"ImageColor3","Security":{"Read":"None","Write":"None"},"Serialization":{"CanLoad":true,"CanSave":true},"ThreadSafety":"ReadSafe","ValueType":{"Category":"DataType","Name":"Color3"}},{"Category":"Image","MemberType":"Property","Name":"ImageRectOffset","Security":{"Read":"None","Write":"None"},"Serialization":{"CanLoad":true,"CanSave":true},"ThreadSafety":"ReadSafe","ValueType":{"Category":"DataType","Name":"Vector2"}},{"Category":"Image","MemberType":"Property","Name":"ImageRectSize","Security":{"Read":"None","Write":"None"},"Serialization":{"CanLoad":true,"CanSave":true},"ThreadSafety":"ReadSafe","ValueType":{"Category":"DataType","Name":"Vector2"}},{"Category":"Image","MemberType":"Property","Name":"ImageTransparency","Security":{"Read":"None","Write":"None"},"Serialization":{"CanLoad":true,"CanSave":true},"ThreadSafety":"ReadSafe","ValueType":{"Category":"Primitive","Name":"float"}},{"Category":"Image","MemberType":"Property","Name":"IsLoaded","Security":{"Read":"None","Write":"None"},"Serialization":{"CanLoad":false,"CanSave":false},"Tags":["ReadOnly","NotReplicated"],"ThreadSafety":"ReadSafe","ValueType":{"Category":"Primitive","Name":"bool"}},{"Category":"Image","MemberType":"Property","Name":"ResampleMode","Security":{"Read":"None","Write":"None"},"Serialization":{"CanLoad":true,"CanSave":true},"ThreadSafety":"ReadSafe","ValueType":{"Category":"Enum","Name":"ResamplerMode"}},{"Category":"Image","MemberType":"Property","Name":"ScaleType","Security":{"Read":"None","Write":"None"},"Serialization":{"CanLoad":true,"CanSave":true},"ThreadSafety":"ReadSafe","ValueType":{"Category":"Enum","Name":"ScaleType"}},{"Category":"Image","MemberType":"Property","Name":"SliceCenter","Security":{"Read":"None","Write":"None"},"Serialization":{"CanLoad":true,"CanSave":true},"ThreadSafety":"ReadSafe","ValueType":{"Category":"DataType","Name":"Rect"}},{"Category":"Image","MemberType":"Property","Name":"SliceScale","Security":{"Read":"None","Write":"None"},"Serialization":{"CanLoad":true,"CanSave":true},"ThreadSafety":"ReadSafe","ValueType":{"Category":"Primitive","Name":"float"}},{"Category":"Image","MemberType":"Property","Name":"TileSize","Security":{"Read":"None","Write":"None"},"Serialization":{"CanLoad":true,"CanSave":true},"ThreadSafety":"ReadSafe","ValueType":{"Category":"DataType","Name":"UDim2"}},{"MemberType":"Function","Name":"SetEnableContentImageSizeChangedEvents","Parameters":[{"Name":"enabled","Type":{"Category":"Primitive","Name":"bool"}}],"ReturnType":{"Category":"Primitive","Name":"void"},"Security":"RobloxScriptSecurity","ThreadSafety":"Unsafe"}],"MemoryCategory":"Gui","Name":"ImageLabel","Superclass":"GuiLabel"},{"Members":[{"Category":"Text","MemberType":"Property","Name":"ContentText","Security":{"Read":"None","Write":"None"},"Serialization":{"CanLoad":false,"CanSave":false},"Tags":["ReadOnly","NotReplicated"],"ThreadSafety":"ReadSafe","ValueType":{"Category":"Primitive","Name":"string"}},{"Category":"Text","MemberType":"Property","Name":"Font","Security":{"Read":"None","Write":"None"},"Serialization":{"CanLoad":true,"CanSave":true},"ThreadSafety":"ReadSafe","ValueType":{"Category":"Enum","Name":"Font"}},{"Category":"Text","MemberType":"Property","Name":"FontFace","Security":{"Read":"None","Write":"None"},"Serialization":{"CanLoad":true,"CanSave":true},"ThreadSafety":"ReadSafe","ValueType":{"Category":"DataType","Name":"Font"}},{"Category":"Text","MemberType":"Property","Name":"FontSize","Security":{"Read":"None","Write":"None"},"Serialization":{"CanLoad":true,"CanSave":false},"Tags":["NotReplicated","Deprecated"],"ThreadSafety":"ReadSafe","ValueType":{"Category":"Enum","Name":"FontSize"}},{"Category":"Text","MemberType":"Property","Name":"LineHeight","Security":{"Read":"None","Write":"None"},"Serialization":{"CanLoad":true,"CanSave":true},"ThreadSafety":"ReadSafe","ValueType":{"Category":"Primitive","Name":"float"}},{"Category":"Data","MemberType":"Property","Name":"LocalizedText","Security":{"Read":"None","Write":"None"},"Serialization":{"CanLoad":false,"CanSave":true},"Tags":["Hidden","ReadOnly","NotReplicated"],"ThreadSafety":"ReadSafe","ValueType":{"Category":"Primitive","Name":"string"}},{"Category":"Text","MemberType":"Property","Name":"MaxVisibleGraphemes","Security":{"Read":"None","Write":"None"},"Serialization":{"CanLoad":true,"CanSave":true},"ThreadSafety":"ReadSafe","ValueType":{"Category":"Primitive","Name":"int"}},{"Category":"Text","MemberType":"Property","Name":"RichText","Security":{"Read":"None","Write":"None"},"Serialization":{"CanLoad":true,"CanSave":true},"ThreadSafety":"ReadSafe","ValueType":{"Category":"Primitive","Name":"bool"}},{"Category":"Text","MemberType":"Property","Name":"Text","Security":{"Read":"None","Write":"None"},"Serialization":{"CanLoad":true,"CanSave":true},"ThreadSafety":"ReadSafe","ValueType":{"Category":"Primitive","Name":"string"}},{"Category":"Text","MemberType":"Property","Name":"TextBounds","Security":{"Read":"None","Write":"None"},"Serialization":{"CanLoad":false,"CanSave":false},"Tags":["ReadOnly","NotReplicated"],"ThreadSafety":"ReadSafe","ValueType":{"Category":"DataType","Name":"Vector2"}},{"Category":"Text","MemberType":"Property","Name":"TextColor","Security":{"Read":"None","Write":"None"},"Serialization":{"CanLoad":true,"CanSave":false},"Tags":["Hidden","NotReplicated","Deprecated"],"ThreadSafety":"ReadSafe","ValueType":{"Category":"DataType","Name":"BrickColor"}},{"Category":"Text","MemberType":"Property","Name":"TextColor3","Security":{"Read":"None","Write":"None"},"Serialization":{"CanLoad":true,"CanSave":true},"ThreadSafety":"ReadSafe","ValueType":{"Category":"DataType","Name":"Color3"}},{"Category":"Text","MemberType":"Property","Name":"TextFits","Security":{"Read":"None","Write":"None"},"Serialization":{"CanLoad":false,"CanSave":false},"Tags":["ReadOnly","NotReplicated"],"ThreadSafety":"ReadSafe","ValueType":{"Category":"Primitive","Name":"bool"}},{"Category":"Text","MemberType":"Property","Name":"TextScaled","Security":{"Read":"None","Write":"None"},"Serialization":{"CanLoad":true,"CanSave":true},"ThreadSafety":"ReadSafe","ValueType":{"Category":"Primitive","Name":"bool"}},{"Category":"Text","MemberType":"Property","Name":"TextSize","Security":{"Read":"None","Write":"None"},"Serialization":{"CanLoad":true,"CanSave":true},"ThreadSafety":"ReadSafe","ValueType":{"Category":"Primitive","Name":"float"}},{"Category":"Text","MemberType":"Property","Name":"TextStrokeColor3","Security":{"Read":"None","Write":"None"},"Serialization":{"CanLoad":true,"CanSave":true},"ThreadSafety":"ReadSafe","ValueType":{"Category":"DataType","Name":"Color3"}},{"Category":"Text","MemberType":"Property","Name":"TextStrokeTransparency","Security":{"Read":"None","Write":"None"},"Serialization":{"CanLoad":true,"CanSave":true},"ThreadSafety":"ReadSafe","ValueType":{"Category":"Primitive","Name":"float"}},{"Category":"Text","MemberType":"Property","Name":"TextTransparency","Security":{"Read":"None","Write":"None"},"Serialization":{"CanLoad":true,"CanSave":true},"ThreadSafety":"ReadSafe","ValueType":{"Category":"Primitive","Name":"float"}},{"Category":"Text","MemberType":"Property","Name":"TextTruncate","Security":{"Read":"None","Write":"None"},"Serialization":{"CanLoad":true,"CanSave":true},"ThreadSafety":"ReadSafe","ValueType":{"Category":"Enum","Name":"TextTruncate"}},{"Category":"Text","MemberType":"Property","Name":"TextWrap","Security":{"Read":"None","Write":"None"},"Serialization":{"CanLoad":true,"CanSave":false},"Tags":["NotReplicated","Deprecated"],"ThreadSafety":"ReadSafe","ValueType":{"Category":"Primitive","Name":"bool"}},{"Category":"Text","MemberType":"Property","Name":"TextWrapped","Security":{"Read":"None","Write":"None"},"Serialization":{"CanLoad":true,"CanSave":true},"ThreadSafety":"ReadSafe","ValueType":{"Category":"Primitive","Name":"bool"}},{"Category":"Text","MemberType":"Property","Name":"TextXAlignment","Security":{"Read":"None","Write":"None"},"Serialization":{"CanLoad":true,"CanSave":true},"ThreadSafety":"ReadSafe","ValueType":{"Category":"Enum","Name":"TextXAlignment"}},{"Category":"Text","MemberType":"Property","Name":"TextYAlignment","Security":{"Read":"None","Write":"None"},"Serialization":{"CanLoad":true,"CanSave":true},"ThreadSafety":"ReadSafe","ValueType":{"Category":"Enum","Name":"TextYAlignment"}},{"MemberType":"Function","Name":"SetTextFromInput","Parameters":[{"Name":"text","Type":{"Category":"Primitive","Name":"string"}}],"ReturnType":{"Category":"Primitive","Name":"void"},"Security":"RobloxScriptSecurity","ThreadSafety":"Unsafe"}],"MemoryCategory":"Gui","Name":"TextLabel","Superclass":"GuiLabel"},{"Members":[{"Category":"Scrolling","MemberType":"Property","Name":"AbsoluteCanvasSize","Security":{"Read":"None","Write":"None"},"Serialization":{"CanLoad":false,"CanSave":true},"Tags":["ReadOnly","NotReplicated"],"ThreadSafety":"Unsafe","ValueType":{"Category":"DataType","Name":"Vector2"}},{"Category":"Scrolling","MemberType":"Property","Name":"AbsoluteWindowSize","Security":{"Read":"None","Write":"None"},"Serialization":{"CanLoad":false,"CanSave":true},"Tags":["ReadOnly","NotReplicated"],"ThreadSafety":"Unsafe","ValueType":{"Category":"DataType","Name":"Vector2"}},{"Category":"Scrolling","MemberType":"Property","Name":"AutomaticCanvasSize","Security":{"Read":"None","Write":"None"},"Serialization":{"CanLoad":true,"CanSave":true},"ThreadSafety":"ReadSafe","ValueType":{"Category":"Enum","Name":"AutomaticSize"}},{"Category":"Scrolling","MemberType":"Property","Name":"BottomImage","Security":{"Read":"None","Write":"None"},"Serialization":{"CanLoad":true,"CanSave":true},"ThreadSafety":"ReadSafe","ValueType":{"Category":"DataType","Name":"Content"}},{"Category":"Scrolling","MemberType":"Property","Name":"CanvasPosition","Security":{"Read":"None","Write":"None"},"Serialization":{"CanLoad":true,"CanSave":true},"ThreadSafety":"ReadSafe","ValueType":{"Category":"DataType","Name":"Vector2"}},{"Category":"Scrolling","MemberType":"Property","Name":"CanvasSize","Security":{"Read":"None","Write":"None"},"Serialization":{"CanLoad":true,"CanSave":true},"ThreadSafety":"ReadSafe","ValueType":{"Category":"DataType","Name":"UDim2"}},{"Category":"Scrolling","MemberType":"Property","Name":"ElasticBehavior","Security":{"Read":"None","Write":"None"},"Serialization":{"CanLoad":true,"CanSave":true},"ThreadSafety":"ReadSafe","ValueType":{"Category":"Enum","Name":"ElasticBehavior"}},{"Category":"Debugging","MemberType":"Property","Name":"HorizontalBarRect","Security":{"Read":"RobloxScriptSecurity","Write":"RobloxScriptSecurity"},"Serialization":{"CanLoad":false,"CanSave":false},"Tags":["Hidden","ReadOnly","NotReplicated"],"ThreadSafety":"ReadSafe","ValueType":{"Category":"DataType","Name":"Rect"}},{"Category":"Scrolling","MemberType":"Property","Name":"HorizontalScrollBarInset","Security":{"Read":"None","Write":"None"},"Serialization":{"CanLoad":true,"CanSave":true},"ThreadSafety":"ReadSafe","ValueType":{"Category":"Enum","Name":"ScrollBarInset"}},{"Category":"Debugging","MemberType":"Property","Name":"MaxCanvasPosition","Security":{"Read":"RobloxScriptSecurity","Write":"RobloxScriptSecurity"},"Serialization":{"CanLoad":false,"CanSave":false},"Tags":["Hidden","ReadOnly","NotReplicated"],"ThreadSafety":"ReadSafe","ValueType":{"Category":"DataType","Name":"Vector2"}},{"Category":"Scrolling","MemberType":"Property","Name":"MidImage","Security":{"Read":"None","Write":"None"},"Serialization":{"CanLoad":true,"CanSave":true},"ThreadSafety":"ReadSafe","ValueType":{"Category":"DataType","Name":"Content"}},{"Category":"Scrolling","MemberType":"Property","Name":"ScrollBarImageColor3","Security":{"Read":"None","Write":"None"},"Serialization":{"CanLoad":true,"CanSave":true},"ThreadSafety":"ReadSafe","ValueType":{"Category":"DataType","Name":"Color3"}},{"Category":"Scrolling","MemberType":"Property","Name":"ScrollBarImageTransparency","Security":{"Read":"None","Write":"None"},"Serialization":{"CanLoad":true,"CanSave":true},"ThreadSafety":"ReadSafe","ValueType":{"Category":"Primitive","Name":"float"}},{"Category":"Scrolling","MemberType":"Property","Name":"ScrollBarThickness","Security":{"Read":"None","Write":"None"},"Serialization":{"CanLoad":true,"CanSave":true},"ThreadSafety":"ReadSafe","ValueType":{"Category":"Primitive","Name":"int"}},{"Category":"Scrolling","MemberType":"Property","Name":"ScrollVelocity","Security":{"Read":"RobloxScriptSecurity","Write":"RobloxScriptSecurity"},"Serialization":{"CanLoad":false,"CanSave":false},"Tags":["Hidden","NotReplicated"],"ThreadSafety":"ReadSafe","ValueType":{"Category":"DataType","Name":"Vector2"}},{"Category":"Scrolling","MemberType":"Property","Name":"ScrollingDirection","Security":{"Read":"None","Write":"None"},"Serialization":{"CanLoad":true,"CanSave":true},"ThreadSafety":"ReadSafe","ValueType":{"Category":"Enum","Name":"ScrollingDirection"}},{"Category":"Scrolling","MemberType":"Property","Name":"ScrollingEnabled","Security":{"Read":"None","Write":"None"},"Serialization":{"CanLoad":true,"CanSave":true},"ThreadSafety":"ReadSafe","ValueType":{"Category":"Primitive","Name":"bool"}},{"Category":"Scrolling","MemberType":"Property","Name":"TopImage","Security":{"Read":"None","Write":"None"},"Serialization":{"CanLoad":true,"CanSave":true},"ThreadSafety":"ReadSafe","ValueType":{"Category":"DataType","Name":"Content"}},{"Category":"Debugging","MemberType":"Property","Name":"VerticalBarRect","Security":{"Read":"RobloxScriptSecurity","Write":"RobloxScriptSecurity"},"Serialization":{"CanLoad":false,"CanSave":false},"Tags":["Hidden","ReadOnly","NotReplicated"],"ThreadSafety":"ReadSafe","ValueType":{"Category":"DataType","Name":"Rect"}},{"Category":"Scrolling","MemberType":"Property","Name":"VerticalScrollBarInset","Security":{"Read":"None","Write":"None"},"Serialization":{"CanLoad":true,"CanSave":true},"ThreadSafety":"ReadSafe","ValueType":{"Category":"Enum","Name":"ScrollBarInset"}},{"Category":"Scrolling","MemberType":"Property","Name":"VerticalScrollBarPosition","Security":{"Read":"None","Write":"None"},"Serialization":{"CanLoad":true,"CanSave":true},"ThreadSafety":"ReadSafe","ValueType":{"Category":"Enum","Name":"VerticalScrollBarPosition"}},{"MemberType":"Function","Name":"ClearInertialScrolling","Parameters":[],"ReturnType":{"Category":"Primitive","Name":"void"},"Security":"RobloxScriptSecurity","ThreadSafety":"Unsafe"},{"MemberType":"Function","Name":"GetSampledInertialVelocity","Parameters":[],"ReturnType":{"Category":"DataType","Name":"Vector2"},"Security":"RobloxScriptSecurity","ThreadSafety":"Unsafe"},{"MemberType":"Function","Name":"ScrollToTop","Parameters":[],"ReturnType":{"Category":"Primitive","Name":"void"},"Security":"RobloxScriptSecurity","ThreadSafety":"Unsafe"}],"MemoryCategory":"Gui","Name":"ScrollingFrame","Superclass":"GuiObject"},{"Members":[{"Category":"Data","MemberType":"Property","Name":"ClearTextOnFocus","Security":{"Read":"None","Write":"None"},"Serialization":{"CanLoad":true,"CanSave":true},"ThreadSafety":"ReadSafe","ValueType":{"Category":"Primitive","Name":"bool"}},{"Category":"Text","MemberType":"Property","Name":"ContentText","Security":{"Read":"None","Write":"None"},"Serialization":{"CanLoad":false,"CanSave":false},"Tags":["ReadOnly","NotReplicated"],"ThreadSafety":"ReadSafe","ValueType":{"Category":"Primitive","Name":"string"}},{"Category":"Data","MemberType":"Property","Name":"CursorPosition","Security":{"Read":"None","Write":"None"},"Serialization":{"CanLoad":false,"CanSave":false},"ThreadSafety":"ReadSafe","ValueType":{"Category":"Primitive","Name":"int"}},{"Category":"Text","MemberType":"Property","Name":"EnableRealtimeFilteringHints","Security":{"Read":"RobloxScriptSecurity","Write":"RobloxScriptSecurity"},"Serialization":{"CanLoad":false,"CanSave":false},"Tags":["Hidden","NotReplicated"],"ThreadSafety":"ReadSafe","ValueType":{"Category":"Primitive","Name":"bool"}},{"Category":"Text","MemberType":"Property","Name":"Font","Security":{"Read":"None","Write":"None"},"Serialization":{"CanLoad":true,"CanSave":true},"ThreadSafety":"ReadSafe","ValueType":{"Category":"Enum","Name":"Font"}},{"Category":"Text","MemberType":"Property","Name":"FontFace","Security":{"Read":"None","Write":"None"},"Serialization":{"CanLoad":true,"CanSave":true},"ThreadSafety":"ReadSafe","ValueType":{"Category":"DataType","Name":"Font"}},{"Category":"Text","MemberType":"Property","Name":"FontSize","Security":{"Read":"None","Write":"None"},"Serialization":{"CanLoad":true,"CanSave":false},"Tags":["NotReplicated","Deprecated"],"ThreadSafety":"ReadSafe","ValueType":{"Category":"Enum","Name":"FontSize"}},{"Category":"Text","MemberType":"Property","Name":"LineHeight","Security":{"Read":"None","Write":"None"},"Serialization":{"CanLoad":true,"CanSave":true},"ThreadSafety":"ReadSafe","ValueType":{"Category":"Primitive","Name":"float"}},{"Category":"Data","MemberType":"Property","Name":"ManualFocusRelease","Security":{"Read":"RobloxScriptSecurity","Write":"RobloxScriptSecurity"},"Serialization":{"CanLoad":false,"CanSave":false},"Tags":["Hidden","NotReplicated"],"ThreadSafety":"ReadSafe","ValueType":{"Category":"Primitive","Name":"bool"}},{"Category":"Text","MemberType":"Property","Name":"MaxVisibleGraphemes","Security":{"Read":"None","Write":"None"},"Serialization":{"CanLoad":true,"CanSave":true},"ThreadSafety":"ReadSafe","ValueType":{"Category":"Primitive","Name":"int"}},{"Category":"Data","MemberType":"Property","Name":"MultiLine","Security":{"Read":"None","Write":"None"},"Serialization":{"CanLoad":true,"CanSave":true},"ThreadSafety":"ReadSafe","ValueType":{"Category":"Primitive","Name":"bool"}},{"Category":"Data","MemberType":"Property","Name":"OverlayNativeInput","Security":{"Read":"RobloxScriptSecurity","Write":"RobloxScriptSecurity"},"Serialization":{"CanLoad":false,"CanSave":false},"Tags":["Hidden","NotReplicated"],"ThreadSafety":"ReadSafe","ValueType":{"Category":"Primitive","Name":"bool"}},{"Category":"Text","MemberType":"Property","Name":"PlaceholderColor3","Security":{"Read":"None","Write":"None"},"Serialization":{"CanLoad":true,"CanSave":true},"ThreadSafety":"ReadSafe","ValueType":{"Category":"DataType","Name":"Color3"}},{"Category":"Text","MemberType":"Property","Name":"PlaceholderText","Security":{"Read":"None","Write":"None"},"Serialization":{"CanLoad":true,"CanSave":true},"ThreadSafety":"ReadSafe","ValueType":{"Category":"Primitive","Name":"string"}},{"Category":"Data","MemberType":"Property","Name":"ReturnKeyType","Security":{"Read":"RobloxScriptSecurity","Write":"RobloxScriptSecurity"},"Serialization":{"CanLoad":false,"CanSave":false},"Tags":["Hidden","NotReplicated"],"ThreadSafety":"ReadSafe","ValueType":{"Category":"Enum","Name":"ReturnKeyType"}},{"Category":"Text","MemberType":"Property","Name":"RichText","Security":{"Read":"None","Write":"None"},"Serialization":{"CanLoad":true,"CanSave":true},"ThreadSafety":"ReadSafe","ValueType":{"Category":"Primitive","Name":"bool"}},{"Category":"Data","MemberType":"Property","Name":"SelectionStart","Security":{"Read":"None","Write":"None"},"Serialization":{"CanLoad":false,"CanSave":false},"ThreadSafety":"ReadSafe","ValueType":{"Category":"Primitive","Name":"int"}},{"Category":"Data","MemberType":"Property","Name":"ShowNativeInput","Security":{"Read":"None","Write":"None"},"Serialization":{"CanLoad":true,"CanSave":true},"ThreadSafety":"ReadSafe","ValueType":{"Category":"Primitive","Name":"bool"}},{"Category":"Text","MemberType":"Property","Name":"Text","Security":{"Read":"None","Write":"None"},"Serialization":{"CanLoad":true,"CanSave":true},"ThreadSafety":"ReadSafe","ValueType":{"Category":"Primitive","Name":"string"}},{"Category":"Text","MemberType":"Property","Name":"TextBounds","Security":{"Read":"None","Write":"None"},"Serialization":{"CanLoad":false,"CanSave":false},"Tags":["ReadOnly","NotReplicated"],"ThreadSafety":"ReadSafe","ValueType":{"Category":"DataType","Name":"Vector2"}},{"Category":"Text","MemberType":"Property","Name":"TextColor","Security":{"Read":"None","Write":"None"},"Serialization":{"CanLoad":true,"CanSave":false},"Tags":["Hidden","NotReplicated","Deprecated"],"ThreadSafety":"ReadSafe","ValueType":{"Category":"DataType","Name":"BrickColor"}},{"Category":"Text","MemberType":"Property","Name":"TextColor3","Security":{"Read":"None","Write":"None"},"Serialization":{"CanLoad":true,"CanSave":true},"ThreadSafety":"ReadSafe","ValueType":{"Category":"DataType","Name":"Color3"}},{"Category":"Data","MemberType":"Property","Name":"TextEditable","Security":{"Read":"None","Write":"None"},"Serialization":{"CanLoad":true,"CanSave":true},"ThreadSafety":"ReadSafe","ValueType":{"Category":"Primitive","Name":"bool"}},{"Category":"Text","MemberType":"Property","Name":"TextFits","Security":{"Read":"None","Write":"None"},"Serialization":{"CanLoad":false,"CanSave":false},"Tags":["ReadOnly","NotReplicated"],"ThreadSafety":"ReadSafe","ValueType":{"Category":"Primitive","Name":"bool"}},{"Category":"Data","MemberType":"Property","Name":"TextInputType","Security":{"Read":"RobloxScriptSecurity","Write":"RobloxScriptSecurity"},"Serialization":{"CanLoad":false,"CanSave":false},"Tags":["Hidden","NotReplicated"],"ThreadSafety":"ReadSafe","ValueType":{"Category":"Enum","Name":"TextInputType"}},{"Category":"Text","MemberType":"Property","Name":"TextScaled","Security":{"Read":"None","Write":"None"},"Serialization":{"CanLoad":true,"CanSave":true},"ThreadSafety":"ReadSafe","ValueType":{"Category":"Primitive","Name":"bool"}},{"Category":"Text","MemberType":"Property","Name":"TextSize","Security":{"Read":"None","Write":"None"},"Serialization":{"CanLoad":true,"CanSave":true},"ThreadSafety":"ReadSafe","ValueType":{"Category":"Primitive","Name":"float"}},{"Category":"Text","MemberType":"Property","Name":"TextStrokeColor3","Security":{"Read":"None","Write":"None"},"Serialization":{"CanLoad":true,"CanSave":true},"ThreadSafety":"ReadSafe","ValueType":{"Category":"DataType","Name":"Color3"}},{"Category":"Text","MemberType":"Property","Name":"TextStrokeTransparency","Security":{"Read":"None","Write":"None"},"Serialization":{"CanLoad":true,"CanSave":true},"ThreadSafety":"ReadSafe","ValueType":{"Category":"Primitive","Name":"float"}},{"Category":"Text","MemberType":"Property","Name":"TextTransparency","Security":{"Read":"None","Write":"None"},"Serialization":{"CanLoad":true,"CanSave":true},"ThreadSafety":"ReadSafe","ValueType":{"Category":"Primitive","Name":"float"}},{"Category":"Text","MemberType":"Property","Name":"TextTruncate","Security":{"Read":"None","Write":"None"},"Serialization":{"CanLoad":true,"CanSave":true},"ThreadSafety":"ReadSafe","ValueType":{"Category":"Enum","Name":"TextTruncate"}},{"Category":"Text","MemberType":"Property","Name":"TextWrap","Security":{"Read":"None","Write":"None"},"Serialization":{"CanLoad":true,"CanSave":false},"Tags":["NotReplicated","Deprecated"],"ThreadSafety":"ReadSafe","ValueType":{"Category":"Primitive","Name":"bool"}},{"Category":"Text","MemberType":"Property","Name":"TextWrapped","Security":{"Read":"None","Write":"None"},"Serialization":{"CanLoad":true,"CanSave":true},"ThreadSafety":"ReadSafe","ValueType":{"Category":"Primitive","Name":"bool"}},{"Category":"Text","MemberType":"Property","Name":"TextXAlignment","Security":{"Read":"None","Write":"None"},"Serialization":{"CanLoad":true,"CanSave":true},"ThreadSafety":"ReadSafe","ValueType":{"Category":"Enum","Name":"TextXAlignment"}},{"Category":"Text","MemberType":"Property","Name":"TextYAlignment","Security":{"Read":"None","Write":"None"},"Serialization":{"CanLoad":true,"CanSave":true},"ThreadSafety":"ReadSafe","ValueType":{"Category":"Enum","Name":"TextYAlignment"}},{"MemberType":"Function","Name":"CaptureFocus","Parameters":[],"ReturnType":{"Category":"Primitive","Name":"void"},"Security":"None","ThreadSafety":"Unsafe"},{"MemberType":"Function","Name":"IsFocused","Parameters":[],"ReturnType":{"Category":"Primitive","Name":"bool"},"Security":"None","ThreadSafety":"Unsafe"},{"MemberType":"Function","Name":"ReleaseFocus","Parameters":[{"Default":"false","Name":"submitted","Type":{"Category":"Primitive","Name":"bool"}}],"ReturnType":{"Category":"Primitive","Name":"void"},"Security":"None","ThreadSafety":"Unsafe"},{"MemberType":"Function","Name":"ResetKeyboardMode","Parameters":[],"ReturnType":{"Category":"Primitive","Name":"void"},"Security":"RobloxScriptSecurity","ThreadSafety":"Unsafe"},{"MemberType":"Function","Name":"SetTextFromInput","Parameters":[{"Name":"text","Type":{"Category":"Primitive","Name":"string"}}],"ReturnType":{"Category":"Primitive","Name":"void"},"Security":"RobloxScriptSecurity","ThreadSafety":"Unsafe"},{"MemberType":"Event","Name":"FocusLost","Parameters":[{"Name":"enterPressed","Type":{"Category":"Primitive","Name":"bool"}},{"Name":"inputThatCausedFocusLoss","Type":{"Category":"Class","Name":"InputObject"}}],"Security":"None","ThreadSafety":"Unsafe"},{"MemberType":"Event","Name":"Focused","Parameters":[],"Security":"None","ThreadSafety":"Unsafe"},{"MemberType":"Event","Name":"ReturnPressedFromOnScreenKeyboard","Parameters":[],"Security":"None","ThreadSafety":"Unsafe"}],"MemoryCategory":"Gui","Name":"TextBox","Superclass":"GuiObject"},{"Members":[{"Category":"Video","MemberType":"Property","Name":"IsLoaded","Security":{"Read":"None","Write":"None"},"Serialization":{"CanLoad":false,"CanSave":false},"Tags":["ReadOnly","NotReplicated"],"ThreadSafety":"ReadSafe","ValueType":{"Category":"Primitive","Name":"bool"}},{"Category":"Video","MemberType":"Property","Name":"Looped","Security":{"Read":"None","Write":"None"},"Serialization":{"CanLoad":true,"CanSave":true},"ThreadSafety":"ReadSafe","ValueType":{"Category":"Primitive","Name":"bool"}},{"Category":"Video","MemberType":"Property","Name":"Playing","Security":{"Read":"None","Write":"None"},"Serialization":{"CanLoad":true,"CanSave":true},"Tags":["NotReplicated"],"ThreadSafety":"ReadSafe","ValueType":{"Category":"Primitive","Name":"bool"}},{"Category":"Video","MemberType":"Property","Name":"Resolution","Security":{"Read":"None","Write":"None"},"Serialization":{"CanLoad":false,"CanSave":false},"Tags":["ReadOnly","NotReplicated"],"ThreadSafety":"ReadSafe","ValueType":{"Category":"DataType","Name":"Vector2"}},{"Category":"Video","MemberType":"Property","Name":"TimeLength","Security":{"Read":"None","Write":"None"},"Serialization":{"CanLoad":false,"CanSave":false},"Tags":["ReadOnly","NotReplicated"],"ThreadSafety":"ReadSafe","ValueType":{"Category":"Primitive","Name":"double"}},{"Category":"Video","MemberType":"Property","Name":"TimePosition","Security":{"Read":"None","Write":"None"},"Serialization":{"CanLoad":true,"CanSave":true},"Tags":["NotReplicated"],"ThreadSafety":"ReadSafe","ValueType":{"Category":"Primitive","Name":"double"}},{"Category":"Video","MemberType":"Property","Name":"Video","Security":{"Read":"None","Write":"None"},"Serialization":{"CanLoad":true,"CanSave":true},"ThreadSafety":"ReadSafe","ValueType":{"Category":"DataType","Name":"Content"}},{"Category":"Video","MemberType":"Property","Name":"Volume","Security":{"Read":"None","Write":"None"},"Serialization":{"CanLoad":true,"CanSave":true},"ThreadSafety":"ReadSafe","ValueType":{"Category":"Primitive","Name":"float"}},{"MemberType":"Function","Name":"Pause","Parameters":[],"ReturnType":{"Category":"Primitive","Name":"void"},"Security":"None","ThreadSafety":"Unsafe"},{"MemberType":"Function","Name":"Play","Parameters":[],"ReturnType":{"Category":"Primitive","Name":"void"},"Security":"None","ThreadSafety":"Unsafe"},{"MemberType":"Event","Name":"DidLoop","Parameters":[{"Name":"video","Type":{"Category":"Primitive","Name":"string"}}],"Security":"None","ThreadSafety":"Unsafe"},{"MemberType":"Event","Name":"Ended","Parameters":[{"Name":"video","Type":{"Category":"Primitive","Name":"string"}}],"Security":"None","ThreadSafety":"Unsafe"},{"MemberType":"Event","Name":"Loaded","Parameters":[{"Name":"video","Type":{"Category":"Primitive","Name":"string"}}],"Security":"None","ThreadSafety":"Unsafe"},{"MemberType":"Event","Name":"Paused","Parameters":[{"Name":"video","Type":{"Category":"Primitive","Name":"string"}}],"Security":"None","ThreadSafety":"Unsafe"},{"MemberType":"Event","Name":"Played","Parameters":[{"Name":"video","Type":{"Category":"Primitive","Name":"string"}}],"Security":"None","ThreadSafety":"Unsafe"}],"MemoryCategory":"Gui","Name":"VideoFrame","Superclass":"GuiObject"},{"Members":[{"Category":"Appearance","MemberType":"Property","Name":"Ambient","Security":{"Read":"None","Write":"None"},"Serialization":{"CanLoad":true,"CanSave":true},"ThreadSafety":"ReadSafe","ValueType":{"Category":"DataType","Name":"Color3"}},{"Category":"Data","MemberType":"Property","Name":"CurrentCamera","Security":{"Read":"None","Write":"None"},"Serialization":{"CanLoad":true,"CanSave":false},"Tags":["NotReplicated"],"ThreadSafety":"ReadSafe","ValueType":{"Category":"Class","Name":"Camera"}},{"Category":"Image","MemberType":"Property","Name":"ImageColor3","Security":{"Read":"None","Write":"None"},"Serialization":{"CanLoad":true,"CanSave":true},"ThreadSafety":"ReadSafe","ValueType":{"Category":"DataType","Name":"Color3"}},{"Category":"Image","MemberType":"Property","Name":"ImageTransparency","Security":{"Read":"None","Write":"None"},"Serialization":{"CanLoad":true,"CanSave":true},"ThreadSafety":"ReadSafe","ValueType":{"Category":"Primitive","Name":"float"}},{"Category":"Appearance","MemberType":"Property","Name":"LightColor","Security":{"Read":"None","Write":"None"},"Serialization":{"CanLoad":true,"CanSave":true},"ThreadSafety":"ReadSafe","ValueType":{"Category":"DataType","Name":"Color3"}},{"Category":"Appearance","MemberType":"Property","Name":"LightDirection","Security":{"Read":"None","Write":"None"},"Serialization":{"CanLoad":true,"CanSave":true},"ThreadSafety":"ReadSafe","ValueType":{"Category":"DataType","Name":"Vector3"}}],"MemoryCategory":"Gui","Name":"ViewportFrame","Superclass":"GuiObject"},{"Members":[{"Category":"Data","MemberType":"Property","Name":"Enabled","Security":{"Read":"None","Write":"None"},"Serialization":{"CanLoad":true,"CanSave":true},"ThreadSafety":"ReadSafe","ValueType":{"Category":"Primitive","Name":"bool"}},{"Category":"Data","MemberType":"Property","Name":"ResetOnSpawn","Security":{"Read":"None","Write":"None"},"Serialization":{"CanLoad":true,"CanSave":true},"ThreadSafety":"ReadSafe","ValueType":{"Category":"Primitive","Name":"bool"}},{"Category":"Data","MemberType":"Property","Name":"ZIndexBehavior","Security":{"Read":"None","Write":"None"},"Serialization":{"CanLoad":true,"CanSave":true},"ThreadSafety":"ReadSafe","ValueType":{"Category":"Enum","Name":"ZIndexBehavior"}},{"MemberType":"Function","Name":"GetLayoutNodeTree","Parameters":[],"ReturnType":{"Category":"Group","Name":"Dictionary"},"Security":"None","Tags":["Deprecated"],"ThreadSafety":"Unsafe"}],"MemoryCategory":"Instances","Name":"LayerCollector","Superclass":"GuiBase2d","Tags":["NotCreatable","NotBrowsable"]},{"Members":[{"Category":"Data","MemberType":"Property","Name":"Active","Security":{"Read":"None","Write":"None"},"Serialization":{"CanLoad":true,"CanSave":true},"ThreadSafety":"ReadSafe","ValueType":{"Category":"Primitive","Name":"bool"}},{"Category":"Data","MemberType":"Property","Name":"Adornee","Security":{"Read":"None","Write":"None"},"Serialization":{"CanLoad":true,"CanSave":true},"ThreadSafety":"ReadSafe","ValueType":{"Category":"Class","Name":"Instance"}},{"Category":"Data","MemberType":"Property","Name":"AlwaysOnTop","Security":{"Read":"None","Write":"None"},"Serialization":{"CanLoad":true,"CanSave":true},"ThreadSafety":"ReadSafe","ValueType":{"Category":"Primitive","Name":"bool"}},{"Category":"Data","MemberType":"Property","Name":"Brightness","Security":{"Read":"None","Write":"None"},"Serialization":{"CanLoad":true,"CanSave":true},"ThreadSafety":"ReadSafe","ValueType":{"Category":"Primitive","Name":"float"}},{"Category":"Behavior","MemberType":"Property","Name":"ClipsDescendants","Security":{"Read":"None","Write":"None"},"Serialization":{"CanLoad":true,"CanSave":true},"ThreadSafety":"ReadSafe","ValueType":{"Category":"Primitive","Name":"bool"}},{"Category":"Data","MemberType":"Property","Name":"CurrentDistance","Security":{"Read":"None","Write":"None"},"Serialization":{"CanLoad":false,"CanSave":false},"Tags":["ReadOnly","NotReplicated"],"ThreadSafety":"ReadSafe","ValueType":{"Category":"Primitive","Name":"float"}},{"Category":"Data","MemberType":"Property","Name":"DistanceLowerLimit","Security":{"Read":"None","Write":"None"},"Serialization":{"CanLoad":true,"CanSave":true},"ThreadSafety":"ReadSafe","ValueType":{"Category":"Primitive","Name":"float"}},{"Category":"Data","MemberType":"Property","Name":"DistanceStep","Security":{"Read":"None","Write":"None"},"Serialization":{"CanLoad":true,"CanSave":true},"ThreadSafety":"ReadSafe","ValueType":{"Category":"Primitive","Name":"float"}},{"Category":"Data","MemberType":"Property","Name":"DistanceUpperLimit","Security":{"Read":"None","Write":"None"},"Serialization":{"CanLoad":true,"CanSave":true},"ThreadSafety":"ReadSafe","ValueType":{"Category":"Primitive","Name":"float"}},{"Category":"Data","MemberType":"Property","Name":"ExtentsOffset","Security":{"Read":"None","Write":"None"},"Serialization":{"CanLoad":true,"CanSave":true},"ThreadSafety":"ReadSafe","ValueType":{"Category":"DataType","Name":"Vector3"}},{"Category":"Data","MemberType":"Property","Name":"ExtentsOffsetWorldSpace","Security":{"Read":"None","Write":"None"},"Serialization":{"CanLoad":true,"CanSave":true},"ThreadSafety":"ReadSafe","ValueType":{"Category":"DataType","Name":"Vector3"}},{"Category":"Data","MemberType":"Property","Name":"LightInfluence","Security":{"Read":"None","Write":"None"},"Serialization":{"CanLoad":true,"CanSave":true},"ThreadSafety":"ReadSafe","ValueType":{"Category":"Primitive","Name":"float"}},{"Category":"Data","MemberType":"Property","Name":"MaxDistance","Security":{"Read":"None","Write":"None"},"Serialization":{"CanLoad":true,"CanSave":true},"ThreadSafety":"ReadSafe","ValueType":{"Category":"Primitive","Name":"float"}},{"Category":"Data","MemberType":"Property","Name":"PlayerToHideFrom","Security":{"Read":"None","Write":"None"},"Serialization":{"CanLoad":true,"CanSave":true},"ThreadSafety":"ReadSafe","ValueType":{"Category":"Class","Name":"Instance"}},{"Category":"Data","MemberType":"Property","Name":"Size","Security":{"Read":"None","Write":"None"},"Serialization":{"CanLoad":true,"CanSave":true},"ThreadSafety":"ReadSafe","ValueType":{"Category":"DataType","Name":"UDim2"}},{"Category":"Data","MemberType":"Property","Name":"SizeOffset","Security":{"Read":"None","Write":"None"},"Serialization":{"CanLoad":true,"CanSave":true},"ThreadSafety":"ReadSafe","ValueType":{"Category":"DataType","Name":"Vector2"}},{"Category":"Data","MemberType":"Property","Name":"StudsOffset","Security":{"Read":"None","Write":"None"},"Serialization":{"CanLoad":true,"CanSave":true},"ThreadSafety":"ReadSafe","ValueType":{"Category":"DataType","Name":"Vector3"}},{"Category":"Data","MemberType":"Property","Name":"StudsOffsetWorldSpace","Security":{"Read":"None","Write":"None"},"Serialization":{"CanLoad":true,"CanSave":true},"ThreadSafety":"ReadSafe","ValueType":{"Category":"DataType","Name":"Vector3"}},{"MemberType":"Function","Name":"GetScreenSpaceBounds","Parameters":[],"ReturnType":{"Category":"Group","Name":"Variant"},"Security":"RobloxScriptSecurity","ThreadSafety":"Unsafe"}],"MemoryCategory":"Instances","Name":"BillboardGui","Superclass":"LayerCollector"},{"Members":[{"Category":"Data","MemberType":"Property","Name":"Title","Security":{"Read":"None","Write":"None"},"Serialization":{"CanLoad":true,"CanSave":true},"ThreadSafety":"ReadSafe","ValueType":{"Category":"Primitive","Name":"string"}},{"MemberType":"Function","Name":"BindToClose","Parameters":[{"Default":"nil","Name":"function","Type":{"Category":"DataType","Name":"Function"}}],"ReturnType":{"Category":"Primitive","Name":"void"},"Security":"None","ThreadSafety":"Unsafe"},{"MemberType":"Function","Name":"GetRelativeMousePosition","Parameters":[],"ReturnType":{"Category":"DataType","Name":"Vector2"},"Security":"PluginSecurity","ThreadSafety":"Unsafe"},{"MemberType":"Event","Name":"PluginDragDropped","Parameters":[{"Name":"dragData","Type":{"Category":"Group","Name":"Dictionary"}}],"Security":"PluginSecurity","ThreadSafety":"Unsafe"},{"MemberType":"Event","Name":"PluginDragEntered","Parameters":[{"Name":"dragData","Type":{"Category":"Group","Name":"Dictionary"}}],"Security":"PluginSecurity","ThreadSafety":"Unsafe"},{"MemberType":"Event","Name":"PluginDragLeft","Parameters":[{"Name":"dragData","Type":{"Category":"Group","Name":"Dictionary"}}],"Security":"PluginSecurity","ThreadSafety":"Unsafe"},{"MemberType":"Event","Name":"PluginDragMoved","Parameters":[{"Name":"dragData","Type":{"Category":"Group","Name":"Dictionary"}}],"Security":"PluginSecurity","ThreadSafety":"Unsafe"},{"MemberType":"Event","Name":"WindowFocusReleased","Parameters":[],"Security":"PluginSecurity","ThreadSafety":"Unsafe"},{"MemberType":"Event","Name":"WindowFocused","Parameters":[],"Security":"PluginSecurity","ThreadSafety":"Unsafe"}],"MemoryCategory":"Instances","Name":"PluginGui","Superclass":"LayerCollector","Tags":["NotCreatable","NotReplicated"]},{"Members":[{"Category":"Data","MemberType":"Property","Name":"HostWidgetWasRestored","Security":{"Read":"None","Write":"None"},"Serialization":{"CanLoad":false,"CanSave":true},"Tags":["ReadOnly","NotReplicated"],"ThreadSafety":"ReadSafe","ValueType":{"Category":"Primitive","Name":"bool"}},{"MemberType":"Function","Name":"RequestRaise","Parameters":[],"ReturnType":{"Category":"Primitive","Name":"void"},"Security":"RobloxScriptSecurity","ThreadSafety":"Unsafe"}],"MemoryCategory":"Instances","Name":"DockWidgetPluginGui","Superclass":"PluginGui","Tags":["NotCreatable","NotReplicated"]},{"Members":[],"MemoryCategory":"Instances","Name":"QWidgetPluginGui","Superclass":"PluginGui","Tags":["NotCreatable","NotReplicated"]},{"Members":[{"Category":"Data","MemberType":"Property","Name":"DisplayOrder","Security":{"Read":"None","Write":"None"},"Serialization":{"CanLoad":true,"CanSave":true},"ThreadSafety":"ReadSafe","ValueType":{"Category":"Primitive","Name":"int"}},{"Category":"Data","MemberType":"Property","Name":"IgnoreGuiInset","Security":{"Read":"None","Write":"None"},"Serialization":{"CanLoad":true,"CanSave":true},"ThreadSafety":"ReadSafe","ValueType":{"Category":"Primitive","Name":"bool"}},{"Category":"Behavior","MemberType":"Property","Name":"OnTopOfCoreBlur","Security":{"Read":"RobloxScriptSecurity","Write":"RobloxScriptSecurity"},"Serialization":{"CanLoad":false,"CanSave":false},"Tags":["Hidden"],"ThreadSafety":"ReadSafe","ValueType":{"Category":"Primitive","Name":"bool"}}],"MemoryCategory":"Instances","Name":"ScreenGui","Superclass":"LayerCollector"},{"Members":[],"MemoryCategory":"Instances","Name":"GuiMain","Superclass":"ScreenGui","Tags":["Deprecated"]},{"Members":[{"Category":"Data","MemberType":"Property","Name":"Active","Security":{"Read":"None","Write":"None"},"Serialization":{"CanLoad":true,"CanSave":true},"ThreadSafety":"ReadSafe","ValueType":{"Category":"Primitive","Name":"bool"}},{"Category":"Data","MemberType":"Property","Name":"Adornee","Security":{"Read":"None","Write":"None"},"Serialization":{"CanLoad":true,"CanSave":true},"ThreadSafety":"ReadSafe","ValueType":{"Category":"Class","Name":"Instance"}},{"Category":"Data","MemberType":"Property","Name":"AlwaysOnTop","Security":{"Read":"None","Write":"None"},"Serialization":{"CanLoad":true,"CanSave":true},"ThreadSafety":"ReadSafe","ValueType":{"Category":"Primitive","Name":"bool"}},{"Category":"Data","MemberType":"Property","Name":"Brightness","Security":{"Read":"None","Write":"None"},"Serialization":{"CanLoad":true,"CanSave":true},"ThreadSafety":"ReadSafe","ValueType":{"Category":"Primitive","Name":"float"}},{"Category":"Sizing","MemberType":"Property","Name":"CanvasSize","Security":{"Read":"None","Write":"None"},"Serialization":{"CanLoad":true,"CanSave":true},"ThreadSafety":"ReadSafe","ValueType":{"Category":"DataType","Name":"Vector2"}},{"Category":"Behavior","MemberType":"Property","Name":"ClipsDescendants","Security":{"Read":"None","Write":"None"},"Serialization":{"CanLoad":true,"CanSave":true},"ThreadSafety":"ReadSafe","ValueType":{"Category":"Primitive","Name":"bool"}},{"Category":"Data","MemberType":"Property","Name":"Face","Security":{"Read":"None","Write":"None"},"Serialization":{"CanLoad":true,"CanSave":true},"ThreadSafety":"ReadSafe","ValueType":{"Category":"Enum","Name":"NormalId"}},{"Category":"Data","MemberType":"Property","Name":"LightInfluence","Security":{"Read":"None","Write":"None"},"Serialization":{"CanLoad":true,"CanSave":true},"ThreadSafety":"ReadSafe","ValueType":{"Category":"Primitive","Name":"float"}},{"Category":"Sizing","MemberType":"Property","Name":"PixelsPerStud","Security":{"Read":"None","Write":"None"},"Serialization":{"CanLoad":true,"CanSave":true},"ThreadSafety":"ReadSafe","ValueType":{"Category":"Primitive","Name":"float"}},{"Category":"Sizing","MemberType":"Property","Name":"SizingMode","Security":{"Read":"None","Write":"None"},"Serialization":{"CanLoad":true,"CanSave":true},"ThreadSafety":"ReadSafe","ValueType":{"Category":"Enum","Name":"SurfaceGuiSizingMode"}},{"Category":"Data","MemberType":"Property","Name":"ToolPunchThroughDistance","Security":{"Read":"None","Write":"None"},"Serialization":{"CanLoad":true,"CanSave":true},"ThreadSafety":"ReadSafe","ValueType":{"Category":"Primitive","Name":"float"}},{"Category":"Appearance","MemberType":"Property","Name":"ZOffset","Security":{"Read":"None","Write":"None"},"Serialization":{"CanLoad":true,"CanSave":true},"ThreadSafety":"ReadSafe","ValueType":{"Category":"Primitive","Name":"float"}}],"MemoryCategory":"Instances","Name":"SurfaceGui","Superclass":"LayerCollector"},{"Members":[{"Category":"Appearance","MemberType":"Property","Name":"Color","Security":{"Read":"None","Write":"None"},"Serialization":{"CanLoad":true,"CanSave":false},"Tags":["Hidden","NotReplicated","Deprecated"],"ThreadSafety":"ReadSafe","ValueType":{"Category":"DataType","Name":"BrickColor"}},{"Category":"Appearance","MemberType":"Property","Name":"Color3","Security":{"Read":"None","Write":"None"},"Serialization":{"CanLoad":true,"CanSave":true},"ThreadSafety":"ReadSafe","ValueType":{"Category":"DataType","Name":"Color3"}},{"Category":"Appearance","MemberType":"Property","Name":"Transparency","Security":{"Read":"None","Write":"None"},"Serialization":{"CanLoad":true,"CanSave":true},"ThreadSafety":"ReadSafe","ValueType":{"Category":"Primitive","Name":"float"}},{"Category":"Data","MemberType":"Property","Name":"Visible","Security":{"Read":"None","Write":"None"},"Serialization":{"CanLoad":true,"CanSave":true},"ThreadSafety":"ReadSafe","ValueType":{"Category":"Primitive","Name":"bool"}}],"MemoryCategory":"Instances","Name":"GuiBase3d","Superclass":"GuiBase","Tags":["NotCreatable"]},{"Members":[{"Category":"Data","MemberType":"Property","Name":"CycleOffset","Security":{"Read":"None","Write":"None"},"Serialization":{"CanLoad":true,"CanSave":true},"ThreadSafety":"ReadSafe","ValueType":{"Category":"Primitive","Name":"float"}},{"Category":"Data","MemberType":"Property","Name":"From","Security":{"Read":"None","Write":"None"},"Serialization":{"CanLoad":true,"CanSave":true},"ThreadSafety":"ReadSafe","ValueType":{"Category":"Class","Name":"BasePart"}},{"Category":"Data","MemberType":"Property","Name":"StudsBetweenTextures","Security":{"Read":"None","Write":"None"},"Serialization":{"CanLoad":true,"CanSave":true},"ThreadSafety":"ReadSafe","ValueType":{"Category":"Primitive","Name":"float"}},{"Category":"Appearance","MemberType":"Property","Name":"Texture","Security":{"Read":"None","Write":"None"},"Serialization":{"CanLoad":true,"CanSave":true},"ThreadSafety":"ReadSafe","ValueType":{"Category":"DataType","Name":"Content"}},{"Category":"Appearance","MemberType":"Property","Name":"TextureSize","Security":{"Read":"None","Write":"None"},"Serialization":{"CanLoad":true,"CanSave":true},"ThreadSafety":"ReadSafe","ValueType":{"Category":"DataType","Name":"Vector2"}},{"Category":"Data","MemberType":"Property","Name":"To","Security":{"Read":"None","Write":"None"},"Serialization":{"CanLoad":true,"CanSave":true},"ThreadSafety":"ReadSafe","ValueType":{"Category":"Class","Name":"BasePart"}},{"Category":"Data","MemberType":"Property","Name":"Velocity","Security":{"Read":"None","Write":"None"},"Serialization":{"CanLoad":true,"CanSave":true},"ThreadSafety":"ReadSafe","ValueType":{"Category":"Primitive","Name":"float"}},{"Category":"Data","MemberType":"Property","Name":"WireRadius","Security":{"Read":"None","Write":"None"},"Serialization":{"CanLoad":true,"CanSave":true},"ThreadSafety":"ReadSafe","ValueType":{"Category":"Primitive","Name":"float"}}],"MemoryCategory":"Instances","Name":"FloorWire","Superclass":"GuiBase3d","Tags":["Deprecated"]},{"Members":[{"Category":"Data","MemberType":"Property","Name":"Adornee","Security":{"Read":"None","Write":"None"},"Serialization":{"CanLoad":true,"CanSave":true},"ThreadSafety":"ReadSafe","ValueType":{"Category":"Class","Name":"Instance"}}],"MemoryCategory":"Instances","Name":"InstanceAdornment","Superclass":"GuiBase3d","Tags":["NotCreatable"]},{"Members":[{"Category":"Appearance","MemberType":"Property","Name":"LineThickness","Security":{"Read":"None","Write":"None"},"Serialization":{"CanLoad":true,"CanSave":true},"ThreadSafety":"ReadSafe","ValueType":{"Category":"Primitive","Name":"float"}},{"Category":"Appearance","MemberType":"Property","Name":"SurfaceColor","Security":{"Read":"None","Write":"None"},"Serialization":{"CanLoad":true,"CanSave":false},"Tags":["Hidden","NotReplicated","Deprecated"],"ThreadSafety":"ReadSafe","ValueType":{"Category":"DataType","Name":"BrickColor"}},{"Category":"Appearance","MemberType":"Property","Name":"SurfaceColor3","Security":{"Read":"None","Write":"None"},"Serialization":{"CanLoad":true,"CanSave":true},"ThreadSafety":"ReadSafe","ValueType":{"Category":"DataType","Name":"Color3"}},{"Category":"Appearance","MemberType":"Property","Name":"SurfaceTransparency","Security":{"Read":"None","Write":"None"},"Serialization":{"CanLoad":true,"CanSave":true},"ThreadSafety":"ReadSafe","ValueType":{"Category":"Primitive","Name":"float"}}],"MemoryCategory":"Instances","Name":"SelectionBox","Superclass":"InstanceAdornment"},{"Members":[{"Category":"Data","MemberType":"Property","Name":"Adornee","Security":{"Read":"None","Write":"None"},"Serialization":{"CanLoad":true,"CanSave":true},"ThreadSafety":"ReadSafe","ValueType":{"Category":"Class","Name":"PVInstance"}}],"MemoryCategory":"Instances","Name":"PVAdornment","Superclass":"GuiBase3d","Tags":["NotCreatable"]},{"Members":[{"Category":"Data","MemberType":"Property","Name":"AdornCullingMode","Security":{"Read":"None","Write":"None"},"Serialization":{"CanLoad":true,"CanSave":true},"ThreadSafety":"ReadSafe","ValueType":{"Category":"Enum","Name":"AdornCullingMode"}},{"Category":"Data","MemberType":"Property","Name":"AlwaysOnTop","Security":{"Read":"None","Write":"None"},"Serialization":{"CanLoad":true,"CanSave":true},"ThreadSafety":"ReadSafe","ValueType":{"Category":"Primitive","Name":"bool"}},{"Category":"Data","MemberType":"Property","Name":"CFrame","Security":{"Read":"None","Write":"None"},"Serialization":{"CanLoad":true,"CanSave":true},"ThreadSafety":"ReadSafe","ValueType":{"Category":"DataType","Name":"CFrame"}},{"Category":"Data","MemberType":"Property","Name":"SizeRelativeOffset","Security":{"Read":"None","Write":"None"},"Serialization":{"CanLoad":true,"CanSave":true},"ThreadSafety":"ReadSafe","ValueType":{"Category":"DataType","Name":"Vector3"}},{"Category":"Data","MemberType":"Property","Name":"ZIndex","Security":{"Read":"None","Write":"None"},"Serialization":{"CanLoad":true,"CanSave":true},"ThreadSafety":"ReadSafe","ValueType":{"Category":"Primitive","Name":"int"}},{"MemberType":"Event","Name":"MouseButton1Down","Parameters":[],"Security":"None","ThreadSafety":"Unsafe"},{"MemberType":"Event","Name":"MouseButton1Up","Parameters":[],"Security":"None","ThreadSafety":"Unsafe"},{"MemberType":"Event","Name":"MouseEnter","Parameters":[],"Security":"None","ThreadSafety":"Unsafe"},{"MemberType":"Event","Name":"MouseLeave","Parameters":[],"Security":"None","ThreadSafety":"Unsafe"}],"MemoryCategory":"Instances","Name":"HandleAdornment","Superclass":"PVAdornment","Tags":["NotCreatable"]},{"Members":[{"Category":"Data","MemberType":"Property","Name":"Size","Security":{"Read":"None","Write":"None"},"Serialization":{"CanLoad":true,"CanSave":true},"ThreadSafety":"ReadSafe","ValueType":{"Category":"DataType","Name":"Vector3"}}],"MemoryCategory":"Instances","Name":"BoxHandleAdornment","Superclass":"HandleAdornment"},{"Members":[{"Category":"Data","MemberType":"Property","Name":"Height","Security":{"Read":"None","Write":"None"},"Serialization":{"CanLoad":true,"CanSave":true},"ThreadSafety":"ReadSafe","ValueType":{"Category":"Primitive","Name":"float"}},{"Category":"Data","MemberType":"Property","Name":"Radius","Security":{"Read":"None","Write":"None"},"Serialization":{"CanLoad":true,"CanSave":true},"ThreadSafety":"ReadSafe","ValueType":{"Category":"Primitive","Name":"float"}}],"MemoryCategory":"Instances","Name":"ConeHandleAdornment","Superclass":"HandleAdornment"},{"Members":[{"Category":"Data","MemberType":"Property","Name":"Angle","Security":{"Read":"None","Write":"None"},"Serialization":{"CanLoad":true,"CanSave":true},"ThreadSafety":"ReadSafe","ValueType":{"Category":"Primitive","Name":"float"}},{"Category":"Data","MemberType":"Property","Name":"Height","Security":{"Read":"None","Write":"None"},"Serialization":{"CanLoad":true,"CanSave":true},"ThreadSafety":"ReadSafe","ValueType":{"Category":"Primitive","Name":"float"}},{"Category":"Data","MemberType":"Property","Name":"InnerRadius","Security":{"Read":"None","Write":"None"},"Serialization":{"CanLoad":true,"CanSave":true},"ThreadSafety":"ReadSafe","ValueType":{"Category":"Primitive","Name":"float"}},{"Category":"Data","MemberType":"Property","Name":"Radius","Security":{"Read":"None","Write":"None"},"Serialization":{"CanLoad":true,"CanSave":true},"ThreadSafety":"ReadSafe","ValueType":{"Category":"Primitive","Name":"float"}}],"MemoryCategory":"Instances","Name":"CylinderHandleAdornment","Superclass":"HandleAdornment"},{"Members":[{"Category":"Data","MemberType":"Property","Name":"Image","Security":{"Read":"None","Write":"None"},"Serialization":{"CanLoad":true,"CanSave":true},"ThreadSafety":"ReadSafe","ValueType":{"Category":"DataType","Name":"Content"}},{"Category":"Data","MemberType":"Property","Name":"Size","Security":{"Read":"None","Write":"None"},"Serialization":{"CanLoad":true,"CanSave":true},"ThreadSafety":"ReadSafe","ValueType":{"Category":"DataType","Name":"Vector2"}}],"MemoryCategory":"Instances","Name":"ImageHandleAdornment","Superclass":"HandleAdornment"},{"Members":[{"Category":"Data","MemberType":"Property","Name":"Length","Security":{"Read":"None","Write":"None"},"Serialization":{"CanLoad":true,"CanSave":true},"ThreadSafety":"ReadSafe","ValueType":{"Category":"Primitive","Name":"float"}},{"Category":"Data","MemberType":"Property","Name":"Thickness","Security":{"Read":"None","Write":"None"},"Serialization":{"CanLoad":true,"CanSave":true},"ThreadSafety":"ReadSafe","ValueType":{"Category":"Primitive","Name":"float"}}],"MemoryCategory":"Instances","Name":"LineHandleAdornment","Superclass":"HandleAdornment"},{"Members":[{"Category":"Data","MemberType":"Property","Name":"Radius","Security":{"Read":"None","Write":"None"},"Serialization":{"CanLoad":true,"CanSave":true},"ThreadSafety":"ReadSafe","ValueType":{"Category":"Primitive","Name":"float"}}],"MemoryCategory":"Instances","Name":"SphereHandleAdornment","Superclass":"HandleAdornment"},{"Members":[{"Category":"Data","MemberType":"Property","Name":"A","Security":{"Read":"RobloxScriptSecurity","Write":"RobloxScriptSecurity"},"Serialization":{"CanLoad":false,"CanSave":false},"Tags":["Hidden"],"ThreadSafety":"ReadSafe","ValueType":{"Category":"Primitive","Name":"float"}},{"Category":"Data","MemberType":"Property","Name":"B","Security":{"Read":"RobloxScriptSecurity","Write":"RobloxScriptSecurity"},"Serialization":{"CanLoad":false,"CanSave":false},"Tags":["Hidden"],"ThreadSafety":"ReadSafe","ValueType":{"Category":"Primitive","Name":"float"}},{"Category":"Data","MemberType":"Property","Name":"C","Security":{"Read":"RobloxScriptSecurity","Write":"RobloxScriptSecurity"},"Serialization":{"CanLoad":false,"CanSave":false},"Tags":["Hidden"],"ThreadSafety":"ReadSafe","ValueType":{"Category":"Primitive","Name":"float"}},{"Category":"Data","MemberType":"Property","Name":"Range","Security":{"Read":"RobloxScriptSecurity","Write":"RobloxScriptSecurity"},"Serialization":{"CanLoad":false,"CanSave":false},"Tags":["Hidden"],"ThreadSafety":"ReadSafe","ValueType":{"Category":"Primitive","Name":"float"}},{"Category":"Data","MemberType":"Property","Name":"Thickness","Security":{"Read":"RobloxScriptSecurity","Write":"RobloxScriptSecurity"},"Serialization":{"CanLoad":false,"CanSave":false},"Tags":["Hidden"],"ThreadSafety":"ReadSafe","ValueType":{"Category":"Primitive","Name":"float"}},{"MemberType":"Function","Name":"FindPartOnParabola","Parameters":[{"Name":"ignoreDescendentsTable","Type":{"Category":"DataType","Name":"Objects"}}],"ReturnType":{"Category":"Group","Name":"Tuple"},"Security":"RobloxScriptSecurity","ThreadSafety":"Unsafe"}],"MemoryCategory":"Instances","Name":"ParabolaAdornment","Superclass":"PVAdornment"},{"Members":[{"Category":"Appearance","MemberType":"Property","Name":"SurfaceColor","Security":{"Read":"None","Write":"None"},"Serialization":{"CanLoad":true,"CanSave":false},"Tags":["Hidden","NotReplicated","Deprecated"],"ThreadSafety":"ReadSafe","ValueType":{"Category":"DataType","Name":"BrickColor"}},{"Category":"Appearance","MemberType":"Property","Name":"SurfaceColor3","Security":{"Read":"None","Write":"None"},"Serialization":{"CanLoad":true,"CanSave":true},"ThreadSafety":"ReadSafe","ValueType":{"Category":"DataType","Name":"Color3"}},{"Category":"Appearance","MemberType":"Property","Name":"SurfaceTransparency","Security":{"Read":"None","Write":"None"},"Serialization":{"CanLoad":true,"CanSave":true},"ThreadSafety":"ReadSafe","ValueType":{"Category":"Primitive","Name":"float"}}],"MemoryCategory":"Instances","Name":"SelectionSphere","Superclass":"PVAdornment"},{"Members":[{"Category":"Data","MemberType":"Property","Name":"Adornee","Security":{"Read":"None","Write":"None"},"Serialization":{"CanLoad":true,"CanSave":true},"ThreadSafety":"ReadSafe","ValueType":{"Category":"Class","Name":"BasePart"}}],"MemoryCategory":"Instances","Name":"PartAdornment","Superclass":"GuiBase3d","Tags":["NotCreatable"]},{"Members":[],"MemoryCategory":"Instances","Name":"HandlesBase","Superclass":"PartAdornment","Tags":["NotCreatable"]},{"Members":[{"Category":"Data","MemberType":"Property","Name":"Axes","Security":{"Read":"None","Write":"None"},"Serialization":{"CanLoad":true,"CanSave":true},"ThreadSafety":"ReadSafe","ValueType":{"Category":"DataType","Name":"Axes"}},{"MemberType":"Event","Name":"MouseButton1Down","Parameters":[{"Name":"axis","Type":{"Category":"Enum","Name":"Axis"}}],"Security":"None","ThreadSafety":"Unsafe"},{"MemberType":"Event","Name":"MouseButton1Up","Parameters":[{"Name":"axis","Type":{"Category":"Enum","Name":"Axis"}}],"Security":"None","ThreadSafety":"Unsafe"},{"MemberType":"Event","Name":"MouseDrag","Parameters":[{"Name":"axis","Type":{"Category":"Enum","Name":"Axis"}},{"Name":"relativeAngle","Type":{"Category":"Primitive","Name":"float"}},{"Name":"deltaRadius","Type":{"Category":"Primitive","Name":"float"}}],"Security":"None","ThreadSafety":"Unsafe"},{"MemberType":"Event","Name":"MouseEnter","Parameters":[{"Name":"axis","Type":{"Category":"Enum","Name":"Axis"}}],"Security":"None","ThreadSafety":"Unsafe"},{"MemberType":"Event","Name":"MouseLeave","Parameters":[{"Name":"axis","Type":{"Category":"Enum","Name":"Axis"}}],"Security":"None","ThreadSafety":"Unsafe"}],"MemoryCategory":"Instances","Name":"ArcHandles","Superclass":"HandlesBase"},{"Members":[{"Category":"Data","MemberType":"Property","Name":"Faces","Security":{"Read":"None","Write":"None"},"Serialization":{"CanLoad":true,"CanSave":true},"ThreadSafety":"ReadSafe","ValueType":{"Category":"DataType","Name":"Faces"}},{"Category":"Appearance","MemberType":"Property","Name":"Style","Security":{"Read":"None","Write":"None"},"Serialization":{"CanLoad":true,"CanSave":true},"ThreadSafety":"ReadSafe","ValueType":{"Category":"Enum","Name":"HandlesStyle"}},{"MemberType":"Event","Name":"MouseButton1Down","Parameters":[{"Name":"face","Type":{"Category":"Enum","Name":"NormalId"}}],"Security":"None","ThreadSafety":"Unsafe"},{"MemberType":"Event","Name":"MouseButton1Up","Parameters":[{"Name":"face","Type":{"Category":"Enum","Name":"NormalId"}}],"Security":"None","ThreadSafety":"Unsafe"},{"MemberType":"Event","Name":"MouseDrag","Parameters":[{"Name":"face","Type":{"Category":"Enum","Name":"NormalId"}},{"Name":"distance","Type":{"Category":"Primitive","Name":"float"}}],"Security":"None","ThreadSafety":"Unsafe"},{"MemberType":"Event","Name":"MouseEnter","Parameters":[{"Name":"face","Type":{"Category":"Enum","Name":"NormalId"}}],"Security":"None","ThreadSafety":"Unsafe"},{"MemberType":"Event","Name":"MouseLeave","Parameters":[{"Name":"face","Type":{"Category":"Enum","Name":"NormalId"}}],"Security":"None","ThreadSafety":"Unsafe"}],"MemoryCategory":"Instances","Name":"Handles","Superclass":"HandlesBase"},{"Members":[{"Category":"Data","MemberType":"Property","Name":"TargetSurface","Security":{"Read":"None","Write":"None"},"Serialization":{"CanLoad":true,"CanSave":true},"ThreadSafety":"ReadSafe","ValueType":{"Category":"Enum","Name":"NormalId"}}],"MemoryCategory":"Instances","Name":"SurfaceSelection","Superclass":"PartAdornment"},{"Members":[{"Category":"Data","MemberType":"Property","Name":"Humanoid","Security":{"Read":"None","Write":"None"},"Serialization":{"CanLoad":true,"CanSave":true},"ThreadSafety":"ReadSafe","ValueType":{"Category":"Class","Name":"Humanoid"}}],"MemoryCategory":"Instances","Name":"SelectionLasso","Superclass":"GuiBase3d","Tags":["NotCreatable"]},{"Members":[{"Category":"Data","MemberType":"Property","Name":"Part","Security":{"Read":"None","Write":"None"},"Serialization":{"CanLoad":true,"CanSave":true},"ThreadSafety":"ReadSafe","ValueType":{"Category":"Class","Name":"BasePart"}}],"MemoryCategory":"Instances","Name":"SelectionPartLasso","Superclass":"SelectionLasso","Tags":["Deprecated"]},{"Members":[{"Category":"Data","MemberType":"Property","Name":"Point","Security":{"Read":"None","Write":"None"},"Serialization":{"CanLoad":true,"CanSave":true},"ThreadSafety":"ReadSafe","ValueType":{"Category":"DataType","Name":"Vector3"}}],"MemoryCategory":"Instances","Name":"SelectionPointLasso","Superclass":"SelectionLasso","Tags":["Deprecated"]}]}