{"Classes":[{"Members":[{"MemberType":"Function","Name":"HideNotification","Parameters":[{"Name":"notificationId","Type":{"Category":"Primitive","Name":"string"}}],"ReturnType":{"Category":"Primitive","Name":"void"},"Security":"RobloxScriptSecurity","ThreadSafety":"Unsafe"},{"MemberType":"Function","Name":"ShowNotification","Parameters":[{"Name":"message","Type":{"Category":"Primitive","Name":"string"}},{"Name":"notificationId","Type":{"Category":"Primitive","Name":"string"}}],"ReturnType":{"Category":"Primitive","Name":"void"},"Security":"RobloxScriptSecurity","ThreadSafety":"Unsafe"}],"MemoryCategory":"Instances","Name":"ToastNotificationService","Superclass":"Instance","Tags":["NotCreatable","Service","NotReplicated"]},{"Members":[{"MemberType":"Callback","Name":"ProcessAssetInsertionDrag","Parameters":[{"Name":"assetId","Type":{"Category":"Primitive","Name":"string"}},{"Name":"assetTypeId","Type":{"Category":"Primitive","Name":"int"}},{"Name":"instances","Type":{"Category":"DataType","Name":"Objects"}}],"ReturnType":{"Category":"DataType","Name":"Objects"},"Security":"RobloxScriptSecurity","Tags":["NoYield"],"ThreadSafety":"Unsafe"},{"MemberType":"Callback","Name":"ProcessAssetInsertionDrop","Parameters":[],"ReturnType":{"Category":"Primitive","Name":"void"},"Security":"RobloxScriptSecurity","Tags":["NoYield"],"ThreadSafety":"Unsafe"}],"MemoryCategory":"Instances","Name":"ToolboxService","Superclass":"Instance","Tags":["NotCreatable","Service","NotReplicated"]},{"Members":[],"MemoryCategory":"Instances","Name":"TouchInputService","Superclass":"Instance","Tags":["NotCreatable","Service"]},{"Members":[],"MemoryCategory":"Instances","Name":"TouchTransmitter","Superclass":"Instance","Tags":["NotCreatable","NotBrowsable"]},{"Members":[{"MemberType":"Function","Name":"FinishSpan","Parameters":[{"Name":"spanId","Type":{"Category":"Primitive","Name":"string"}}],"ReturnType":{"Category":"Primitive","Name":"void"},"Security":"RobloxScriptSecurity","ThreadSafety":"Unsafe"},{"MemberType":"Function","Name":"StartSpan","Parameters":[{"Name":"name","Type":{"Category":"Primitive","Name":"string"}},{"Name":"parentId","Type":{"Category":"Primitive","Name":"string"}}],"ReturnType":{"Category":"Primitive","Name":"string"},"Security":"RobloxScriptSecurity","ThreadSafety":"Unsafe"}],"MemoryCategory":"Instances","Name":"TracerService","Superclass":"Instance","Tags":["NotCreatable","Service","NotReplicated"]},{"Members":[{"Category":"Data","MemberType":"Property","Name":"Attachment0","Security":{"Read":"None","Write":"None"},"Serialization":{"CanLoad":true,"CanSave":true},"ThreadSafety":"ReadSafe","ValueType":{"Category":"Class","Name":"Attachment"}},{"Category":"Data","MemberType":"Property","Name":"Attachment1","Security":{"Read":"None","Write":"None"},"Serialization":{"CanLoad":true,"CanSave":true},"ThreadSafety":"ReadSafe","ValueType":{"Category":"Class","Name":"Attachment"}},{"Category":"Appearance","MemberType":"Property","Name":"Brightness","Security":{"Read":"None","Write":"None"},"Serialization":{"CanLoad":true,"CanSave":true},"ThreadSafety":"ReadSafe","ValueType":{"Category":"Primitive","Name":"float"}},{"Category":"Appearance","MemberType":"Property","Name":"Color","Security":{"Read":"None","Write":"None"},"Serialization":{"CanLoad":true,"CanSave":true},"ThreadSafety":"ReadSafe","ValueType":{"Category":"DataType","Name":"ColorSequence"}},{"Category":"Emission","MemberType":"Property","Name":"Enabled","Security":{"Read":"None","Write":"None"},"Serialization":{"CanLoad":true,"CanSave":true},"ThreadSafety":"ReadSafe","ValueType":{"Category":"Primitive","Name":"bool"}},{"Category":"Appearance","MemberType":"Property","Name":"FaceCamera","Security":{"Read":"None","Write":"None"},"Serialization":{"CanLoad":true,"CanSave":true},"ThreadSafety":"ReadSafe","ValueType":{"Category":"Primitive","Name":"bool"}},{"Category":"Emission","MemberType":"Property","Name":"Lifetime","Security":{"Read":"None","Write":"None"},"Serialization":{"CanLoad":true,"CanSave":true},"ThreadSafety":"ReadSafe","ValueType":{"Category":"Primitive","Name":"float"}},{"Category":"Appearance","MemberType":"Property","Name":"LightEmission","Security":{"Read":"None","Write":"None"},"Serialization":{"CanLoad":true,"CanSave":true},"ThreadSafety":"ReadSafe","ValueType":{"Category":"Primitive","Name":"float"}},{"Category":"Appearance","MemberType":"Property","Name":"LightInfluence","Security":{"Read":"None","Write":"None"},"Serialization":{"CanLoad":true,"CanSave":true},"ThreadSafety":"ReadSafe","ValueType":{"Category":"Primitive","Name":"float"}},{"Category":"Emission","MemberType":"Property","Name":"MaxLength","Security":{"Read":"None","Write":"None"},"Serialization":{"CanLoad":true,"CanSave":true},"ThreadSafety":"ReadSafe","ValueType":{"Category":"Primitive","Name":"float"}},{"Category":"Emission","MemberType":"Property","Name":"MinLength","Security":{"Read":"None","Write":"None"},"Serialization":{"CanLoad":true,"CanSave":true},"ThreadSafety":"ReadSafe","ValueType":{"Category":"Primitive","Name":"float"}},{"Category":"Appearance","MemberType":"Property","Name":"Texture","Security":{"Read":"None","Write":"None"},"Serialization":{"CanLoad":true,"CanSave":true},"ThreadSafety":"ReadSafe","ValueType":{"Category":"DataType","Name":"Content"}},{"Category":"Appearance","MemberType":"Property","Name":"TextureLength","Security":{"Read":"None","Write":"None"},"Serialization":{"CanLoad":true,"CanSave":true},"ThreadSafety":"ReadSafe","ValueType":{"Category":"Primitive","Name":"float"}},{"Category":"Appearance","MemberType":"Property","Name":"TextureMode","Security":{"Read":"None","Write":"None"},"Serialization":{"CanLoad":true,"CanSave":true},"ThreadSafety":"ReadSafe","ValueType":{"Category":"Enum","Name":"TextureMode"}},{"Category":"Appearance","MemberType":"Property","Name":"Transparency","Security":{"Read":"None","Write":"None"},"Serialization":{"CanLoad":true,"CanSave":true},"ThreadSafety":"ReadSafe","ValueType":{"Category":"DataType","Name":"NumberSequence"}},{"Category":"Emission","MemberType":"Property","Name":"WidthScale","Security":{"Read":"None","Write":"None"},"Serialization":{"CanLoad":true,"CanSave":true},"ThreadSafety":"ReadSafe","ValueType":{"Category":"DataType","Name":"NumberSequence"}},{"MemberType":"Function","Name":"Clear","Parameters":[],"ReturnType":{"Category":"Primitive","Name":"void"},"Security":"None","ThreadSafety":"Unsafe"}],"MemoryCategory":"Instances","Name":"Trail","Superclass":"Instance"},{"Members":[{"Category":"Behavior","MemberType":"Property","Name":"LocaleId","Security":{"Read":"None","Write":"None"},"Serialization":{"CanLoad":false,"CanSave":true},"Tags":["ReadOnly","NotReplicated"],"ThreadSafety":"ReadSafe","ValueType":{"Category":"Primitive","Name":"string"}},{"MemberType":"Function","Name":"FormatByKey","Parameters":[{"Name":"key","Type":{"Category":"Primitive","Name":"string"}},{"Name":"args","Type":{"Category":"Group","Name":"Variant"}}],"ReturnType":{"Category":"Primitive","Name":"string"},"Security":"None","ThreadSafety":"Unsafe"},{"MemberType":"Function","Name":"RobloxOnlyTranslate","Parameters":[{"Name":"context","Type":{"Category":"Class","Name":"Instance"}},{"Name":"text","Type":{"Category":"Primitive","Name":"string"}}],"ReturnType":{"Category":"Primitive","Name":"string"},"Security":"RobloxScriptSecurity","ThreadSafety":"Unsafe"},{"MemberType":"Function","Name":"Translate","Parameters":[{"Name":"context","Type":{"Category":"Class","Name":"Instance"}},{"Name":"text","Type":{"Category":"Primitive","Name":"string"}}],"ReturnType":{"Category":"Primitive","Name":"string"},"Security":"None","ThreadSafety":"Unsafe"}],"MemoryCategory":"Instances","Name":"Translator","Superclass":"Instance","Tags":["NotCreatable","NotReplicated"]},{"Members":[{"Category":"Behavior","MemberType":"Property","Name":"PlaybackState","Security":{"Read":"None","Write":"None"},"Serialization":{"CanLoad":false,"CanSave":true},"Tags":["ReadOnly","NotReplicated"],"ThreadSafety":"ReadSafe","ValueType":{"Category":"Enum","Name":"PlaybackState"}},{"MemberType":"Function","Name":"Cancel","Parameters":[],"ReturnType":{"Category":"Primitive","Name":"void"},"Security":"None","ThreadSafety":"Unsafe"},{"MemberType":"Function","Name":"Pause","Parameters":[],"ReturnType":{"Category":"Primitive","Name":"void"},"Security":"None","ThreadSafety":"Unsafe"},{"MemberType":"Function","Name":"Play","Parameters":[],"ReturnType":{"Category":"Primitive","Name":"void"},"Security":"None","ThreadSafety":"Unsafe"},{"MemberType":"Event","Name":"Completed","Parameters":[{"Name":"playbackState","Type":{"Category":"Enum","Name":"PlaybackState"}}],"Security":"None","ThreadSafety":"Unsafe"}],"MemoryCategory":"Instances","Name":"TweenBase","Superclass":"Instance","Tags":["NotCreatable","NotBrowsable"]},{"Members":[{"Category":"Data","MemberType":"Property","Name":"Instance","Security":{"Read":"None","Write":"None"},"Serialization":{"CanLoad":false,"CanSave":false},"Tags":["ReadOnly","NotReplicated"],"ThreadSafety":"ReadSafe","ValueType":{"Category":"Class","Name":"Instance"}},{"Category":"Data","MemberType":"Property","Name":"TweenInfo","Security":{"Read":"None","Write":"None"},"Serialization":{"CanLoad":false,"CanSave":false},"Tags":["ReadOnly","NotReplicated"],"ThreadSafety":"ReadSafe","ValueType":{"Category":"DataType","Name":"TweenInfo"}}],"MemoryCategory":"Instances","Name":"Tween","Superclass":"TweenBase"},{"Members":[{"MemberType":"Function","Name":"Create","Parameters":[{"Name":"instance","Type":{"Category":"Class","Name":"Instance"}},{"Name":"tweenInfo","Type":{"Category":"DataType","Name":"TweenInfo"}},{"Name":"propertyTable","Type":{"Category":"Group","Name":"Dictionary"}}],"ReturnType":{"Category":"Class","Name":"Tween"},"Security":"None","ThreadSafety":"Unsafe"},{"MemberType":"Function","Name":"GetValue","Parameters":[{"Name":"alpha","Type":{"Category":"Primitive","Name":"float"}},{"Name":"easingStyle","Type":{"Category":"Enum","Name":"EasingStyle"}},{"Name":"easingDirection","Type":{"Category":"Enum","Name":"EasingDirection"}}],"ReturnType":{"Category":"Primitive","Name":"float"},"Security":"None","ThreadSafety":"Unsafe"}],"MemoryCategory":"Instances","Name":"TweenService","Superclass":"Instance","Tags":["NotCreatable","Service"]},{"Members":[{"MemberType":"Function","Name":"GetMeshTriCountSync","Parameters":[{"Name":"meshId","Type":{"Category":"Primitive","Name":"string"}}],"ReturnType":{"Category":"Primitive","Name":"int"},"Security":"RobloxScriptSecurity","ThreadSafety":"Unsafe"},{"MemberType":"Function","Name":"GetMeshVertsSync","Parameters":[{"Name":"meshId","Type":{"Category":"Primitive","Name":"string"}}],"ReturnType":{"Category":"Group","Name":"Array"},"Security":"RobloxScriptSecurity","ThreadSafety":"Unsafe"},{"MemberType":"Function","Name":"GetTextureSizeSync","Parameters":[{"Name":"textureId","Type":{"Category":"Primitive","Name":"string"}}],"ReturnType":{"Category":"DataType","Name":"Vector2"},"Security":"RobloxScriptSecurity","ThreadSafety":"Unsafe"},{"MemberType":"Function","Name":"SetMeshIdBlocking","Parameters":[{"Name":"meshPart","Type":{"Category":"Class","Name":"Instance"}},{"Name":"meshId","Type":{"Category":"Primitive","Name":"string"}}],"ReturnType":{"Category":"Primitive","Name":"void"},"Security":"RobloxScriptSecurity","ThreadSafety":"Unsafe"},{"MemberType":"Function","Name":"FetchAssetWithFormat","Parameters":[{"Name":"url","Type":{"Category":"DataType","Name":"Content"}},{"Name":"assetFormat","Type":{"Category":"Primitive","Name":"string"}}],"ReturnType":{"Category":"DataType","Name":"Objects"},"Security":"RobloxScriptSecurity","Tags":["Yields"],"ThreadSafety":"Unsafe"},{"MemberType":"Function","Name":"GetMeshTriCount","Parameters":[{"Name":"meshId","Type":{"Category":"Primitive","Name":"string"}}],"ReturnType":{"Category":"Primitive","Name":"int"},"Security":"RobloxScriptSecurity","Tags":["Yields"],"ThreadSafety":"Unsafe"},{"MemberType":"Function","Name":"GetMeshVertColors","Parameters":[{"Name":"meshId","Type":{"Category":"Primitive","Name":"string"}}],"ReturnType":{"Category":"Group","Name":"Array"},"Security":"RobloxScriptSecurity","Tags":["Yields"],"ThreadSafety":"Unsafe"},{"MemberType":"Function","Name":"GetMeshVerts","Parameters":[{"Name":"meshId","Type":{"Category":"Primitive","Name":"string"}}],"ReturnType":{"Category":"Group","Name":"Array"},"Security":"RobloxScriptSecurity","Tags":["Yields"],"ThreadSafety":"Unsafe"},{"MemberType":"Function","Name":"GetTextureSize","Parameters":[{"Name":"textureId","Type":{"Category":"Primitive","Name":"string"}}],"ReturnType":{"Category":"DataType","Name":"Vector2"},"Security":"RobloxScriptSecurity","Tags":["Yields"],"ThreadSafety":"Unsafe"}],"MemoryCategory":"Instances","Name":"UGCValidationService","Superclass":"Instance","Tags":["NotCreatable","Service","NotReplicated"]},{"Members":[],"MemoryCategory":"Instances","Name":"UIBase","Superclass":"Instance","Tags":["NotCreatable"]},{"Members":[],"MemoryCategory":"Instances","Name":"UIComponent","Superclass":"UIBase","Tags":["NotCreatable"]},{"Members":[],"MemoryCategory":"Instances","Name":"UIConstraint","Superclass":"UIComponent","Tags":["NotCreatable"]},{"Members":[{"Category":"Behavior","MemberType":"Property","Name":"AspectRatio","Security":{"Read":"None","Write":"None"},"Serialization":{"CanLoad":true,"CanSave":true},"ThreadSafety":"ReadSafe","ValueType":{"Category":"Primitive","Name":"float"}},{"Category":"Behavior","MemberType":"Property","Name":"AspectType","Security":{"Read":"None","Write":"None"},"Serialization":{"CanLoad":true,"CanSave":true},"ThreadSafety":"ReadSafe","ValueType":{"Category":"Enum","Name":"AspectType"}},{"Category":"Behavior","MemberType":"Property","Name":"DominantAxis","Security":{"Read":"None","Write":"None"},"Serialization":{"CanLoad":true,"CanSave":true},"ThreadSafety":"ReadSafe","ValueType":{"Category":"Enum","Name":"DominantAxis"}}],"MemoryCategory":"Instances","Name":"UIAspectRatioConstraint","Superclass":"UIConstraint"},{"Members":[{"Category":"Behavior","MemberType":"Property","Name":"MaxSize","Security":{"Read":"None","Write":"None"},"Serialization":{"CanLoad":true,"CanSave":true},"ThreadSafety":"ReadSafe","ValueType":{"Category":"DataType","Name":"Vector2"}},{"Category":"Behavior","MemberType":"Property","Name":"MinSize","Security":{"Read":"None","Write":"None"},"Serialization":{"CanLoad":true,"CanSave":true},"ThreadSafety":"ReadSafe","ValueType":{"Category":"DataType","Name":"Vector2"}}],"MemoryCategory":"Instances","Name":"UISizeConstraint","Superclass":"UIConstraint"},{"Members":[{"Category":"Behavior","MemberType":"Property","Name":"MaxTextSize","Security":{"Read":"None","Write":"None"},"Serialization":{"CanLoad":true,"CanSave":true},"ThreadSafety":"ReadSafe","ValueType":{"Category":"Primitive","Name":"int"}},{"Category":"Behavior","MemberType":"Property","Name":"MinTextSize","Security":{"Read":"None","Write":"None"},"Serialization":{"CanLoad":true,"CanSave":true},"ThreadSafety":"ReadSafe","ValueType":{"Category":"Primitive","Name":"int"}}],"MemoryCategory":"Instances","Name":"UITextSizeConstraint","Superclass":"UIConstraint"},{"Members":[{"Category":"Appearance","MemberType":"Property","Name":"CornerRadius","Security":{"Read":"None","Write":"None"},"Serialization":{"CanLoad":true,"CanSave":true},"ThreadSafety":"ReadSafe","ValueType":{"Category":"DataType","Name":"UDim"}}],"MemoryCategory":"Instances","Name":"UICorner","Superclass":"UIComponent"},{"Members":[{"Category":"Appearance","MemberType":"Property","Name":"Color","Security":{"Read":"None","Write":"None"},"Serialization":{"CanLoad":true,"CanSave":true},"ThreadSafety":"ReadSafe","ValueType":{"Category":"DataType","Name":"ColorSequence"}},{"Category":"Appearance","MemberType":"Property","Name":"Enabled","Security":{"Read":"None","Write":"None"},"Serialization":{"CanLoad":true,"CanSave":true},"ThreadSafety":"ReadSafe","ValueType":{"Category":"Primitive","Name":"bool"}},{"Category":"Appearance","MemberType":"Property","Name":"Offset","Security":{"Read":"None","Write":"None"},"Serialization":{"CanLoad":true,"CanSave":true},"ThreadSafety":"ReadSafe","ValueType":{"Category":"DataType","Name":"Vector2"}},{"Category":"Appearance","MemberType":"Property","Name":"Rotation","Security":{"Read":"None","Write":"None"},"Serialization":{"CanLoad":true,"CanSave":true},"ThreadSafety":"ReadSafe","ValueType":{"Category":"Primitive","Name":"float"}},{"Category":"Appearance","MemberType":"Property","Name":"Transparency","Security":{"Read":"None","Write":"None"},"Serialization":{"CanLoad":true,"CanSave":true},"ThreadSafety":"ReadSafe","ValueType":{"Category":"DataType","Name":"NumberSequence"}}],"MemoryCategory":"Instances","Name":"UIGradient","Superclass":"UIComponent"},{"Members":[],"MemoryCategory":"Instances","Name":"UILayout","Superclass":"UIComponent","Tags":["NotCreatable"]},{"Members":[{"Category":"Data","MemberType":"Property","Name":"AbsoluteContentSize","Security":{"Read":"None","Write":"None"},"Serialization":{"CanLoad":false,"CanSave":false},"Tags":["ReadOnly","NotReplicated"],"ThreadSafety":"Unsafe","ValueType":{"Category":"DataType","Name":"Vector2"}},{"Category":"Behavior","MemberType":"Property","Name":"FillDirection","Security":{"Read":"None","Write":"None"},"Serialization":{"CanLoad":true,"CanSave":true},"ThreadSafety":"ReadSafe","ValueType":{"Category":"Enum","Name":"FillDirection"}},{"Category":"Behavior","MemberType":"Property","Name":"HorizontalAlignment","Security":{"Read":"None","Write":"None"},"Serialization":{"CanLoad":true,"CanSave":true},"ThreadSafety":"ReadSafe","ValueType":{"Category":"Enum","Name":"HorizontalAlignment"}},{"Category":"Behavior","MemberType":"Property","Name":"SortOrder","Security":{"Read":"None","Write":"None"},"Serialization":{"CanLoad":true,"CanSave":true},"ThreadSafety":"ReadSafe","ValueType":{"Category":"Enum","Name":"SortOrder"}},{"Category":"Behavior","MemberType":"Property","Name":"VerticalAlignment","Security":{"Read":"None","Write":"None"},"Serialization":{"CanLoad":true,"CanSave":true},"ThreadSafety":"ReadSafe","ValueType":{"Category":"Enum","Name":"VerticalAlignment"}},{"MemberType":"Function","Name":"ApplyLayout","Parameters":[],"ReturnType":{"Category":"Primitive","Name":"void"},"Security":"None","Tags":["Deprecated"],"ThreadSafety":"Unsafe"},{"MemberType":"Function","Name":"SetCustomSortFunction","Parameters":[{"Default":"nil","Name":"function","Type":{"Category":"DataType","Name":"Function"}}],"ReturnType":{"Category":"Primitive","Name":"void"},"Security":"None","Tags":["Deprecated"],"ThreadSafety":"Unsafe"}],"MemoryCategory":"Instances","Name":"UIGridStyleLayout","Superclass":"UILayout","Tags":["NotCreatable","NotBrowsable"]},{"Members":[{"Category":"Data","MemberType":"Property","Name":"AbsoluteCellCount","Security":{"Read":"None","Write":"None"},"Serialization":{"CanLoad":false,"CanSave":false},"Tags":["ReadOnly","NotReplicated"],"ThreadSafety":"Unsafe","ValueType":{"Category":"DataType","Name":"Vector2"}},{"Category":"Data","MemberType":"Property","Name":"AbsoluteCellSize","Security":{"Read":"None","Write":"None"},"Serialization":{"CanLoad":false,"CanSave":false},"Tags":["ReadOnly","NotReplicated"],"ThreadSafety":"Unsafe","ValueType":{"Category":"DataType","Name":"Vector2"}},{"Category":"Appearance","MemberType":"Property","Name":"CellPadding","Security":{"Read":"None","Write":"None"},"Serialization":{"CanLoad":true,"CanSave":true},"ThreadSafety":"ReadSafe","ValueType":{"Category":"DataType","Name":"UDim2"}},{"Category":"Appearance","MemberType":"Property","Name":"CellSize","Security":{"Read":"None","Write":"None"},"Serialization":{"CanLoad":true,"CanSave":true},"ThreadSafety":"ReadSafe","ValueType":{"Category":"DataType","Name":"UDim2"}},{"Category":"Behavior","MemberType":"Property","Name":"FillDirectionMaxCells","Security":{"Read":"None","Write":"None"},"Serialization":{"CanLoad":true,"CanSave":true},"ThreadSafety":"ReadSafe","ValueType":{"Category":"Primitive","Name":"int"}},{"Category":"Behavior","MemberType":"Property","Name":"StartCorner","Security":{"Read":"None","Write":"None"},"Serialization":{"CanLoad":true,"CanSave":true},"ThreadSafety":"ReadSafe","ValueType":{"Category":"Enum","Name":"StartCorner"}}],"MemoryCategory":"Instances","Name":"UIGridLayout","Superclass":"UIGridStyleLayout"},{"Members":[{"Category":"Appearance","MemberType":"Property","Name":"Padding","Security":{"Read":"None","Write":"None"},"Serialization":{"CanLoad":true,"CanSave":true},"ThreadSafety":"ReadSafe","ValueType":{"Category":"DataType","Name":"UDim"}}],"MemoryCategory":"Instances","Name":"UIListLayout","Superclass":"UIGridStyleLayout"},{"Members":[{"Category":"Appearance","MemberType":"Property","Name":"Animated","Security":{"Read":"None","Write":"None"},"Serialization":{"CanLoad":true,"CanSave":true},"ThreadSafety":"ReadSafe","ValueType":{"Category":"Primitive","Name":"bool"}},{"Category":"Appearance","MemberType":"Property","Name":"Circular","Security":{"Read":"None","Write":"None"},"Serialization":{"CanLoad":true,"CanSave":true},"ThreadSafety":"ReadSafe","ValueType":{"Category":"Primitive","Name":"bool"}},{"Category":"Data","MemberType":"Property","Name":"CurrentPage","Security":{"Read":"None","Write":"None"},"Serialization":{"CanLoad":false,"CanSave":true},"Tags":["ReadOnly","NotReplicated"],"ThreadSafety":"ReadSafe","ValueType":{"Category":"Class","Name":"GuiObject"}},{"Category":"Appearance","MemberType":"Property","Name":"EasingDirection","Security":{"Read":"None","Write":"None"},"Serialization":{"CanLoad":true,"CanSave":true},"ThreadSafety":"ReadSafe","ValueType":{"Category":"Enum","Name":"EasingDirection"}},{"Category":"Appearance","MemberType":"Property","Name":"EasingStyle","Security":{"Read":"None","Write":"None"},"Serialization":{"CanLoad":true,"CanSave":true},"ThreadSafety":"ReadSafe","ValueType":{"Category":"Enum","Name":"EasingStyle"}},{"Category":"Input","MemberType":"Property","Name":"GamepadInputEnabled","Security":{"Read":"None","Write":"None"},"Serialization":{"CanLoad":true,"CanSave":true},"ThreadSafety":"ReadSafe","ValueType":{"Category":"Primitive","Name":"bool"}},{"Category":"Appearance","MemberType":"Property","Name":"Padding","Security":{"Read":"None","Write":"None"},"Serialization":{"CanLoad":true,"CanSave":true},"ThreadSafety":"ReadSafe","ValueType":{"Category":"DataType","Name":"UDim"}},{"Category":"Input","MemberType":"Property","Name":"ScrollWheelInputEnabled","Security":{"Read":"None","Write":"None"},"Serialization":{"CanLoad":true,"CanSave":true},"ThreadSafety":"ReadSafe","ValueType":{"Category":"Primitive","Name":"bool"}},{"Category":"Input","MemberType":"Property","Name":"TouchInputEnabled","Security":{"Read":"None","Write":"None"},"Serialization":{"CanLoad":true,"CanSave":true},"ThreadSafety":"ReadSafe","ValueType":{"Category":"Primitive","Name":"bool"}},{"Category":"Appearance","MemberType":"Property","Name":"TweenTime","Security":{"Read":"None","Write":"None"},"Serialization":{"CanLoad":true,"CanSave":true},"ThreadSafety":"ReadSafe","ValueType":{"Category":"Primitive","Name":"float"}},{"MemberType":"Function","Name":"JumpTo","Parameters":[{"Name":"page","Type":{"Category":"Class","Name":"Instance"}}],"ReturnType":{"Category":"Primitive","Name":"void"},"Security":"None","ThreadSafety":"Unsafe"},{"MemberType":"Function","Name":"JumpToIndex","Parameters":[{"Name":"index","Type":{"Category":"Primitive","Name":"int"}}],"ReturnType":{"Category":"Primitive","Name":"void"},"Security":"None","ThreadSafety":"Unsafe"},{"MemberType":"Function","Name":"Next","Parameters":[],"ReturnType":{"Category":"Primitive","Name":"void"},"Security":"None","ThreadSafety":"Unsafe"},{"MemberType":"Function","Name":"Previous","Parameters":[],"ReturnType":{"Category":"Primitive","Name":"void"},"Security":"None","ThreadSafety":"Unsafe"},{"MemberType":"Event","Name":"PageEnter","Parameters":[{"Name":"page","Type":{"Category":"Class","Name":"Instance"}}],"Security":"None","ThreadSafety":"Unsafe"},{"MemberType":"Event","Name":"PageLeave","Parameters":[{"Name":"page","Type":{"Category":"Class","Name":"Instance"}}],"Security":"None","ThreadSafety":"Unsafe"},{"MemberType":"Event","Name":"Stopped","Parameters":[{"Name":"currentPage","Type":{"Category":"Class","Name":"Instance"}}],"Security":"None","ThreadSafety":"Unsafe"}],"MemoryCategory":"Instances","Name":"UIPageLayout","Superclass":"UIGridStyleLayout"},{"Members":[{"Category":"Appearance","MemberType":"Property","Name":"FillEmptySpaceColumns","Security":{"Read":"None","Write":"None"},"Serialization":{"CanLoad":true,"CanSave":true},"ThreadSafety":"ReadSafe","ValueType":{"Category":"Primitive","Name":"bool"}},{"Category":"Appearance","MemberType":"Property","Name":"FillEmptySpaceRows","Security":{"Read":"None","Write":"None"},"Serialization":{"CanLoad":true,"CanSave":true},"ThreadSafety":"ReadSafe","ValueType":{"Category":"Primitive","Name":"bool"}},{"Category":"Behavior","MemberType":"Property","Name":"MajorAxis","Security":{"Read":"None","Write":"None"},"Serialization":{"CanLoad":true,"CanSave":true},"ThreadSafety":"ReadSafe","ValueType":{"Category":"Enum","Name":"TableMajorAxis"}},{"Category":"Appearance","MemberType":"Property","Name":"Padding","Security":{"Read":"None","Write":"None"},"Serialization":{"CanLoad":true,"CanSave":true},"ThreadSafety":"ReadSafe","ValueType":{"Category":"DataType","Name":"UDim2"}}],"MemoryCategory":"Instances","Name":"UITableLayout","Superclass":"UIGridStyleLayout"},{"Members":[{"Category":"Behavior","MemberType":"Property","Name":"PaddingBottom","Security":{"Read":"None","Write":"None"},"Serialization":{"CanLoad":true,"CanSave":true},"ThreadSafety":"ReadSafe","ValueType":{"Category":"DataType","Name":"UDim"}},{"Category":"Behavior","MemberType":"Property","Name":"PaddingLeft","Security":{"Read":"None","Write":"None"},"Serialization":{"CanLoad":true,"CanSave":true},"ThreadSafety":"ReadSafe","ValueType":{"Category":"DataType","Name":"UDim"}},{"Category":"Behavior","MemberType":"Property","Name":"PaddingRight","Security":{"Read":"None","Write":"None"},"Serialization":{"CanLoad":true,"CanSave":true},"ThreadSafety":"ReadSafe","ValueType":{"Category":"DataType","Name":"UDim"}},{"Category":"Behavior","MemberType":"Property","Name":"PaddingTop","Security":{"Read":"None","Write":"None"},"Serialization":{"CanLoad":true,"CanSave":true},"ThreadSafety":"ReadSafe","ValueType":{"Category":"DataType","Name":"UDim"}}],"MemoryCategory":"Instances","Name":"UIPadding","Superclass":"UIComponent"},{"Members":[{"Category":"Behavior","MemberType":"Property","Name":"Scale","Security":{"Read":"None","Write":"None"},"Serialization":{"CanLoad":true,"CanSave":true},"ThreadSafety":"ReadSafe","ValueType":{"Category":"Primitive","Name":"float"}}],"MemoryCategory":"Instances","Name":"UIScale","Superclass":"UIComponent"},{"Members":[{"Category":"Appearance","MemberType":"Property","Name":"ApplyStrokeMode","Security":{"Read":"None","Write":"None"},"Serialization":{"CanLoad":true,"CanSave":true},"ThreadSafety":"ReadSafe","ValueType":{"Category":"Enum","Name":"ApplyStrokeMode"}},{"Category":"Appearance","MemberType":"Property","Name":"Color","Security":{"Read":"None","Write":"None"},"Serialization":{"CanLoad":true,"CanSave":true},"ThreadSafety":"ReadSafe","ValueType":{"Category":"DataType","Name":"Color3"}},{"Category":"Data","MemberType":"Property","Name":"Enabled","Security":{"Read":"None","Write":"None"},"Serialization":{"CanLoad":true,"CanSave":true},"ThreadSafety":"ReadSafe","ValueType":{"Category":"Primitive","Name":"bool"}},{"Category":"Appearance","MemberType":"Property","Name":"LineJoinMode","Security":{"Read":"None","Write":"None"},"Serialization":{"CanLoad":true,"CanSave":true},"ThreadSafety":"ReadSafe","ValueType":{"Category":"Enum","Name":"LineJoinMode"}},{"Category":"Appearance","MemberType":"Property","Name":"Thickness","Security":{"Read":"None","Write":"None"},"Serialization":{"CanLoad":true,"CanSave":true},"ThreadSafety":"ReadSafe","ValueType":{"Category":"Primitive","Name":"float"}},{"Category":"Appearance","MemberType":"Property","Name":"Transparency","Security":{"Read":"None","Write":"None"},"Serialization":{"CanLoad":true,"CanSave":true},"ThreadSafety":"ReadSafe","ValueType":{"Category":"Primitive","Name":"float"}}],"MemoryCategory":"Instances","Name":"UIStroke","Superclass":"UIComponent"},{"Members":[{"MemberType":"Function","Name":"AppendTempAssetId","Parameters":[{"Name":"userId","Type":{"Category":"Primitive","Name":"int64"}},{"Name":"id","Type":{"Category":"Primitive","Name":"int64"}},{"Name":"lookAt","Type":{"Category":"DataType","Name":"Vector3"}},{"Name":"camPos","Type":{"Category":"DataType","Name":"Vector3"}},{"Name":"usage","Type":{"Category":"Primitive","Name":"string"}}],"ReturnType":{"Category":"Primitive","Name":"void"},"Security":"RobloxScriptSecurity","ThreadSafety":"Unsafe"},{"MemberType":"Function","Name":"AppendVantagePoint","Parameters":[{"Name":"userId","Type":{"Category":"Primitive","Name":"int64"}},{"Name":"id","Type":{"Category":"Primitive","Name":"int64"}},{"Name":"lookAt","Type":{"Category":"DataType","Name":"Vector3"}},{"Name":"camPos","Type":{"Category":"DataType","Name":"Vector3"}}],"ReturnType":{"Category":"Primitive","Name":"bool"},"Security":"RobloxScriptSecurity","ThreadSafety":"Unsafe"},{"MemberType":"Function","Name":"UpgradeTempAssetId","Parameters":[{"Name":"userId","Type":{"Category":"Primitive","Name":"int64"}},{"Name":"tempId","Type":{"Category":"Primitive","Name":"int64"}},{"Name":"assetId","Type":{"Category":"Primitive","Name":"int64"}}],"ReturnType":{"Category":"Primitive","Name":"bool"},"Security":"RobloxScriptSecurity","ThreadSafety":"Unsafe"}],"MemoryCategory":"Instances","Name":"UnvalidatedAssetService","Superclass":"Instance","Tags":["NotCreatable","Service"]},{"Members":[{"Category":"Data","MemberType":"Property","Name":"AllTutorialsDisabled","Security":{"Read":"RobloxScriptSecurity","Write":"RobloxScriptSecurity"},"Serialization":{"CanLoad":true,"CanSave":true},"ThreadSafety":"ReadSafe","ValueType":{"Category":"Primitive","Name":"bool"}},{"Category":"Control","MemberType":"Property","Name":"CameraMode","Security":{"Read":"RobloxScriptSecurity","Write":"RobloxScriptSecurity"},"Serialization":{"CanLoad":true,"CanSave":true},"ThreadSafety":"ReadSafe","ValueType":{"Category":"Enum","Name":"CustomCameraMode"}},{"Category":"Data","MemberType":"Property","Name":"CameraYInverted","Security":{"Read":"RobloxScriptSecurity","Write":"RobloxScriptSecurity"},"Serialization":{"CanLoad":true,"CanSave":true},"Tags":["Hidden","NotReplicated"],"ThreadSafety":"ReadSafe","ValueType":{"Category":"Primitive","Name":"bool"}},{"Category":"Data","MemberType":"Property","Name":"ChatVisible","Security":{"Read":"RobloxScriptSecurity","Write":"RobloxScriptSecurity"},"Serialization":{"CanLoad":true,"CanSave":true},"ThreadSafety":"ReadSafe","ValueType":{"Category":"Primitive","Name":"bool"}},{"Category":"Control","MemberType":"Property","Name":"ComputerCameraMovementMode","Security":{"Read":"None","Write":"None"},"Serialization":{"CanLoad":true,"CanSave":true},"ThreadSafety":"ReadSafe","ValueType":{"Category":"Enum","Name":"ComputerCameraMovementMode"}},{"Category":"Control","MemberType":"Property","Name":"ComputerMovementMode","Security":{"Read":"None","Write":"None"},"Serialization":{"CanLoad":true,"CanSave":true},"ThreadSafety":"ReadSafe","ValueType":{"Category":"Enum","Name":"ComputerMovementMode"}},{"Category":"Control","MemberType":"Property","Name":"ControlMode","Security":{"Read":"None","Write":"None"},"Serialization":{"CanLoad":true,"CanSave":true},"ThreadSafety":"ReadSafe","ValueType":{"Category":"Enum","Name":"ControlMode"}},{"Category":"Data","MemberType":"Property","Name":"DefaultCameraID","Security":{"Read":"RobloxScriptSecurity","Write":"RobloxScriptSecurity"},"Serialization":{"CanLoad":true,"CanSave":true},"Tags":["Hidden"],"ThreadSafety":"ReadSafe","ValueType":{"Category":"Primitive","Name":"string"}},{"Category":"Data","MemberType":"Property","Name":"Fullscreen","Security":{"Read":"RobloxScriptSecurity","Write":"RobloxScriptSecurity"},"Serialization":{"CanLoad":true,"CanSave":true},"ThreadSafety":"ReadSafe","ValueType":{"Category":"Primitive","Name":"bool"}},{"Category":"Data","MemberType":"Property","Name":"GamepadCameraSensitivity","Security":{"Read":"None","Write":"None"},"Serialization":{"CanLoad":true,"CanSave":true},"ThreadSafety":"ReadSafe","ValueType":{"Category":"Primitive","Name":"float"}},{"Category":"Appearance","MemberType":"Property","Name":"GraphicsQualityLevel","Security":{"Read":"RobloxScriptSecurity","Write":"RobloxScriptSecurity"},"Serialization":{"CanLoad":true,"CanSave":true},"ThreadSafety":"ReadSafe","ValueType":{"Category":"Primitive","Name":"int"}},{"Category":"Data","MemberType":"Property","Name":"HasEverUsedVR","Security":{"Read":"RobloxScriptSecurity","Write":"RobloxScriptSecurity"},"Serialization":{"CanLoad":true,"CanSave":true},"ThreadSafety":"ReadSafe","ValueType":{"Category":"Primitive","Name":"bool"}},{"Category":"Data","MemberType":"Property","Name":"IsUsingCameraYInverted","Security":{"Read":"RobloxScriptSecurity","Write":"RobloxScriptSecurity"},"Serialization":{"CanLoad":false,"CanSave":true},"Tags":["Hidden","ReadOnly","NotReplicated"],"ThreadSafety":"ReadSafe","ValueType":{"Category":"Primitive","Name":"bool"}},{"Category":"Data","MemberType":"Property","Name":"IsUsingGamepadCameraSensitivity","Security":{"Read":"RobloxScriptSecurity","Write":"RobloxScriptSecurity"},"Serialization":{"CanLoad":false,"CanSave":true},"Tags":["Hidden","ReadOnly","NotReplicated"],"ThreadSafety":"ReadSafe","ValueType":{"Category":"Primitive","Name":"bool"}},{"Category":"Data","MemberType":"Property","Name":"MasterVolume","Security":{"Read":"None","Write":"None"},"Serialization":{"CanLoad":true,"CanSave":true},"ThreadSafety":"ReadSafe","ValueType":{"Category":"Primitive","Name":"float"}},{"Category":"Data","MemberType":"Property","Name":"MicroProfilerWebServerEnabled","Security":{"Read":"RobloxScriptSecurity","Write":"RobloxScriptSecurity"},"Serialization":{"CanLoad":true,"CanSave":true},"Tags":["Hidden"],"ThreadSafety":"ReadSafe","ValueType":{"Category":"Primitive","Name":"bool"}},{"Category":"Data","MemberType":"Property","Name":"MicroProfilerWebServerIP","Security":{"Read":"RobloxScriptSecurity","Write":"RobloxScriptSecurity"},"Serialization":{"CanLoad":false,"CanSave":true},"Tags":["Hidden","ReadOnly","NotReplicated"],"ThreadSafety":"ReadSafe","ValueType":{"Category":"Primitive","Name":"string"}},{"Category":"Data","MemberType":"Property","Name":"MicroProfilerWebServerPort","Security":{"Read":"RobloxScriptSecurity","Write":"RobloxScriptSecurity"},"Serialization":{"CanLoad":false,"CanSave":true},"Tags":["Hidden","ReadOnly","NotReplicated"],"ThreadSafety":"ReadSafe","ValueType":{"Category":"Primitive","Name":"int"}},{"Category":"Data","MemberType":"Property","Name":"MouseSensitivity","Security":{"Read":"None","Write":"None"},"Serialization":{"CanLoad":true,"CanSave":true},"ThreadSafety":"ReadSafe","ValueType":{"Category":"Primitive","Name":"float"}},{"Category":"Data","MemberType":"Property","Name":"MouseSensitivityFirstPerson","Security":{"Read":"RobloxScriptSecurity","Write":"RobloxScriptSecurity"},"Serialization":{"CanLoad":true,"CanSave":true},"Tags":["Hidden","NotReplicated"],"ThreadSafety":"ReadSafe","ValueType":{"Category":"DataType","Name":"Vector2"}},{"Category":"Data","MemberType":"Property","Name":"MouseSensitivityThirdPerson","Security":{"Read":"RobloxScriptSecurity","Write":"RobloxScriptSecurity"},"Serialization":{"CanLoad":true,"CanSave":true},"Tags":["Hidden","NotReplicated"],"ThreadSafety":"ReadSafe","ValueType":{"Category":"DataType","Name":"Vector2"}},{"Category":"Data","MemberType":"Property","Name":"OnScreenProfilerEnabled","Security":{"Read":"RobloxScriptSecurity","Write":"RobloxScriptSecurity"},"Serialization":{"CanLoad":true,"CanSave":true},"Tags":["Hidden"],"ThreadSafety":"ReadSafe","ValueType":{"Category":"Primitive","Name":"bool"}},{"Category":"Data","MemberType":"Property","Name":"OnboardingsCompleted","Security":{"Read":"RobloxScriptSecurity","Write":"RobloxScriptSecurity"},"Serialization":{"CanLoad":false,"CanSave":false},"ThreadSafety":"ReadSafe","ValueType":{"Category":"Primitive","Name":"string"}},{"Category":"Data","MemberType":"Property","Name":"PerformanceStatsVisible","Security":{"Read":"RobloxScriptSecurity","Write":"RobloxScriptSecurity"},"Serialization":{"CanLoad":true,"CanSave":true},"Tags":["Hidden"],"ThreadSafety":"ReadSafe","ValueType":{"Category":"Primitive","Name":"bool"}},{"Category":"Data","MemberType":"Property","Name":"RCCProfilerRecordFrameRate","Security":{"Read":"None","Write":"None"},"Serialization":{"CanLoad":true,"CanSave":true},"ThreadSafety":"ReadSafe","ValueType":{"Category":"Primitive","Name":"int"}},{"Category":"Data","MemberType":"Property","Name":"RCCProfilerRecordTimeFrame","Security":{"Read":"None","Write":"None"},"Serialization":{"CanLoad":true,"CanSave":true},"ThreadSafety":"ReadSafe","ValueType":{"Category":"Primitive","Name":"int"}},{"Category":"Control","MemberType":"Property","Name":"RotationType","Security":{"Read":"None","Write":"None"},"Serialization":{"CanLoad":false,"CanSave":false},"ThreadSafety":"ReadSafe","ValueType":{"Category":"Enum","Name":"RotationType"}},{"Category":"Appearance","MemberType":"Property","Name":"SavedQualityLevel","Security":{"Read":"None","Write":"None"},"Serialization":{"CanLoad":true,"CanSave":true},"ThreadSafety":"ReadSafe","ValueType":{"Category":"Enum","Name":"SavedQualitySetting"}},{"Category":"Data","MemberType":"Property","Name":"StartMaximized","Security":{"Read":"RobloxScriptSecurity","Write":"RobloxScriptSecurity"},"Serialization":{"CanLoad":true,"CanSave":true},"Tags":["NotReplicated","NotScriptable"],"ThreadSafety":"ReadSafe","ValueType":{"Category":"Primitive","Name":"bool"}},{"Category":"Data","MemberType":"Property","Name":"StartScreenPosition","Security":{"Read":"RobloxScriptSecurity","Write":"RobloxScriptSecurity"},"Serialization":{"CanLoad":true,"CanSave":true},"Tags":["NotReplicated","NotScriptable"],"ThreadSafety":"ReadSafe","ValueType":{"Category":"DataType","Name":"Vector2"}},{"Category":"Data","MemberType":"Property","Name":"StartScreenSize","Security":{"Read":"RobloxScriptSecurity","Write":"RobloxScriptSecurity"},"Serialization":{"CanLoad":true,"CanSave":true},"Tags":["NotReplicated","NotScriptable"],"ThreadSafety":"ReadSafe","ValueType":{"Category":"DataType","Name":"Vector2"}},{"Category":"Control","MemberType":"Property","Name":"TouchCameraMovementMode","Security":{"Read":"None","Write":"None"},"Serialization":{"CanLoad":true,"CanSave":true},"ThreadSafety":"ReadSafe","ValueType":{"Category":"Enum","Name":"TouchCameraMovementMode"}},{"Category":"Control","MemberType":"Property","Name":"TouchMovementMode","Security":{"Read":"None","Write":"None"},"Serialization":{"CanLoad":true,"CanSave":true},"ThreadSafety":"ReadSafe","ValueType":{"Category":"Enum","Name":"TouchMovementMode"}},{"Category":"Data","MemberType":"Property","Name":"UsedCoreGuiIsVisibleToggle","Security":{"Read":"RobloxScriptSecurity","Write":"RobloxScriptSecurity"},"Serialization":{"CanLoad":true,"CanSave":true},"ThreadSafety":"ReadSafe","ValueType":{"Category":"Primitive","Name":"bool"}},{"Category":"Data","MemberType":"Property","Name":"UsedCustomGuiIsVisibleToggle","Security":{"Read":"RobloxScriptSecurity","Write":"RobloxScriptSecurity"},"Serialization":{"CanLoad":true,"CanSave":true},"ThreadSafety":"ReadSafe","ValueType":{"Category":"Primitive","Name":"bool"}},{"Category":"Data","MemberType":"Property","Name":"UsedHideHudShortcut","Security":{"Read":"RobloxScriptSecurity","Write":"RobloxScriptSecurity"},"Serialization":{"CanLoad":true,"CanSave":true},"ThreadSafety":"ReadSafe","ValueType":{"Category":"Primitive","Name":"bool"}},{"Category":"Data","MemberType":"Property","Name":"VREnabled","Security":{"Read":"RobloxScriptSecurity","Write":"RobloxScriptSecurity"},"Serialization":{"CanLoad":true,"CanSave":true},"ThreadSafety":"ReadSafe","ValueType":{"Category":"Primitive","Name":"bool"}},{"Category":"Data","MemberType":"Property","Name":"VRRotationIntensity","Security":{"Read":"RobloxScriptSecurity","Write":"RobloxScriptSecurity"},"Serialization":{"CanLoad":true,"CanSave":true},"ThreadSafety":"ReadSafe","ValueType":{"Category":"Primitive","Name":"int"}},{"Category":"Data","MemberType":"Property","Name":"VignetteEnabled","Security":{"Read":"None","Write":"RobloxScriptSecurity"},"Serialization":{"CanLoad":true,"CanSave":true},"ThreadSafety":"ReadSafe","ValueType":{"Category":"Primitive","Name":"bool"}},{"MemberType":"Function","Name":"GetCameraYInvertValue","Parameters":[],"ReturnType":{"Category":"Primitive","Name":"int"},"Security":"None","ThreadSafety":"Unsafe"},{"MemberType":"Function","Name":"GetOnboardingCompleted","Parameters":[{"Name":"onboardingId","Type":{"Category":"Primitive","Name":"string"}}],"ReturnType":{"Category":"Primitive","Name":"bool"},"Security":"None","ThreadSafety":"Unsafe"},{"MemberType":"Function","Name":"GetTutorialState","Parameters":[{"Name":"tutorialId","Type":{"Category":"Primitive","Name":"string"}}],"ReturnType":{"Category":"Primitive","Name":"bool"},"Security":"RobloxScriptSecurity","ThreadSafety":"Unsafe"},{"MemberType":"Function","Name":"InFullScreen","Parameters":[],"ReturnType":{"Category":"Primitive","Name":"bool"},"Security":"None","ThreadSafety":"Unsafe"},{"MemberType":"Function","Name":"InStudioMode","Parameters":[],"ReturnType":{"Category":"Primitive","Name":"bool"},"Security":"None","ThreadSafety":"Unsafe"},{"MemberType":"Function","Name":"ResetOnboardingCompleted","Parameters":[{"Name":"onboardingId","Type":{"Category":"Primitive","Name":"string"}}],"ReturnType":{"Category":"Primitive","Name":"void"},"Security":"RobloxScriptSecurity","ThreadSafety":"Unsafe"},{"MemberType":"Function","Name":"SetCameraYInvertVisible","Parameters":[],"ReturnType":{"Category":"Primitive","Name":"void"},"Security":"None","ThreadSafety":"Unsafe"},{"MemberType":"Function","Name":"SetGamepadCameraSensitivityVisible","Parameters":[],"ReturnType":{"Category":"Primitive","Name":"void"},"Security":"None","ThreadSafety":"Unsafe"},{"MemberType":"Function","Name":"SetOnboardingCompleted","Parameters":[{"Name":"onboardingId","Type":{"Category":"Primitive","Name":"string"}}],"ReturnType":{"Category":"Primitive","Name":"void"},"Security":"None","ThreadSafety":"Unsafe"},{"MemberType":"Function","Name":"SetTutorialState","Parameters":[{"Name":"tutorialId","Type":{"Category":"Primitive","Name":"string"}},{"Name":"value","Type":{"Category":"Primitive","Name":"bool"}}],"ReturnType":{"Category":"Primitive","Name":"void"},"Security":"RobloxScriptSecurity","ThreadSafety":"Unsafe"},{"MemberType":"Event","Name":"FullscreenChanged","Parameters":[{"Name":"isFullscreen","Type":{"Category":"Primitive","Name":"bool"}}],"Security":"None","ThreadSafety":"Unsafe"},{"MemberType":"Event","Name":"PerformanceStatsVisibleChanged","Parameters":[{"Name":"isPerformanceStatsVisible","Type":{"Category":"Primitive","Name":"bool"}}],"Security":"RobloxScriptSecurity","ThreadSafety":"Unsafe"},{"MemberType":"Event","Name":"StudioModeChanged","Parameters":[{"Name":"isStudioMode","Type":{"Category":"Primitive","Name":"bool"}}],"Security":"None","ThreadSafety":"Unsafe"}],"MemoryCategory":"Instances","Name":"UserGameSettings","Superclass":"Instance","Tags":["NotCreatable","UserSettings"]},{"Members":[{"Category":"Data","MemberType":"Property","Name":"AccelerometerEnabled","Security":{"Read":"None","Write":"None"},"Serialization":{"CanLoad":false,"CanSave":true},"Tags":["ReadOnly","NotReplicated"],"ThreadSafety":"ReadSafe","ValueType":{"Category":"Primitive","Name":"bool"}},{"Category":"Data","MemberType":"Property","Name":"BottomBarSize","Security":{"Read":"RobloxScriptSecurity","Write":"RobloxScriptSecurity"},"Serialization":{"CanLoad":false,"CanSave":false},"Tags":["Hidden","ReadOnly","NotReplicated"],"ThreadSafety":"ReadSafe","ValueType":{"Category":"DataType","Name":"Vector2"}},{"Category":"Data","MemberType":"Property","Name":"GamepadEnabled","Security":{"Read":"None","Write":"None"},"Serialization":{"CanLoad":false,"CanSave":true},"Tags":["ReadOnly","NotReplicated"],"ThreadSafety":"ReadSafe","ValueType":{"Category":"Primitive","Name":"bool"}},{"Category":"Data","MemberType":"Property","Name":"GazeSelectionEnabled","Security":{"Read":"RobloxScriptSecurity","Write":"RobloxScriptSecurity"},"Serialization":{"CanLoad":false,"CanSave":false},"Tags":["Hidden","NotReplicated"],"ThreadSafety":"ReadSafe","ValueType":{"Category":"Primitive","Name":"bool"}},{"Category":"Data","MemberType":"Property","Name":"GyroscopeEnabled","Security":{"Read":"None","Write":"None"},"Serialization":{"CanLoad":false,"CanSave":true},"Tags":["ReadOnly","NotReplicated"],"ThreadSafety":"ReadSafe","ValueType":{"Category":"Primitive","Name":"bool"}},{"Category":"Data","MemberType":"Property","Name":"KeyboardEnabled","Security":{"Read":"None","Write":"None"},"Serialization":{"CanLoad":false,"CanSave":true},"Tags":["ReadOnly","NotReplicated"],"ThreadSafety":"ReadSafe","ValueType":{"Category":"Primitive","Name":"bool"}},{"Category":"Behavior","MemberType":"Property","Name":"LegacyInputEventsEnabled","Security":{"Read":"RobloxScriptSecurity","Write":"RobloxScriptSecurity"},"Serialization":{"CanLoad":true,"CanSave":true},"Tags":["Hidden"],"ThreadSafety":"ReadSafe","ValueType":{"Category":"Primitive","Name":"bool"}},{"Category":"Behavior","MemberType":"Property","Name":"ModalEnabled","Security":{"Read":"None","Write":"None"},"Serialization":{"CanLoad":false,"CanSave":false},"Tags":["Deprecated"],"ThreadSafety":"ReadSafe","ValueType":{"Category":"Primitive","Name":"bool"}},{"Category":"Data","MemberType":"Property","Name":"MouseBehavior","Security":{"Read":"None","Write":"None"},"Serialization":{"CanLoad":true,"CanSave":true},"ThreadSafety":"ReadSafe","ValueType":{"Category":"Enum","Name":"MouseBehavior"}},{"Category":"Data","MemberType":"Property","Name":"MouseDeltaSensitivity","Security":{"Read":"None","Write":"None"},"Serialization":{"CanLoad":true,"CanSave":false},"Tags":["NotReplicated"],"ThreadSafety":"ReadSafe","ValueType":{"Category":"Primitive","Name":"float"}},{"Category":"Data","MemberType":"Property","Name":"MouseEnabled","Security":{"Read":"None","Write":"None"},"Serialization":{"CanLoad":false,"CanSave":true},"Tags":["ReadOnly","NotReplicated"],"ThreadSafety":"ReadSafe","ValueType":{"Category":"Primitive","Name":"bool"}},{"Category":"Data","MemberType":"Property","Name":"MouseIconEnabled","Security":{"Read":"None","Write":"None"},"Serialization":{"CanLoad":true,"CanSave":true},"ThreadSafety":"ReadSafe","ValueType":{"Category":"Primitive","Name":"bool"}},{"Category":"Data","MemberType":"Property","Name":"NavBarSize","Security":{"Read":"RobloxScriptSecurity","Write":"RobloxScriptSecurity"},"Serialization":{"CanLoad":false,"CanSave":false},"Tags":["Hidden","ReadOnly","NotReplicated"],"ThreadSafety":"ReadSafe","ValueType":{"Category":"DataType","Name":"Vector2"}},{"Category":"Data","MemberType":"Property","Name":"OnScreenKeyboardAnimationDuration","Security":{"Read":"RobloxScriptSecurity","Write":"RobloxScriptSecurity"},"Serialization":{"CanLoad":false,"CanSave":false},"Tags":["Hidden","ReadOnly","NotReplicated"],"ThreadSafety":"ReadSafe","ValueType":{"Category":"Primitive","Name":"double"}},{"Category":"Data","MemberType":"Property","Name":"OnScreenKeyboardPosition","Security":{"Read":"None","Write":"None"},"Serialization":{"CanLoad":false,"CanSave":false},"Tags":["ReadOnly","NotReplicated"],"ThreadSafety":"ReadSafe","ValueType":{"Category":"DataType","Name":"Vector2"}},{"Category":"Data","MemberType":"Property","Name":"OnScreenKeyboardSize","Security":{"Read":"None","Write":"None"},"Serialization":{"CanLoad":false,"CanSave":false},"Tags":["ReadOnly","NotReplicated"],"ThreadSafety":"ReadSafe","ValueType":{"Category":"DataType","Name":"Vector2"}},{"Category":"Data","MemberType":"Property","Name":"OnScreenKeyboardVisible","Security":{"Read":"None","Write":"None"},"Serialization":{"CanLoad":false,"CanSave":false},"Tags":["ReadOnly","NotReplicated"],"ThreadSafety":"ReadSafe","ValueType":{"Category":"Primitive","Name":"bool"}},{"Category":"Data","MemberType":"Property","Name":"OverrideMouseIconBehavior","Security":{"Read":"RobloxScriptSecurity","Write":"RobloxScriptSecurity"},"Serialization":{"CanLoad":false,"CanSave":false},"Tags":["Hidden"],"ThreadSafety":"ReadSafe","ValueType":{"Category":"Enum","Name":"OverrideMouseIconBehavior"}},{"Category":"Data","MemberType":"Property","Name":"RightBarSize","Security":{"Read":"RobloxScriptSecurity","Write":"RobloxScriptSecurity"},"Serialization":{"CanLoad":false,"CanSave":false},"Tags":["Hidden","ReadOnly","NotReplicated"],"ThreadSafety":"ReadSafe","ValueType":{"Category":"DataType","Name":"Vector2"}},{"Category":"Data","MemberType":"Property","Name":"StatusBarSize","Security":{"Read":"RobloxScriptSecurity","Write":"RobloxScriptSecurity"},"Serialization":{"CanLoad":false,"CanSave":false},"Tags":["Hidden","ReadOnly","NotReplicated"],"ThreadSafety":"ReadSafe","ValueType":{"Category":"DataType","Name":"Vector2"}},{"Category":"Data","MemberType":"Property","Name":"TouchEnabled","Security":{"Read":"None","Write":"None"},"Serialization":{"CanLoad":false,"CanSave":true},"Tags":["ReadOnly","NotReplicated"],"ThreadSafety":"ReadSafe","ValueType":{"Category":"Primitive","Name":"bool"}},{"Category":"Data","MemberType":"Property","Name":"UserHeadCFrame","Security":{"Read":"None","Write":"None"},"Serialization":{"CanLoad":false,"CanSave":false},"Tags":["ReadOnly","NotReplicated","Deprecated"],"ThreadSafety":"ReadSafe","ValueType":{"Category":"DataType","Name":"CFrame"}},{"Category":"Data","MemberType":"Property","Name":"VREnabled","Security":{"Read":"None","Write":"None"},"Serialization":{"CanLoad":false,"CanSave":true},"Tags":["ReadOnly","NotReplicated"],"ThreadSafety":"ReadSafe","ValueType":{"Category":"Primitive","Name":"bool"}},{"MemberType":"Function","Name":"GamepadSupports","Parameters":[{"Name":"gamepadNum","Type":{"Category":"Enum","Name":"UserInputType"}},{"Name":"gamepadKeyCode","Type":{"Category":"Enum","Name":"KeyCode"}}],"ReturnType":{"Category":"Primitive","Name":"bool"},"Security":"None","ThreadSafety":"Unsafe"},{"MemberType":"Function","Name":"GetConnectedGamepads","Parameters":[],"ReturnType":{"Category":"Group","Name":"Array"},"Security":"None","ThreadSafety":"Unsafe"},{"MemberType":"Function","Name":"GetDeviceAcceleration","Parameters":[],"ReturnType":{"Category":"Class","Name":"InputObject"},"Security":"None","ThreadSafety":"Unsafe"},{"MemberType":"Function","Name":"GetDeviceGravity","Parameters":[],"ReturnType":{"Category":"Class","Name":"InputObject"},"Security":"None","ThreadSafety":"Unsafe"},{"MemberType":"Function","Name":"GetDeviceRotation","Parameters":[],"ReturnType":{"Category":"Group","Name":"Tuple"},"Security":"None","ThreadSafety":"Unsafe"},{"MemberType":"Function","Name":"GetDeviceType","Parameters":[],"ReturnType":{"Category":"Enum","Name":"DeviceType"},"Security":"RobloxScriptSecurity","ThreadSafety":"Unsafe"},{"MemberType":"Function","Name":"GetFocusedTextBox","Parameters":[],"ReturnType":{"Category":"Class","Name":"TextBox"},"Security":"None","ThreadSafety":"Unsafe"},{"MemberType":"Function","Name":"GetGamepadConnected","Parameters":[{"Name":"gamepadNum","Type":{"Category":"Enum","Name":"UserInputType"}}],"ReturnType":{"Category":"Primitive","Name":"bool"},"Security":"None","ThreadSafety":"Unsafe"},{"MemberType":"Function","Name":"GetGamepadState","Parameters":[{"Name":"gamepadNum","Type":{"Category":"Enum","Name":"UserInputType"}}],"ReturnType":{"Category":"Group","Name":"Array"},"Security":"None","ThreadSafety":"Unsafe"},{"MemberType":"Function","Name":"GetKeysPressed","Parameters":[],"ReturnType":{"Category":"Group","Name":"Array"},"Security":"None","ThreadSafety":"Unsafe"},{"MemberType":"Function","Name":"GetLastInputType","Parameters":[],"ReturnType":{"Category":"Enum","Name":"UserInputType"},"Security":"None","ThreadSafety":"Unsafe"},{"MemberType":"Function","Name":"GetMouseButtonsPressed","Parameters":[],"ReturnType":{"Category":"Group","Name":"Array"},"Security":"None","ThreadSafety":"Unsafe"},{"MemberType":"Function","Name":"GetMouseDelta","Parameters":[],"ReturnType":{"Category":"DataType","Name":"Vector2"},"Security":"None","ThreadSafety":"Unsafe"},{"MemberType":"Function","Name":"GetMouseLocation","Parameters":[],"ReturnType":{"Category":"DataType","Name":"Vector2"},"Security":"None","ThreadSafety":"Unsafe"},{"MemberType":"Function","Name":"GetNavigationGamepads","Parameters":[],"ReturnType":{"Category":"Group","Name":"Array"},"Security":"None","ThreadSafety":"Unsafe"},{"MemberType":"Function","Name":"GetPlatform","Parameters":[],"ReturnType":{"Category":"Enum","Name":"Platform"},"Security":"RobloxScriptSecurity","ThreadSafety":"Unsafe"},{"MemberType":"Function","Name":"GetStringForKeyCode","Parameters":[{"Name":"keyCode","Type":{"Category":"Enum","Name":"KeyCode"}}],"ReturnType":{"Category":"Primitive","Name":"string"},"Security":"None","ThreadSafety":"Unsafe"},{"MemberType":"Function","Name":"GetSupportedGamepadKeyCodes","Parameters":[{"Name":"gamepadNum","Type":{"Category":"Enum","Name":"UserInputType"}}],"ReturnType":{"Category":"Group","Name":"Array"},"Security":"None","ThreadSafety":"Unsafe"},{"MemberType":"Function","Name":"GetUserCFrame","Parameters":[{"Name":"type","Type":{"Category":"Enum","Name":"UserCFrame"}}],"ReturnType":{"Category":"DataType","Name":"CFrame"},"Security":"None","ThreadSafety":"Unsafe"},{"MemberType":"Function","Name":"IsGamepadButtonDown","Parameters":[{"Name":"gamepadNum","Type":{"Category":"Enum","Name":"UserInputType"}},{"Name":"gamepadKeyCode","Type":{"Category":"Enum","Name":"KeyCode"}}],"ReturnType":{"Category":"Primitive","Name":"bool"},"Security":"None","ThreadSafety":"Unsafe"},{"MemberType":"Function","Name":"IsKeyDown","Parameters":[{"Name":"keyCode","Type":{"Category":"Enum","Name":"KeyCode"}}],"ReturnType":{"Category":"Primitive","Name":"bool"},"Security":"None","ThreadSafety":"Unsafe"},{"MemberType":"Function","Name":"IsMouseButtonPressed","Parameters":[{"Name":"mouseButton","Type":{"Category":"Enum","Name":"UserInputType"}}],"ReturnType":{"Category":"Primitive","Name":"bool"},"Security":"None","ThreadSafety":"Unsafe"},{"MemberType":"Function","Name":"IsNavigationGamepad","Parameters":[{"Name":"gamepadEnum","Type":{"Category":"Enum","Name":"UserInputType"}}],"ReturnType":{"Category":"Primitive","Name":"bool"},"Security":"None","ThreadSafety":"Unsafe"},{"MemberType":"Function","Name":"RecenterUserHeadCFrame","Parameters":[],"ReturnType":{"Category":"Primitive","Name":"void"},"Security":"None","ThreadSafety":"Unsafe"},{"MemberType":"Function","Name":"SendAppUISizes","Parameters":[{"Name":"statusBarSize","Type":{"Category":"DataType","Name":"Vector2"}},{"Name":"navBarSize","Type":{"Category":"DataType","Name":"Vector2"}},{"Name":"bottomBarSize","Type":{"Category":"DataType","Name":"Vector2"}},{"Name":"rightBarSize","Type":{"Category":"DataType","Name":"Vector2"}}],"ReturnType":{"Category":"Primitive","Name":"void"},"Security":"RobloxScriptSecurity","ThreadSafety":"Unsafe"},{"MemberType":"Function","Name":"SetNavigationGamepad","Parameters":[{"Name":"gamepadEnum","Type":{"Category":"Enum","Name":"UserInputType"}},{"Name":"enabled","Type":{"Category":"Primitive","Name":"bool"}}],"ReturnType":{"Category":"Primitive","Name":"void"},"Security":"None","ThreadSafety":"Unsafe"},{"MemberType":"Event","Name":"DeviceAccelerationChanged","Parameters":[{"Name":"acceleration","Type":{"Category":"Class","Name":"InputObject"}}],"Security":"None","ThreadSafety":"Unsafe"},{"MemberType":"Event","Name":"DeviceGravityChanged","Parameters":[{"Name":"gravity","Type":{"Category":"Class","Name":"InputObject"}}],"Security":"None","ThreadSafety":"Unsafe"},{"MemberType":"Event","Name":"DeviceRotationChanged","Parameters":[{"Name":"rotation","Type":{"Category":"Class","Name":"InputObject"}},{"Name":"cframe","Type":{"Category":"DataType","Name":"CFrame"}}],"Security":"None","ThreadSafety":"Unsafe"},{"MemberType":"Event","Name":"GamepadConnected","Parameters":[{"Name":"gamepadNum","Type":{"Category":"Enum","Name":"UserInputType"}}],"Security":"None","ThreadSafety":"Unsafe"},{"MemberType":"Event","Name":"GamepadDisconnected","Parameters":[{"Name":"gamepadNum","Type":{"Category":"Enum","Name":"UserInputType"}}],"Security":"None","ThreadSafety":"Unsafe"},{"MemberType":"Event","Name":"InputBegan","Parameters":[{"Name":"input","Type":{"Category":"Class","Name":"InputObject"}},{"Name":"gameProcessedEvent","Type":{"Category":"Primitive","Name":"bool"}}],"Security":"None","ThreadSafety":"Unsafe"},{"MemberType":"Event","Name":"InputChanged","Parameters":[{"Name":"input","Type":{"Category":"Class","Name":"InputObject"}},{"Name":"gameProcessedEvent","Type":{"Category":"Primitive","Name":"bool"}}],"Security":"None","ThreadSafety":"Unsafe"},{"MemberType":"Event","Name":"InputEnded","Parameters":[{"Name":"input","Type":{"Category":"Class","Name":"InputObject"}},{"Name":"gameProcessedEvent","Type":{"Category":"Primitive","Name":"bool"}}],"Security":"None","ThreadSafety":"Unsafe"},{"MemberType":"Event","Name":"JumpRequest","Parameters":[],"Security":"None","ThreadSafety":"Unsafe"},{"MemberType":"Event","Name":"LastInputTypeChanged","Parameters":[{"Name":"lastInputType","Type":{"Category":"Enum","Name":"UserInputType"}}],"Security":"None","ThreadSafety":"Unsafe"},{"MemberType":"Event","Name":"PointerAction","Parameters":[{"Name":"wheel","Type":{"Category":"Primitive","Name":"float"}},{"Name":"pan","Type":{"Category":"DataType","Name":"Vector2"}},{"Name":"pinch","Type":{"Category":"Primitive","Name":"float"}},{"Name":"gameProcessedEvent","Type":{"Category":"Primitive","Name":"bool"}}],"Security":"None","ThreadSafety":"Unsafe"},{"MemberType":"Event","Name":"StatusBarTapped","Parameters":[{"Name":"position","Type":{"Category":"DataType","Name":"Vector2"}}],"Security":"RobloxScriptSecurity","ThreadSafety":"Unsafe"},{"MemberType":"Event","Name":"TextBoxFocusReleased","Parameters":[{"Name":"textboxReleased","Type":{"Category":"Class","Name":"TextBox"}}],"Security":"None","ThreadSafety":"Unsafe"},{"MemberType":"Event","Name":"TextBoxFocused","Parameters":[{"Name":"textboxFocused","Type":{"Category":"Class","Name":"TextBox"}}],"Security":"None","ThreadSafety":"Unsafe"},{"MemberType":"Event","Name":"TouchEnded","Parameters":[{"Name":"touch","Type":{"Category":"Class","Name":"InputObject"}},{"Name":"gameProcessedEvent","Type":{"Category":"Primitive","Name":"bool"}}],"Security":"None","ThreadSafety":"Unsafe"},{"MemberType":"Event","Name":"TouchLongPress","Parameters":[{"Name":"touchPositions","Type":{"Category":"Group","Name":"Array"}},{"Name":"state","Type":{"Category":"Enum","Name":"UserInputState"}},{"Name":"gameProcessedEvent","Type":{"Category":"Primitive","Name":"bool"}}],"Security":"None","ThreadSafety":"Unsafe"},{"MemberType":"Event","Name":"TouchMoved","Parameters":[{"Name":"touch","Type":{"Category":"Class","Name":"InputObject"}},{"Name":"gameProcessedEvent","Type":{"Category":"Primitive","Name":"bool"}}],"Security":"None","ThreadSafety":"Unsafe"},{"MemberType":"Event","Name":"TouchPan","Parameters":[{"Name":"touchPositions","Type":{"Category":"Group","Name":"Array"}},{"Name":"totalTranslation","Type":{"Category":"DataType","Name":"Vector2"}},{"Name":"velocity","Type":{"Category":"DataType","Name":"Vector2"}},{"Name":"state","Type":{"Category":"Enum","Name":"UserInputState"}},{"Name":"gameProcessedEvent","Type":{"Category":"Primitive","Name":"bool"}}],"Security":"None","ThreadSafety":"Unsafe"},{"MemberType":"Event","Name":"TouchPinch","Parameters":[{"Name":"touchPositions","Type":{"Category":"Group","Name":"Array"}},{"Name":"scale","Type":{"Category":"Primitive","Name":"float"}},{"Name":"velocity","Type":{"Category":"Primitive","Name":"float"}},{"Name":"state","Type":{"Category":"Enum","Name":"UserInputState"}},{"Name":"gameProcessedEvent","Type":{"Category":"Primitive","Name":"bool"}}],"Security":"None","ThreadSafety":"Unsafe"},{"MemberType":"Event","Name":"TouchRotate","Parameters":[{"Name":"touchPositions","Type":{"Category":"Group","Name":"Array"}},{"Name":"rotation","Type":{"Category":"Primitive","Name":"float"}},{"Name":"velocity","Type":{"Category":"Primitive","Name":"float"}},{"Name":"state","Type":{"Category":"Enum","Name":"UserInputState"}},{"Name":"gameProcessedEvent","Type":{"Category":"Primitive","Name":"bool"}}],"Security":"None","ThreadSafety":"Unsafe"},{"MemberType":"Event","Name":"TouchStarted","Parameters":[{"Name":"touch","Type":{"Category":"Class","Name":"InputObject"}},{"Name":"gameProcessedEvent","Type":{"Category":"Primitive","Name":"bool"}}],"Security":"None","ThreadSafety":"Unsafe"},{"MemberType":"Event","Name":"TouchSwipe","Parameters":[{"Name":"swipeDirection","Type":{"Category":"Enum","Name":"SwipeDirection"}},{"Name":"numberOfTouches","Type":{"Category":"Primitive","Name":"int"}},{"Name":"gameProcessedEvent","Type":{"Category":"Primitive","Name":"bool"}}],"Security":"None","ThreadSafety":"Unsafe"},{"MemberType":"Event","Name":"TouchTap","Parameters":[{"Name":"touchPositions","Type":{"Category":"Group","Name":"Array"}},{"Name":"gameProcessedEvent","Type":{"Category":"Primitive","Name":"bool"}}],"Security":"None","ThreadSafety":"Unsafe"},{"MemberType":"Event","Name":"TouchTapInWorld","Parameters":[{"Name":"position","Type":{"Category":"DataType","Name":"Vector2"}},{"Name":"processedByUI","Type":{"Category":"Primitive","Name":"bool"}}],"Security":"None","ThreadSafety":"Unsafe"},{"MemberType":"Event","Name":"UserCFrameChanged","Parameters":[{"Name":"type","Type":{"Category":"Enum","Name":"UserCFrame"}},{"Name":"value","Type":{"Category":"DataType","Name":"CFrame"}}],"Security":"None","ThreadSafety":"Unsafe"},{"MemberType":"Event","Name":"WindowFocusReleased","Parameters":[],"Security":"None","ThreadSafety":"Unsafe"},{"MemberType":"Event","Name":"WindowFocused","Parameters":[],"Security":"None","ThreadSafety":"Unsafe"}],"MemoryCategory":"Instances","Name":"UserInputService","Superclass":"Instance","Tags":["NotCreatable","Service","NotReplicated"]},{"Members":[{"MemberType":"Function","Name":"GetUserInfosByUserIdsAsync","Parameters":[{"Name":"userIds","Type":{"Category":"Group","Name":"Array"}}],"ReturnType":{"Category":"Group","Name":"Array"},"Security":"None","Tags":["Yields"],"ThreadSafety":"Unsafe"}],"MemoryCategory":"Instances","Name":"UserService","Superclass":"Instance","Tags":["NotCreatable","Service"]},{"Members":[{"Category":"Data","MemberType":"Property","Name":"DidPointerHit","Security":{"Read":"RobloxScriptSecurity","Write":"RobloxScriptSecurity"},"Serialization":{"CanLoad":false,"CanSave":true},"Tags":["Hidden","ReadOnly","NotReplicated"],"ThreadSafety":"ReadSafe","ValueType":{"Category":"Primitive","Name":"bool"}},{"Category":"Data","MemberType":"Property","Name":"GuiInputUserCFrame","Security":{"Read":"None","Write":"None"},"Serialization":{"CanLoad":false,"CanSave":false},"ThreadSafety":"ReadSafe","ValueType":{"Category":"Enum","Name":"UserCFrame"}},{"Category":"Data","MemberType":"Property","Name":"PointerHitCFrame","Security":{"Read":"RobloxScriptSecurity","Write":"RobloxScriptSecurity"},"Serialization":{"CanLoad":false,"CanSave":true},"Tags":["Hidden","ReadOnly","NotReplicated"],"ThreadSafety":"ReadSafe","ValueType":{"Category":"DataType","Name":"CFrame"}},{"Category":"Data","MemberType":"Property","Name":"VRDeviceAvailable","Security":{"Read":"RobloxScriptSecurity","Write":"RobloxScriptSecurity"},"Serialization":{"CanLoad":false,"CanSave":true},"Tags":["Hidden","ReadOnly","NotReplicated"],"ThreadSafety":"ReadSafe","ValueType":{"Category":"Primitive","Name":"bool"}},{"Category":"Data","MemberType":"Property","Name":"VRDeviceName","Security":{"Read":"RobloxScriptSecurity","Write":"RobloxScriptSecurity"},"Serialization":{"CanLoad":false,"CanSave":false},"Tags":["Hidden","ReadOnly","NotReplicated"],"ThreadSafety":"ReadSafe","ValueType":{"Category":"Primitive","Name":"string"}},{"Category":"Data","MemberType":"Property","Name":"VREnabled","Security":{"Read":"None","Write":"None"},"Serialization":{"CanLoad":false,"CanSave":true},"Tags":["ReadOnly","NotReplicated"],"ThreadSafety":"ReadSafe","ValueType":{"Category":"Primitive","Name":"bool"}},{"MemberType":"Function","Name":"GetTouchpadMode","Parameters":[{"Name":"pad","Type":{"Category":"Enum","Name":"VRTouchpad"}}],"ReturnType":{"Category":"Enum","Name":"VRTouchpadMode"},"Security":"None","ThreadSafety":"Unsafe"},{"MemberType":"Function","Name":"GetUserCFrame","Parameters":[{"Name":"type","Type":{"Category":"Enum","Name":"UserCFrame"}}],"ReturnType":{"Category":"DataType","Name":"CFrame"},"Security":"None","ThreadSafety":"Unsafe"},{"MemberType":"Function","Name":"GetUserCFrameEnabled","Parameters":[{"Name":"type","Type":{"Category":"Enum","Name":"UserCFrame"}}],"ReturnType":{"Category":"Primitive","Name":"bool"},"Security":"None","ThreadSafety":"Unsafe"},{"MemberType":"Function","Name":"RecenterUserHeadCFrame","Parameters":[],"ReturnType":{"Category":"Primitive","Name":"void"},"Security":"None","ThreadSafety":"Unsafe"},{"MemberType":"Function","Name":"RequestNavigation","Parameters":[{"Name":"cframe","Type":{"Category":"DataType","Name":"CFrame"}},{"Name":"inputUserCFrame","Type":{"Category":"Enum","Name":"UserCFrame"}}],"ReturnType":{"Category":"Primitive","Name":"void"},"Security":"None","ThreadSafety":"Unsafe"},{"MemberType":"Function","Name":"SetTouchpadMode","Parameters":[{"Name":"pad","Type":{"Category":"Enum","Name":"VRTouchpad"}},{"Name":"mode","Type":{"Category":"Enum","Name":"VRTouchpadMode"}}],"ReturnType":{"Category":"Primitive","Name":"void"},"Security":"None","ThreadSafety":"Unsafe"},{"MemberType":"Event","Name":"NavigationRequested","Parameters":[{"Name":"cframe","Type":{"Category":"DataType","Name":"CFrame"}},{"Name":"inputUserCFrame","Type":{"Category":"Enum","Name":"UserCFrame"}}],"Security":"None","ThreadSafety":"Unsafe"},{"MemberType":"Event","Name":"TouchpadModeChanged","Parameters":[{"Name":"pad","Type":{"Category":"Enum","Name":"VRTouchpad"}},{"Name":"mode","Type":{"Category":"Enum","Name":"VRTouchpadMode"}}],"Security":"None","ThreadSafety":"Unsafe"},{"MemberType":"Event","Name":"UserCFrameChanged","Parameters":[{"Name":"type","Type":{"Category":"Enum","Name":"UserCFrame"}},{"Name":"value","Type":{"Category":"DataType","Name":"CFrame"}}],"Security":"None","ThreadSafety":"Unsafe"},{"MemberType":"Event","Name":"UserCFrameEnabled","Parameters":[{"Name":"type","Type":{"Category":"Enum","Name":"UserCFrame"}},{"Name":"enabled","Type":{"Category":"Primitive","Name":"bool"}}],"Security":"None","ThreadSafety":"Unsafe"}],"MemoryCategory":"Instances","Name":"VRService","Superclass":"Instance","Tags":["NotCreatable","Service"]},{"Members":[],"MemoryCategory":"Instances","Name":"ValueBase","Superclass":"Instance","Tags":["NotCreatable"]},{"Members":[{"MemberType":"Event","Name":"Changed","Parameters":[{"Name":"value","Type":{"Category":"DataType","Name":"BinaryString"}}],"Security":"None","ThreadSafety":"Unsafe"}],"MemoryCategory":"Instances","Name":"BinaryStringValue","Superclass":"ValueBase"},{"Members":[{"Category":"Data","MemberType":"Property","Name":"Value","Security":{"Read":"None","Write":"None"},"Serialization":{"CanLoad":true,"CanSave":true},"ThreadSafety":"ReadSafe","ValueType":{"Category":"Primitive","Name":"bool"}},{"MemberType":"Event","Name":"Changed","Parameters":[{"Name":"value","Type":{"Category":"Primitive","Name":"bool"}}],"Security":"None","ThreadSafety":"Unsafe"},{"MemberType":"Event","Name":"changed","Parameters":[{"Name":"value","Type":{"Category":"Primitive","Name":"bool"}}],"Security":"None","Tags":["Deprecated"],"ThreadSafety":"Unsafe"}],"MemoryCategory":"Instances","Name":"BoolValue","Superclass":"ValueBase"},{"Members":[{"Category":"Data","MemberType":"Property","Name":"Value","Security":{"Read":"None","Write":"None"},"Serialization":{"CanLoad":true,"CanSave":true},"ThreadSafety":"ReadSafe","ValueType":{"Category":"DataType","Name":"BrickColor"}},{"MemberType":"Event","Name":"Changed","Parameters":[{"Name":"value","Type":{"Category":"DataType","Name":"BrickColor"}}],"Security":"None","ThreadSafety":"Unsafe"},{"MemberType":"Event","Name":"changed","Parameters":[{"Name":"value","Type":{"Category":"DataType","Name":"BrickColor"}}],"Security":"None","Tags":["Deprecated"],"ThreadSafety":"Unsafe"}],"MemoryCategory":"Instances","Name":"BrickColorValue","Superclass":"ValueBase"},{"Members":[{"Category":"Data","MemberType":"Property","Name":"Value","Security":{"Read":"None","Write":"None"},"Serialization":{"CanLoad":true,"CanSave":true},"ThreadSafety":"ReadSafe","ValueType":{"Category":"DataType","Name":"CFrame"}},{"MemberType":"Event","Name":"Changed","Parameters":[{"Name":"value","Type":{"Category":"DataType","Name":"CFrame"}}],"Security":"None","ThreadSafety":"Unsafe"},{"MemberType":"Event","Name":"changed","Parameters":[{"Name":"value","Type":{"Category":"DataType","Name":"CFrame"}}],"Security":"None","Tags":["Deprecated"],"ThreadSafety":"Unsafe"}],"MemoryCategory":"Instances","Name":"CFrameValue","Superclass":"ValueBase"},{"Members":[{"Category":"Data","MemberType":"Property","Name":"Value","Security":{"Read":"None","Write":"None"},"Serialization":{"CanLoad":true,"CanSave":true},"ThreadSafety":"ReadSafe","ValueType":{"Category":"DataType","Name":"Color3"}},{"MemberType":"Event","Name":"Changed","Parameters":[{"Name":"value","Type":{"Category":"DataType","Name":"Color3"}}],"Security":"None","ThreadSafety":"Unsafe"},{"MemberType":"Event","Name":"changed","Parameters":[{"Name":"value","Type":{"Category":"DataType","Name":"Color3"}}],"Security":"None","Tags":["Deprecated"],"ThreadSafety":"Unsafe"}],"MemoryCategory":"Instances","Name":"Color3Value","Superclass":"ValueBase"},{"Members":[{"Category":"Data","MemberType":"Property","Name":"ConstrainedValue","Security":{"Read":"None","Write":"None"},"Serialization":{"CanLoad":true,"CanSave":false},"Tags":["Hidden","NotReplicated"],"ThreadSafety":"ReadSafe","ValueType":{"Category":"Primitive","Name":"double"}},{"Category":"Data","MemberType":"Property","Name":"MaxValue","Security":{"Read":"None","Write":"None"},"Serialization":{"CanLoad":true,"CanSave":true},"ThreadSafety":"ReadSafe","ValueType":{"Category":"Primitive","Name":"double"}},{"Category":"Data","MemberType":"Property","Name":"MinValue","Security":{"Read":"None","Write":"None"},"Serialization":{"CanLoad":true,"CanSave":true},"ThreadSafety":"ReadSafe","ValueType":{"Category":"Primitive","Name":"double"}},{"Category":"Data","MemberType":"Property","Name":"Value","Security":{"Read":"None","Write":"None"},"Serialization":{"CanLoad":true,"CanSave":false},"Tags":["NotReplicated"],"ThreadSafety":"ReadSafe","ValueType":{"Category":"Primitive","Name":"double"}},{"MemberType":"Event","Name":"Changed","Parameters":[{"Name":"value","Type":{"Category":"Primitive","Name":"double"}}],"Security":"None","ThreadSafety":"Unsafe"},{"MemberType":"Event","Name":"changed","Parameters":[{"Name":"value","Type":{"Category":"Primitive","Name":"double"}}],"Security":"None","Tags":["Deprecated"],"ThreadSafety":"Unsafe"}],"MemoryCategory":"Instances","Name":"DoubleConstrainedValue","Superclass":"ValueBase","Tags":["Deprecated"]},{"Members":[{"Category":"Data","MemberType":"Property","Name":"ConstrainedValue","Security":{"Read":"None","Write":"None"},"Serialization":{"CanLoad":true,"CanSave":false},"Tags":["Hidden","NotReplicated"],"ThreadSafety":"ReadSafe","ValueType":{"Category":"Primitive","Name":"int64"}},{"Category":"Data","MemberType":"Property","Name":"MaxValue","Security":{"Read":"None","Write":"None"},"Serialization":{"CanLoad":true,"CanSave":true},"ThreadSafety":"ReadSafe","ValueType":{"Category":"Primitive","Name":"int64"}},{"Category":"Data","MemberType":"Property","Name":"MinValue","Security":{"Read":"None","Write":"None"},"Serialization":{"CanLoad":true,"CanSave":true},"ThreadSafety":"ReadSafe","ValueType":{"Category":"Primitive","Name":"int64"}},{"Category":"Data","MemberType":"Property","Name":"Value","Security":{"Read":"None","Write":"None"},"Serialization":{"CanLoad":true,"CanSave":false},"Tags":["NotReplicated"],"ThreadSafety":"ReadSafe","ValueType":{"Category":"Primitive","Name":"int64"}},{"MemberType":"Event","Name":"Changed","Parameters":[{"Name":"value","Type":{"Category":"Primitive","Name":"int64"}}],"Security":"None","ThreadSafety":"Unsafe"},{"MemberType":"Event","Name":"changed","Parameters":[{"Name":"value","Type":{"Category":"Primitive","Name":"int64"}}],"Security":"None","Tags":["Deprecated"],"ThreadSafety":"Unsafe"}],"MemoryCategory":"Instances","Name":"IntConstrainedValue","Superclass":"ValueBase","Tags":["Deprecated"]},{"Members":[{"Category":"Data","MemberType":"Property","Name":"Value","Security":{"Read":"None","Write":"None"},"Serialization":{"CanLoad":true,"CanSave":true},"ThreadSafety":"ReadSafe","ValueType":{"Category":"Primitive","Name":"int64"}},{"MemberType":"Event","Name":"Changed","Parameters":[{"Name":"value","Type":{"Category":"Primitive","Name":"int64"}}],"Security":"None","ThreadSafety":"Unsafe"},{"MemberType":"Event","Name":"changed","Parameters":[{"Name":"value","Type":{"Category":"Primitive","Name":"int64"}}],"Security":"None","Tags":["Deprecated"],"ThreadSafety":"Unsafe"}],"MemoryCategory":"Instances","Name":"IntValue","Superclass":"ValueBase"},{"Members":[{"Category":"Data","MemberType":"Property","Name":"Value","Security":{"Read":"None","Write":"None"},"Serialization":{"CanLoad":true,"CanSave":true},"ThreadSafety":"ReadSafe","ValueType":{"Category":"Primitive","Name":"double"}},{"MemberType":"Event","Name":"Changed","Parameters":[{"Name":"value","Type":{"Category":"Primitive","Name":"double"}}],"Security":"None","ThreadSafety":"Unsafe"},{"MemberType":"Event","Name":"changed","Parameters":[{"Name":"value","Type":{"Category":"Primitive","Name":"double"}}],"Security":"None","Tags":["Deprecated"],"ThreadSafety":"Unsafe"}],"MemoryCategory":"Instances","Name":"NumberValue","Superclass":"ValueBase"},{"Members":[{"Category":"Data","MemberType":"Property","Name":"Value","Security":{"Read":"None","Write":"None"},"Serialization":{"CanLoad":true,"CanSave":true},"ThreadSafety":"ReadSafe","ValueType":{"Category":"Class","Name":"Instance"}},{"MemberType":"Event","Name":"Changed","Parameters":[{"Name":"value","Type":{"Category":"Class","Name":"Instance"}}],"Security":"None","ThreadSafety":"Unsafe"},{"MemberType":"Event","Name":"changed","Parameters":[{"Name":"value","Type":{"Category":"Class","Name":"Instance"}}],"Security":"None","Tags":["Deprecated"],"ThreadSafety":"Unsafe"}],"MemoryCategory":"Instances","Name":"ObjectValue","Superclass":"ValueBase"},{"Members":[{"Category":"Data","MemberType":"Property","Name":"Value","Security":{"Read":"None","Write":"None"},"Serialization":{"CanLoad":true,"CanSave":true},"ThreadSafety":"ReadSafe","ValueType":{"Category":"DataType","Name":"Ray"}},{"MemberType":"Event","Name":"Changed","Parameters":[{"Name":"value","Type":{"Category":"DataType","Name":"Ray"}}],"Security":"None","ThreadSafety":"Unsafe"},{"MemberType":"Event","Name":"changed","Parameters":[{"Name":"value","Type":{"Category":"DataType","Name":"Ray"}}],"Security":"None","Tags":["Deprecated"],"ThreadSafety":"Unsafe"}],"MemoryCategory":"Instances","Name":"RayValue","Superclass":"ValueBase"},{"Members":[{"Category":"Data","MemberType":"Property","Name":"Value","Security":{"Read":"None","Write":"None"},"Serialization":{"CanLoad":true,"CanSave":true},"ThreadSafety":"ReadSafe","ValueType":{"Category":"Primitive","Name":"string"}},{"MemberType":"Event","Name":"Changed","Parameters":[{"Name":"value","Type":{"Category":"Primitive","Name":"string"}}],"Security":"None","ThreadSafety":"Unsafe"},{"MemberType":"Event","Name":"changed","Parameters":[{"Name":"value","Type":{"Category":"Primitive","Name":"string"}}],"Security":"None","Tags":["Deprecated"],"ThreadSafety":"Unsafe"}],"MemoryCategory":"Instances","Name":"StringValue","Superclass":"ValueBase"},{"Members":[{"Category":"Data","MemberType":"Property","Name":"Value","Security":{"Read":"None","Write":"None"},"Serialization":{"CanLoad":true,"CanSave":true},"ThreadSafety":"ReadSafe","ValueType":{"Category":"DataType","Name":"Vector3"}},{"MemberType":"Event","Name":"Changed","Parameters":[{"Name":"value","Type":{"Category":"DataType","Name":"Vector3"}}],"Security":"None","ThreadSafety":"Unsafe"},{"MemberType":"Event","Name":"changed","Parameters":[{"Name":"value","Type":{"Category":"DataType","Name":"Vector3"}}],"Security":"None","Tags":["Deprecated"],"ThreadSafety":"Unsafe"}],"MemoryCategory":"Instances","Name":"Vector3Value","Superclass":"ValueBase"},{"Members":[{"MemberType":"Function","Name":"GetValueAtTime","Parameters":[{"Name":"time","Type":{"Category":"Primitive","Name":"float"}}],"ReturnType":{"Category":"Group","Name":"Array"},"Security":"None","ThreadSafety":"Unsafe"},{"MemberType":"Function","Name":"X","Parameters":[],"ReturnType":{"Category":"Class","Name":"FloatCurve"},"Security":"None","ThreadSafety":"Unsafe"},{"MemberType":"Function","Name":"Y","Parameters":[],"ReturnType":{"Category":"Class","Name":"FloatCurve"},"Security":"None","ThreadSafety":"Unsafe"},{"MemberType":"Function","Name":"Z","Parameters":[],"ReturnType":{"Category":"Class","Name":"FloatCurve"},"Security":"None","ThreadSafety":"Unsafe"}],"MemoryCategory":"Instances","Name":"Vector3Curve","Superclass":"Instance"},{"Members":[{"Category":"Behavior","MemberType":"Property","Name":"ScriptCollabEnabled","Security":{"Read":"RobloxScriptSecurity","Write":"RobloxScriptSecurity"},"Serialization":{"CanLoad":false,"CanSave":false},"Tags":["Hidden"],"ThreadSafety":"ReadSafe","ValueType":{"Category":"Primitive","Name":"bool"}}],"MemoryCategory":"Instances","Name":"VersionControlService","Superclass":"Instance","Tags":["NotCreatable","Service"]},{"Members":[{"Category":"Data","MemberType":"Property","Name":"Active","Security":{"Read":"RobloxScriptSecurity","Write":"RobloxScriptSecurity"},"Serialization":{"CanLoad":true,"CanSave":true},"Tags":["Hidden","NotReplicated"],"ThreadSafety":"ReadSafe","ValueType":{"Category":"Primitive","Name":"bool"}},{"Category":"Data","MemberType":"Property","Name":"CameraID","Security":{"Read":"RobloxScriptSecurity","Write":"RobloxScriptSecurity"},"Serialization":{"CanLoad":true,"CanSave":true},"Tags":["Hidden","NotReplicated"],"ThreadSafety":"ReadSafe","ValueType":{"Category":"Primitive","Name":"string"}},{"MemberType":"Function","Name":"GetCameraDevices","Parameters":[],"ReturnType":{"Category":"Group","Name":"Map"},"Security":"RobloxScriptSecurity","ThreadSafety":"Unsafe"}],"MemoryCategory":"Instances","Name":"VideoCaptureService","Superclass":"Instance","Tags":["NotCreatable","Service"]},{"Members":[{"Category":"Data","MemberType":"Property","Name":"AdditionalLuaState","Security":{"Read":"RobloxScriptSecurity","Write":"RobloxScriptSecurity"},"Serialization":{"CanLoad":false,"CanSave":false},"Tags":["Hidden","NotReplicated"],"ThreadSafety":"ReadSafe","ValueType":{"Category":"Primitive","Name":"string"}},{"MemberType":"Function","Name":"Dump","Parameters":[],"ReturnType":{"Category":"Primitive","Name":"void"},"Security":"RobloxScriptSecurity","ThreadSafety":"Unsafe"},{"MemberType":"Function","Name":"HandleGamepadAxisInput","Parameters":[{"Name":"objectId","Type":{"Category":"Primitive","Name":"int"}},{"Name":"keyCode","Type":{"Category":"Enum","Name":"KeyCode"}},{"Name":"x","Type":{"Category":"Primitive","Name":"float"}},{"Name":"y","Type":{"Category":"Primitive","Name":"float"}},{"Name":"z","Type":{"Category":"Primitive","Name":"float"}}],"ReturnType":{"Category":"Primitive","Name":"void"},"Security":"RobloxScriptSecurity","ThreadSafety":"Unsafe"},{"MemberType":"Function","Name":"HandleGamepadButtonInput","Parameters":[{"Name":"deviceId","Type":{"Category":"Primitive","Name":"int"}},{"Name":"keyCode","Type":{"Category":"Enum","Name":"KeyCode"}},{"Name":"buttonState","Type":{"Category":"Primitive","Name":"int"}}],"ReturnType":{"Category":"Primitive","Name":"void"},"Security":"RobloxScriptSecurity","ThreadSafety":"Unsafe"},{"MemberType":"Function","Name":"HandleGamepadConnect","Parameters":[{"Name":"deviceId","Type":{"Category":"Primitive","Name":"int"}}],"ReturnType":{"Category":"Primitive","Name":"void"},"Security":"RobloxScriptSecurity","ThreadSafety":"Unsafe"},{"MemberType":"Function","Name":"HandleGamepadDisconnect","Parameters":[{"Name":"deviceId","Type":{"Category":"Primitive","Name":"int"}}],"ReturnType":{"Category":"Primitive","Name":"void"},"Security":"RobloxScriptSecurity","ThreadSafety":"Unsafe"},{"MemberType":"Function","Name":"SendAccelerometerEvent","Parameters":[{"Name":"x","Type":{"Category":"Primitive","Name":"float"}},{"Name":"y","Type":{"Category":"Primitive","Name":"float"}},{"Name":"z","Type":{"Category":"Primitive","Name":"float"}}],"ReturnType":{"Category":"Primitive","Name":"void"},"Security":"RobloxScriptSecurity","ThreadSafety":"Unsafe"},{"MemberType":"Function","Name":"SendGravityEvent","Parameters":[{"Name":"x","Type":{"Category":"Primitive","Name":"float"}},{"Name":"y","Type":{"Category":"Primitive","Name":"float"}},{"Name":"z","Type":{"Category":"Primitive","Name":"float"}}],"ReturnType":{"Category":"Primitive","Name":"void"},"Security":"RobloxScriptSecurity","ThreadSafety":"Unsafe"},{"MemberType":"Function","Name":"SendGyroscopeEvent","Parameters":[{"Name":"quatX","Type":{"Category":"Primitive","Name":"float"}},{"Name":"quatY","Type":{"Category":"Primitive","Name":"float"}},{"Name":"quatZ","Type":{"Category":"Primitive","Name":"float"}},{"Name":"quatW","Type":{"Category":"Primitive","Name":"float"}}],"ReturnType":{"Category":"Primitive","Name":"void"},"Security":"RobloxScriptSecurity","ThreadSafety":"Unsafe"},{"MemberType":"Function","Name":"SendKeyEvent","Parameters":[{"Name":"isPressed","Type":{"Category":"Primitive","Name":"bool"}},{"Name":"keyCode","Type":{"Category":"Enum","Name":"KeyCode"}},{"Name":"isRepeatedKey","Type":{"Category":"Primitive","Name":"bool"}},{"Name":"layerCollector","Type":{"Category":"Class","Name":"Instance"}}],"ReturnType":{"Category":"Primitive","Name":"void"},"Security":"RobloxScriptSecurity","ThreadSafety":"Unsafe"},{"MemberType":"Function","Name":"SendMouseButtonEvent","Parameters":[{"Name":"x","Type":{"Category":"Primitive","Name":"int"}},{"Name":"y","Type":{"Category":"Primitive","Name":"int"}},{"Name":"mouseButton","Type":{"Category":"Primitive","Name":"int"}},{"Name":"isDown","Type":{"Category":"Primitive","Name":"bool"}},{"Name":"layerCollector","Type":{"Category":"Class","Name":"Instance"}},{"Name":"repeatCount","Type":{"Category":"Primitive","Name":"int"}}],"ReturnType":{"Category":"Primitive","Name":"void"},"Security":"RobloxScriptSecurity","ThreadSafety":"Unsafe"},{"MemberType":"Function","Name":"SendMouseMoveEvent","Parameters":[{"Name":"x","Type":{"Category":"Primitive","Name":"float"}},{"Name":"y","Type":{"Category":"Primitive","Name":"float"}},{"Name":"layerCollector","Type":{"Category":"Class","Name":"Instance"}}],"ReturnType":{"Category":"Primitive","Name":"void"},"Security":"RobloxScriptSecurity","ThreadSafety":"Unsafe"},{"MemberType":"Function","Name":"SendMouseWheelEvent","Parameters":[{"Name":"x","Type":{"Category":"Primitive","Name":"float"}},{"Name":"y","Type":{"Category":"Primitive","Name":"float"}},{"Name":"isForwardScroll","Type":{"Category":"Primitive","Name":"bool"}},{"Name":"layerCollector","Type":{"Category":"Class","Name":"Instance"}}],"ReturnType":{"Category":"Primitive","Name":"void"},"Security":"RobloxScriptSecurity","ThreadSafety":"Unsafe"},{"MemberType":"Function","Name":"SendTextInputCharacterEvent","Parameters":[{"Name":"str","Type":{"Category":"Primitive","Name":"string"}},{"Name":"layerCollector","Type":{"Category":"Class","Name":"Instance"}}],"ReturnType":{"Category":"Primitive","Name":"void"},"Security":"RobloxScriptSecurity","ThreadSafety":"Unsafe"},{"MemberType":"Function","Name":"SendTouchEvent","Parameters":[{"Name":"touchId","Type":{"Category":"Primitive","Name":"int64"}},{"Name":"state","Type":{"Category":"Primitive","Name":"int"}},{"Name":"x","Type":{"Category":"Primitive","Name":"float"}},{"Name":"y","Type":{"Category":"Primitive","Name":"float"}}],"ReturnType":{"Category":"Primitive","Name":"void"},"Security":"RobloxScriptSecurity","ThreadSafety":"Unsafe"},{"MemberType":"Function","Name":"SetInputTypesToIgnore","Parameters":[{"Name":"inputTypesToIgnore","Type":{"Category":"Group","Name":"Variant"}}],"ReturnType":{"Category":"Primitive","Name":"void"},"Security":"RobloxScriptSecurity","ThreadSafety":"Unsafe"},{"MemberType":"Function","Name":"StartPlaying","Parameters":[{"Name":"fileName","Type":{"Category":"Primitive","Name":"string"}}],"ReturnType":{"Category":"Primitive","Name":"void"},"Security":"RobloxScriptSecurity","ThreadSafety":"Unsafe"},{"MemberType":"Function","Name":"StartPlayingJSON","Parameters":[{"Name":"string","Type":{"Category":"Primitive","Name":"string"}}],"ReturnType":{"Category":"Primitive","Name":"void"},"Security":"RobloxScriptSecurity","ThreadSafety":"Unsafe"},{"MemberType":"Function","Name":"StartRecording","Parameters":[],"ReturnType":{"Category":"Primitive","Name":"void"},"Security":"RobloxScriptSecurity","ThreadSafety":"Unsafe"},{"MemberType":"Function","Name":"StopPlaying","Parameters":[],"ReturnType":{"Category":"Primitive","Name":"void"},"Security":"RobloxScriptSecurity","ThreadSafety":"Unsafe"},{"MemberType":"Function","Name":"StopRecording","Parameters":[],"ReturnType":{"Category":"Primitive","Name":"void"},"Security":"RobloxScriptSecurity","ThreadSafety":"Unsafe"},{"MemberType":"Function","Name":"sendRobloxEvent","Parameters":[{"Name":"namespace","Type":{"Category":"Primitive","Name":"string"}},{"Name":"detail","Type":{"Category":"Primitive","Name":"string"}},{"Name":"detailType","Type":{"Category":"Primitive","Name":"string"}}],"ReturnType":{"Category":"Primitive","Name":"void"},"Security":"RobloxScriptSecurity","ThreadSafety":"Unsafe"},{"MemberType":"Function","Name":"sendThemeChangeEvent","Parameters":[{"Name":"themeName","Type":{"Category":"Primitive","Name":"string"}}],"ReturnType":{"Category":"Primitive","Name":"void"},"Security":"RobloxScriptSecurity","ThreadSafety":"Unsafe"},{"MemberType":"Function","Name":"WaitForInputEventsProcessed","Parameters":[],"ReturnType":{"Category":"Primitive","Name":"void"},"Security":"RobloxScriptSecurity","Tags":["Yields"],"ThreadSafety":"Unsafe"},{"MemberType":"Event","Name":"PlaybackCompleted","Parameters":[{"Name":"additionalLuaState","Type":{"Category":"Primitive","Name":"string"}}],"Security":"RobloxScriptSecurity","ThreadSafety":"Unsafe"},{"MemberType":"Event","Name":"RecordingCompleted","Parameters":[{"Name":"result","Type":{"Category":"Primitive","Name":"string"}}],"Security":"RobloxScriptSecurity","ThreadSafety":"Unsafe"}],"MemoryCategory":"Instances","Name":"VirtualInputManager","Superclass":"Instance","Tags":["Service"]},{"Members":[{"MemberType":"Function","Name":"Button1Down","Parameters":[{"Name":"position","Type":{"Category":"DataType","Name":"Vector2"}},{"Default":"Identity","Name":"camera","Type":{"Category":"DataType","Name":"CFrame"}}],"ReturnType":{"Category":"Primitive","Name":"void"},"Security":"LocalUserSecurity","ThreadSafety":"Unsafe"},{"MemberType":"Function","Name":"Button1Up","Parameters":[{"Name":"position","Type":{"Category":"DataType","Name":"Vector2"}},{"Default":"Identity","Name":"camera","Type":{"Category":"DataType","Name":"CFrame"}}],"ReturnType":{"Category":"Primitive","Name":"void"},"Security":"LocalUserSecurity","ThreadSafety":"Unsafe"},{"MemberType":"Function","Name":"Button2Down","Parameters":[{"Name":"position","Type":{"Category":"DataType","Name":"Vector2"}},{"Default":"Identity","Name":"camera","Type":{"Category":"DataType","Name":"CFrame"}}],"ReturnType":{"Category":"Primitive","Name":"void"},"Security":"LocalUserSecurity","ThreadSafety":"Unsafe"},{"MemberType":"Function","Name":"Button2Up","Parameters":[{"Name":"position","Type":{"Category":"DataType","Name":"Vector2"}},{"Default":"Identity","Name":"camera","Type":{"Category":"DataType","Name":"CFrame"}}],"ReturnType":{"Category":"Primitive","Name":"void"},"Security":"LocalUserSecurity","ThreadSafety":"Unsafe"},{"MemberType":"Function","Name":"CaptureController","Parameters":[],"ReturnType":{"Category":"Primitive","Name":"void"},"Security":"LocalUserSecurity","ThreadSafety":"Unsafe"},{"MemberType":"Function","Name":"ClickButton1","Parameters":[{"Name":"position","Type":{"Category":"DataType","Name":"Vector2"}},{"Default":"Identity","Name":"camera","Type":{"Category":"DataType","Name":"CFrame"}}],"ReturnType":{"Category":"Primitive","Name":"void"},"Security":"LocalUserSecurity","ThreadSafety":"Unsafe"},{"MemberType":"Function","Name":"ClickButton2","Parameters":[{"Name":"position","Type":{"Category":"DataType","Name":"Vector2"}},{"Default":"Identity","Name":"camera","Type":{"Category":"DataType","Name":"CFrame"}}],"ReturnType":{"Category":"Primitive","Name":"void"},"Security":"LocalUserSecurity","ThreadSafety":"Unsafe"},{"MemberType":"Function","Name":"MoveMouse","Parameters":[{"Name":"position","Type":{"Category":"DataType","Name":"Vector2"}},{"Default":"Identity","Name":"camera","Type":{"Category":"DataType","Name":"CFrame"}}],"ReturnType":{"Category":"Primitive","Name":"void"},"Security":"LocalUserSecurity","ThreadSafety":"Unsafe"},{"MemberType":"Function","Name":"SetKeyDown","Parameters":[{"Name":"key","Type":{"Category":"Primitive","Name":"string"}}],"ReturnType":{"Category":"Primitive","Name":"void"},"Security":"LocalUserSecurity","ThreadSafety":"Unsafe"},{"MemberType":"Function","Name":"SetKeyUp","Parameters":[{"Name":"key","Type":{"Category":"Primitive","Name":"string"}}],"ReturnType":{"Category":"Primitive","Name":"void"},"Security":"LocalUserSecurity","ThreadSafety":"Unsafe"},{"MemberType":"Function","Name":"StartRecording","Parameters":[],"ReturnType":{"Category":"Primitive","Name":"void"},"Security":"LocalUserSecurity","ThreadSafety":"Unsafe"},{"MemberType":"Function","Name":"StopRecording","Parameters":[],"ReturnType":{"Category":"Primitive","Name":"string"},"Security":"LocalUserSecurity","ThreadSafety":"Unsafe"},{"MemberType":"Function","Name":"TypeKey","Parameters":[{"Name":"key","Type":{"Category":"Primitive","Name":"string"}}],"ReturnType":{"Category":"Primitive","Name":"void"},"Security":"LocalUserSecurity","ThreadSafety":"Unsafe"}],"MemoryCategory":"Instances","Name":"VirtualUser","Superclass":"Instance","Tags":["NotCreatable","Service","NotReplicated"]},{"Members":[],"MemoryCategory":"Instances","Name":"VisibilityService","Superclass":"Instance","Tags":["NotCreatable","Service"]},{"Members":[],"MemoryCategory":"Instances","Name":"Visit","Superclass":"Instance","Tags":["NotCreatable","Service","NotReplicated"]},{"Members":[{"MemberType":"Function","Name":"AddUserAsync","Parameters":[{"Default":"-1","Name":"userId","Type":{"Category":"Primitive","Name":"int64"}}],"ReturnType":{"Category":"Class","Name":"VoiceSource"},"Security":"RobloxScriptSecurity","Tags":["Yields"],"ThreadSafety":"Unsafe"}],"MemoryCategory":"Instances","Name":"VoiceChannel","Superclass":"Instance"},{"Members":[{"Category":"State","MemberType":"Property","Name":"VoiceChatState","Security":{"Read":"None","Write":"None"},"Serialization":{"CanLoad":false,"CanSave":false},"Tags":["Hidden","ReadOnly","NotReplicated","Deprecated"],"ThreadSafety":"ReadSafe","ValueType":{"Category":"Enum","Name":"VoiceChatState"}},{"MemberType":"Function","Name":"GetAndClearCallFailureMessage","Parameters":[],"ReturnType":{"Category":"Primitive","Name":"string"},"Security":"RobloxScriptSecurity","Tags":["Deprecated"],"ThreadSafety":"Unsafe"},{"MemberType":"Function","Name":"GetAudioProcessingSettings","Parameters":[],"ReturnType":{"Category":"Group","Name":"Tuple"},"Security":"None","Tags":["Deprecated"],"ThreadSafety":"Unsafe"},{"MemberType":"Function","Name":"GetGroupId","Parameters":[],"ReturnType":{"Category":"Primitive","Name":"string"},"Security":"RobloxScriptSecurity","ThreadSafety":"Unsafe"},{"MemberType":"Function","Name":"GetMicDevices","Parameters":[],"ReturnType":{"Category":"Group","Name":"Tuple"},"Security":"None","Tags":["Deprecated"],"ThreadSafety":"Unsafe"},{"MemberType":"Function","Name":"GetParticipants","Parameters":[],"ReturnType":{"Category":"Group","Name":"Array"},"Security":"None","Tags":["Deprecated"],"ThreadSafety":"Unsafe"},{"MemberType":"Function","Name":"GetSpeakerDevices","Parameters":[],"ReturnType":{"Category":"Group","Name":"Tuple"},"Security":"None","Tags":["Deprecated"],"ThreadSafety":"Unsafe"},{"MemberType":"Function","Name":"GetVoiceChatApiVersion","Parameters":[],"ReturnType":{"Category":"Primitive","Name":"int"},"Security":"None","Tags":["Deprecated"],"ThreadSafety":"Unsafe"},{"MemberType":"Function","Name":"GetVoiceChatAvailable","Parameters":[],"ReturnType":{"Category":"Primitive","Name":"int"},"Security":"None","Tags":["Deprecated"],"ThreadSafety":"Unsafe"},{"MemberType":"Function","Name":"IsContextVoiceEnabled","Parameters":[],"ReturnType":{"Category":"Primitive","Name":"bool"},"Security":"RobloxScriptSecurity","ThreadSafety":"Unsafe"},{"MemberType":"Function","Name":"IsPublishPaused","Parameters":[],"ReturnType":{"Category":"Primitive","Name":"bool"},"Security":"None","Tags":["Deprecated"],"ThreadSafety":"Unsafe"},{"MemberType":"Function","Name":"IsSubscribePaused","Parameters":[{"Name":"userId","Type":{"Category":"Primitive","Name":"int64"}}],"ReturnType":{"Category":"Primitive","Name":"bool"},"Security":"None","Tags":["Deprecated"],"ThreadSafety":"Unsafe"},{"MemberType":"Function","Name":"JoinByGroupId","Parameters":[{"Name":"groupId","Type":{"Category":"Primitive","Name":"string"}},{"Default":"false","Name":"isMicMuted","Type":{"Category":"Primitive","Name":"bool"}}],"ReturnType":{"Category":"Primitive","Name":"bool"},"Security":"None","Tags":["Deprecated"],"ThreadSafety":"Unsafe"},{"MemberType":"Function","Name":"JoinByGroupIdToken","Parameters":[{"Name":"groupId","Type":{"Category":"Primitive","Name":"string"}},{"Default":"false","Name":"isMicMuted","Type":{"Category":"Primitive","Name":"bool"}}],"ReturnType":{"Category":"Primitive","Name":"bool"},"Security":"None","Tags":["Deprecated"],"ThreadSafety":"Unsafe"},{"MemberType":"Function","Name":"Leave","Parameters":[],"ReturnType":{"Category":"Primitive","Name":"void"},"Security":"None","Tags":["Deprecated"],"ThreadSafety":"Unsafe"},{"MemberType":"Function","Name":"PublishPause","Parameters":[{"Name":"paused","Type":{"Category":"Primitive","Name":"bool"}}],"ReturnType":{"Category":"Primitive","Name":"bool"},"Security":"None","Tags":["Deprecated"],"ThreadSafety":"Unsafe"},{"MemberType":"Function","Name":"SetMicDevice","Parameters":[{"Name":"micDeviceName","Type":{"Category":"Primitive","Name":"string"}},{"Name":"micDeviceGuid","Type":{"Category":"Primitive","Name":"string"}}],"ReturnType":{"Category":"Primitive","Name":"void"},"Security":"None","Tags":["Deprecated"],"ThreadSafety":"Unsafe"},{"MemberType":"Function","Name":"SetSpeakerDevice","Parameters":[{"Name":"speakerDeviceName","Type":{"Category":"Primitive","Name":"string"}},{"Name":"speakerDeviceGuid","Type":{"Category":"Primitive","Name":"string"}}],"ReturnType":{"Category":"Primitive","Name":"void"},"Security":"None","Tags":["Deprecated"],"ThreadSafety":"Unsafe"},{"MemberType":"Function","Name":"SubscribeBlock","Parameters":[{"Name":"userId","Type":{"Category":"Primitive","Name":"int64"}}],"ReturnType":{"Category":"Primitive","Name":"bool"},"Security":"RobloxScriptSecurity","ThreadSafety":"Unsafe"},{"MemberType":"Function","Name":"SubscribePause","Parameters":[{"Name":"userId","Type":{"Category":"Primitive","Name":"int64"}},{"Name":"paused","Type":{"Category":"Primitive","Name":"bool"}}],"ReturnType":{"Category":"Primitive","Name":"bool"},"Security":"None","Tags":["Deprecated"],"ThreadSafety":"Unsafe"},{"MemberType":"Function","Name":"SubscribePauseAll","Parameters":[{"Name":"paused","Type":{"Category":"Primitive","Name":"bool"}}],"ReturnType":{"Category":"Primitive","Name":"bool"},"Security":"None","Tags":["Deprecated"],"ThreadSafety":"Unsafe"},{"MemberType":"Function","Name":"SubscribeRetry","Parameters":[{"Name":"userId","Type":{"Category":"Primitive","Name":"int64"}}],"ReturnType":{"Category":"Primitive","Name":"bool"},"Security":"RobloxScriptSecurity","ThreadSafety":"Unsafe"},{"MemberType":"Function","Name":"SubscribeUnblock","Parameters":[{"Name":"userId","Type":{"Category":"Primitive","Name":"int64"}}],"ReturnType":{"Category":"Primitive","Name":"bool"},"Security":"RobloxScriptSecurity","ThreadSafety":"Unsafe"},{"MemberType":"Function","Name":"IsVoiceEnabledForUserIdAsync","Parameters":[{"Name":"userId","Type":{"Category":"Primitive","Name":"int64"}}],"ReturnType":{"Category":"Primitive","Name":"bool"},"Security":"None","Tags":["Yields"],"ThreadSafety":"Unsafe"},{"MemberType":"Event","Name":"ParticipantsStateChanged","Parameters":[{"Name":"participantsLeft","Type":{"Category":"Group","Name":"Array"}},{"Name":"participantsJoined","Type":{"Category":"Group","Name":"Array"}},{"Name":"updatedStates","Type":{"Category":"Group","Name":"Array"}}],"Security":"RobloxScriptSecurity","Tags":["Deprecated"],"ThreadSafety":"Unsafe"},{"MemberType":"Event","Name":"PlayerMicActivitySignalChange","Parameters":[{"Name":"activityInfo","Type":{"Category":"Group","Name":"Dictionary"}}],"Security":"RobloxScriptSecurity","Tags":["Deprecated"],"ThreadSafety":"Unsafe"},{"MemberType":"Event","Name":"StateChanged","Parameters":[{"Name":"old","Type":{"Category":"Enum","Name":"VoiceChatState"}},{"Name":"new","Type":{"Category":"Enum","Name":"VoiceChatState"}}],"Security":"RobloxScriptSecurity","Tags":["Deprecated"],"ThreadSafety":"Unsafe"}],"MemoryCategory":"Instances","Name":"VoiceChatInternal","Superclass":"Instance","Tags":["NotCreatable","Service","NotBrowsable"]},{"Members":[{"Category":"Behavior","MemberType":"Property","Name":"EnableDefaultVoice","Security":{"Read":"PluginSecurity","Write":"PluginSecurity"},"Serialization":{"CanLoad":true,"CanSave":true},"ThreadSafety":"ReadSafe","ValueType":{"Category":"Primitive","Name":"bool"}},{"Category":"State","MemberType":"Property","Name":"VoiceChatEnabledForPlaceOnRcc","Security":{"Read":"RobloxScriptSecurity","Write":"RobloxScriptSecurity"},"Serialization":{"CanLoad":false,"CanSave":false},"Tags":["Hidden"],"ThreadSafety":"ReadSafe","ValueType":{"Category":"Primitive","Name":"bool"}},{"Category":"State","MemberType":"Property","Name":"VoiceChatEnabledForUniverseOnRcc","Security":{"Read":"RobloxScriptSecurity","Write":"RobloxScriptSecurity"},"Serialization":{"CanLoad":false,"CanSave":false},"Tags":["Hidden"],"ThreadSafety":"ReadSafe","ValueType":{"Category":"Primitive","Name":"bool"}},{"MemberType":"Function","Name":"IsVoiceEnabledForUserIdAsync","Parameters":[{"Name":"userId","Type":{"Category":"Primitive","Name":"int64"}}],"ReturnType":{"Category":"Primitive","Name":"bool"},"Security":"None","Tags":["Yields"],"ThreadSafety":"Unsafe"}],"MemoryCategory":"Instances","Name":"VoiceChatService","Superclass":"Instance","Tags":["NotCreatable","Service"]},{"Members":[{"Category":"Data","MemberType":"Property","Name":"UserId","Security":{"Read":"None","Write":"None"},"Serialization":{"CanLoad":false,"CanSave":true},"Tags":["ReadOnly","NotReplicated"],"ThreadSafety":"ReadSafe","ValueType":{"Category":"Primitive","Name":"int64"}}],"MemoryCategory":"Internal","Name":"VoiceSource","Superclass":"Instance","Tags":["NotCreatable","Deprecated"]}]}