{"Classes":[{"Members":[{"Category":"Goals","MemberType":"Property","Name":"CFrame","Security":{"Read":"None","Write":"None"},"Serialization":{"CanLoad":true,"CanSave":true},"ThreadSafety":"ReadSafe","ValueType":{"Category":"DataType","Name":"CFrame"}},{"Category":"Goals","MemberType":"Property","Name":"D","Security":{"Read":"None","Write":"None"},"Serialization":{"CanLoad":true,"CanSave":true},"ThreadSafety":"ReadSafe","ValueType":{"Category":"Primitive","Name":"float"}},{"Category":"Goals","MemberType":"Property","Name":"MaxTorque","Security":{"Read":"None","Write":"None"},"Serialization":{"CanLoad":true,"CanSave":true},"ThreadSafety":"ReadSafe","ValueType":{"Category":"DataType","Name":"Vector3"}},{"Category":"Goals","MemberType":"Property","Name":"P","Security":{"Read":"None","Write":"None"},"Serialization":{"CanLoad":true,"CanSave":true},"ThreadSafety":"ReadSafe","ValueType":{"Category":"Primitive","Name":"float"}},{"Category":"Goals","MemberType":"Property","Name":"cframe","Security":{"Read":"None","Write":"None"},"Serialization":{"CanLoad":true,"CanSave":false},"Tags":["NotReplicated","Deprecated"],"ThreadSafety":"ReadSafe","ValueType":{"Category":"DataType","Name":"CFrame"}},{"Category":"Goals","MemberType":"Property","Name":"maxTorque","Security":{"Read":"None","Write":"None"},"Serialization":{"CanLoad":true,"CanSave":false},"Tags":["NotReplicated","Deprecated"],"ThreadSafety":"ReadSafe","ValueType":{"Category":"DataType","Name":"Vector3"}}],"MemoryCategory":"Instances","Name":"BodyGyro","Superclass":"BodyMover","Tags":["Deprecated"]},{"Members":[{"Category":"Goals","MemberType":"Property","Name":"D","Security":{"Read":"None","Write":"None"},"Serialization":{"CanLoad":true,"CanSave":true},"ThreadSafety":"ReadSafe","ValueType":{"Category":"Primitive","Name":"float"}},{"Category":"Goals","MemberType":"Property","Name":"MaxForce","Security":{"Read":"None","Write":"None"},"Serialization":{"CanLoad":true,"CanSave":true},"ThreadSafety":"ReadSafe","ValueType":{"Category":"DataType","Name":"Vector3"}},{"Category":"Goals","MemberType":"Property","Name":"P","Security":{"Read":"None","Write":"None"},"Serialization":{"CanLoad":true,"CanSave":true},"ThreadSafety":"ReadSafe","ValueType":{"Category":"Primitive","Name":"float"}},{"Category":"Goals","MemberType":"Property","Name":"Position","Security":{"Read":"None","Write":"None"},"Serialization":{"CanLoad":true,"CanSave":true},"ThreadSafety":"ReadSafe","ValueType":{"Category":"DataType","Name":"Vector3"}},{"Category":"Goals","MemberType":"Property","Name":"maxForce","Security":{"Read":"None","Write":"None"},"Serialization":{"CanLoad":true,"CanSave":false},"Tags":["NotReplicated","Deprecated"],"ThreadSafety":"ReadSafe","ValueType":{"Category":"DataType","Name":"Vector3"}},{"Category":"Goals","MemberType":"Property","Name":"position","Security":{"Read":"None","Write":"None"},"Serialization":{"CanLoad":true,"CanSave":false},"Tags":["NotReplicated","Deprecated"],"ThreadSafety":"ReadSafe","ValueType":{"Category":"DataType","Name":"Vector3"}},{"MemberType":"Function","Name":"GetLastForce","Parameters":[],"ReturnType":{"Category":"DataType","Name":"Vector3"},"Security":"None","ThreadSafety":"Unsafe"},{"MemberType":"Function","Name":"lastForce","Parameters":[],"ReturnType":{"Category":"DataType","Name":"Vector3"},"Security":"None","Tags":["Deprecated"],"ThreadSafety":"Unsafe"},{"MemberType":"Event","Name":"ReachedTarget","Parameters":[],"Security":"None","ThreadSafety":"Unsafe"}],"MemoryCategory":"Instances","Name":"BodyPosition","Superclass":"BodyMover","Tags":["Deprecated"]},{"Members":[{"Category":"Goals","MemberType":"Property","Name":"Force","Security":{"Read":"None","Write":"None"},"Serialization":{"CanLoad":true,"CanSave":true},"ThreadSafety":"ReadSafe","ValueType":{"Category":"DataType","Name":"Vector3"}},{"Category":"Goals","MemberType":"Property","Name":"Location","Security":{"Read":"None","Write":"None"},"Serialization":{"CanLoad":true,"CanSave":true},"ThreadSafety":"ReadSafe","ValueType":{"Category":"DataType","Name":"Vector3"}},{"Category":"Goals","MemberType":"Property","Name":"force","Security":{"Read":"None","Write":"None"},"Serialization":{"CanLoad":true,"CanSave":false},"Tags":["NotReplicated","Deprecated"],"ThreadSafety":"ReadSafe","ValueType":{"Category":"DataType","Name":"Vector3"}},{"Category":"Goals","MemberType":"Property","Name":"location","Security":{"Read":"None","Write":"None"},"Serialization":{"CanLoad":true,"CanSave":false},"Tags":["NotReplicated","Deprecated"],"ThreadSafety":"ReadSafe","ValueType":{"Category":"DataType","Name":"Vector3"}}],"MemoryCategory":"Instances","Name":"BodyThrust","Superclass":"BodyMover","Tags":["Deprecated"]},{"Members":[{"Category":"Goals","MemberType":"Property","Name":"MaxForce","Security":{"Read":"None","Write":"None"},"Serialization":{"CanLoad":true,"CanSave":true},"ThreadSafety":"ReadSafe","ValueType":{"Category":"DataType","Name":"Vector3"}},{"Category":"Goals","MemberType":"Property","Name":"P","Security":{"Read":"None","Write":"None"},"Serialization":{"CanLoad":true,"CanSave":true},"ThreadSafety":"ReadSafe","ValueType":{"Category":"Primitive","Name":"float"}},{"Category":"Goals","MemberType":"Property","Name":"Velocity","Security":{"Read":"None","Write":"None"},"Serialization":{"CanLoad":true,"CanSave":true},"ThreadSafety":"ReadSafe","ValueType":{"Category":"DataType","Name":"Vector3"}},{"Category":"Goals","MemberType":"Property","Name":"maxForce","Security":{"Read":"None","Write":"None"},"Serialization":{"CanLoad":true,"CanSave":false},"Tags":["NotReplicated","Deprecated"],"ThreadSafety":"ReadSafe","ValueType":{"Category":"DataType","Name":"Vector3"}},{"Category":"Goals","MemberType":"Property","Name":"velocity","Security":{"Read":"None","Write":"None"},"Serialization":{"CanLoad":true,"CanSave":false},"Tags":["NotReplicated","Deprecated"],"ThreadSafety":"ReadSafe","ValueType":{"Category":"DataType","Name":"Vector3"}},{"MemberType":"Function","Name":"GetLastForce","Parameters":[],"ReturnType":{"Category":"DataType","Name":"Vector3"},"Security":"None","ThreadSafety":"Unsafe"},{"MemberType":"Function","Name":"lastForce","Parameters":[],"ReturnType":{"Category":"DataType","Name":"Vector3"},"Security":"None","ThreadSafety":"Unsafe"}],"MemoryCategory":"Instances","Name":"BodyVelocity","Superclass":"BodyMover","Tags":["Deprecated"]},{"Members":[{"Category":"Goals","MemberType":"Property","Name":"CartoonFactor","Security":{"Read":"None","Write":"None"},"Serialization":{"CanLoad":true,"CanSave":true},"ThreadSafety":"ReadSafe","ValueType":{"Category":"Primitive","Name":"float"}},{"Category":"Thrust","MemberType":"Property","Name":"MaxSpeed","Security":{"Read":"None","Write":"None"},"Serialization":{"CanLoad":true,"CanSave":true},"ThreadSafety":"ReadSafe","ValueType":{"Category":"Primitive","Name":"float"}},{"Category":"Thrust","MemberType":"Property","Name":"MaxThrust","Security":{"Read":"None","Write":"None"},"Serialization":{"CanLoad":true,"CanSave":true},"ThreadSafety":"ReadSafe","ValueType":{"Category":"Primitive","Name":"float"}},{"Category":"Turn","MemberType":"Property","Name":"MaxTorque","Security":{"Read":"None","Write":"None"},"Serialization":{"CanLoad":true,"CanSave":true},"ThreadSafety":"ReadSafe","ValueType":{"Category":"DataType","Name":"Vector3"}},{"Category":"Goals","MemberType":"Property","Name":"Target","Security":{"Read":"None","Write":"None"},"Serialization":{"CanLoad":true,"CanSave":true},"ThreadSafety":"ReadSafe","ValueType":{"Category":"Class","Name":"BasePart"}},{"Category":"Goals","MemberType":"Property","Name":"TargetOffset","Security":{"Read":"None","Write":"None"},"Serialization":{"CanLoad":true,"CanSave":true},"ThreadSafety":"ReadSafe","ValueType":{"Category":"DataType","Name":"Vector3"}},{"Category":"Goals","MemberType":"Property","Name":"TargetRadius","Security":{"Read":"None","Write":"None"},"Serialization":{"CanLoad":true,"CanSave":true},"ThreadSafety":"ReadSafe","ValueType":{"Category":"Primitive","Name":"float"}},{"Category":"Thrust","MemberType":"Property","Name":"ThrustD","Security":{"Read":"None","Write":"None"},"Serialization":{"CanLoad":true,"CanSave":true},"ThreadSafety":"ReadSafe","ValueType":{"Category":"Primitive","Name":"float"}},{"Category":"Thrust","MemberType":"Property","Name":"ThrustP","Security":{"Read":"None","Write":"None"},"Serialization":{"CanLoad":true,"CanSave":true},"ThreadSafety":"ReadSafe","ValueType":{"Category":"Primitive","Name":"float"}},{"Category":"Turn","MemberType":"Property","Name":"TurnD","Security":{"Read":"None","Write":"None"},"Serialization":{"CanLoad":true,"CanSave":true},"ThreadSafety":"ReadSafe","ValueType":{"Category":"Primitive","Name":"float"}},{"Category":"Turn","MemberType":"Property","Name":"TurnP","Security":{"Read":"None","Write":"None"},"Serialization":{"CanLoad":true,"CanSave":true},"ThreadSafety":"ReadSafe","ValueType":{"Category":"Primitive","Name":"float"}},{"MemberType":"Function","Name":"Abort","Parameters":[],"ReturnType":{"Category":"Primitive","Name":"void"},"Security":"None","ThreadSafety":"Unsafe"},{"MemberType":"Function","Name":"Fire","Parameters":[],"ReturnType":{"Category":"Primitive","Name":"void"},"Security":"None","ThreadSafety":"Unsafe"},{"MemberType":"Function","Name":"fire","Parameters":[],"ReturnType":{"Category":"Primitive","Name":"void"},"Security":"None","Tags":["Deprecated"],"ThreadSafety":"Unsafe"},{"MemberType":"Event","Name":"ReachedTarget","Parameters":[],"Security":"None","ThreadSafety":"Unsafe"}],"MemoryCategory":"Instances","Name":"RocketPropulsion","Superclass":"BodyMover","Tags":["Deprecated"]},{"Members":[{"Category":"Data","MemberType":"Property","Name":"Condition","Security":{"Read":"RobloxScriptSecurity","Write":"RobloxScriptSecurity"},"Serialization":{"CanLoad":false,"CanSave":false},"Tags":["Hidden","NotReplicated"],"ThreadSafety":"ReadSafe","ValueType":{"Category":"Primitive","Name":"string"}},{"Category":"State","MemberType":"Property","Name":"ContinueExecution","Security":{"Read":"RobloxScriptSecurity","Write":"RobloxScriptSecurity"},"Serialization":{"CanLoad":false,"CanSave":false},"Tags":["Hidden","NotReplicated"],"ThreadSafety":"ReadSafe","ValueType":{"Category":"Primitive","Name":"bool"}},{"Category":"State","MemberType":"Property","Name":"Enabled","Security":{"Read":"RobloxScriptSecurity","Write":"RobloxScriptSecurity"},"Serialization":{"CanLoad":false,"CanSave":false},"Tags":["Hidden","NotReplicated"],"ThreadSafety":"ReadSafe","ValueType":{"Category":"Primitive","Name":"bool"}},{"Category":"Data","MemberType":"Property","Name":"Id","Security":{"Read":"RobloxScriptSecurity","Write":"RobloxScriptSecurity"},"Serialization":{"CanLoad":false,"CanSave":false},"Tags":["Hidden","ReadOnly","NotReplicated"],"ThreadSafety":"ReadSafe","ValueType":{"Category":"Primitive","Name":"int"}},{"Category":"Data","MemberType":"Property","Name":"Line","Security":{"Read":"RobloxScriptSecurity","Write":"RobloxScriptSecurity"},"Serialization":{"CanLoad":false,"CanSave":false},"Tags":["Hidden","ReadOnly","NotReplicated"],"ThreadSafety":"ReadSafe","ValueType":{"Category":"Primitive","Name":"int"}},{"Category":"Data","MemberType":"Property","Name":"LogMessage","Security":{"Read":"RobloxScriptSecurity","Write":"RobloxScriptSecurity"},"Serialization":{"CanLoad":false,"CanSave":false},"Tags":["Hidden","NotReplicated"],"ThreadSafety":"ReadSafe","ValueType":{"Category":"Primitive","Name":"string"}},{"Category":"Data","MemberType":"Property","Name":"MetaBreakpointId","Security":{"Read":"RobloxScriptSecurity","Write":"RobloxScriptSecurity"},"Serialization":{"CanLoad":false,"CanSave":false},"Tags":["Hidden","ReadOnly","NotReplicated"],"ThreadSafety":"ReadSafe","ValueType":{"Category":"Primitive","Name":"int"}},{"Category":"Data","MemberType":"Property","Name":"Script","Security":{"Read":"RobloxScriptSecurity","Write":"RobloxScriptSecurity"},"Serialization":{"CanLoad":false,"CanSave":false},"Tags":["Hidden","ReadOnly","NotReplicated"],"ThreadSafety":"ReadSafe","ValueType":{"Category":"Primitive","Name":"string"}},{"Category":"State","MemberType":"Property","Name":"Verified","Security":{"Read":"RobloxScriptSecurity","Write":"RobloxScriptSecurity"},"Serialization":{"CanLoad":false,"CanSave":false},"Tags":["Hidden","ReadOnly","NotReplicated"],"ThreadSafety":"ReadSafe","ValueType":{"Category":"Primitive","Name":"bool"}}],"MemoryCategory":"Instances","Name":"Breakpoint","Superclass":"Instance","Tags":["NotReplicated"]},{"Members":[{"MemberType":"Function","Name":"AddBreakpoint","Parameters":[{"Name":"script","Type":{"Category":"Class","Name":"Instance"}},{"Name":"line","Type":{"Category":"Primitive","Name":"int"}},{"Name":"condition","Type":{"Category":"Class","Name":"Instance"}}],"ReturnType":{"Category":"Class","Name":"Instance"},"Security":"RobloxScriptSecurity","ThreadSafety":"Unsafe"},{"MemberType":"Function","Name":"GetBreakpointById","Parameters":[{"Name":"metaBreakpointId","Type":{"Category":"Primitive","Name":"int"}}],"ReturnType":{"Category":"Class","Name":"MetaBreakpoint"},"Security":"RobloxScriptSecurity","ThreadSafety":"Unsafe"},{"MemberType":"Function","Name":"RemoveBreakpointById","Parameters":[{"Name":"metaBreakpointId","Type":{"Category":"Primitive","Name":"int"}}],"ReturnType":{"Category":"Primitive","Name":"void"},"Security":"RobloxScriptSecurity","ThreadSafety":"Unsafe"},{"MemberType":"Event","Name":"MetaBreakpointAdded","Parameters":[{"Name":"breakpoint","Type":{"Category":"Class","Name":"MetaBreakpoint"}}],"Security":"RobloxScriptSecurity","ThreadSafety":"Unsafe"},{"MemberType":"Event","Name":"MetaBreakpointChanged","Parameters":[{"Name":"breakpoint","Type":{"Category":"Class","Name":"MetaBreakpoint"}}],"Security":"RobloxScriptSecurity","ThreadSafety":"Unsafe"},{"MemberType":"Event","Name":"MetaBreakpointRemoved","Parameters":[{"Name":"breakpoint","Type":{"Category":"Class","Name":"MetaBreakpoint"}}],"Security":"RobloxScriptSecurity","ThreadSafety":"Unsafe"}],"MemoryCategory":"Instances","Name":"BreakpointManager","Superclass":"Instance","Tags":["NotCreatable","Service","NotReplicated"]},{"Members":[{"MemberType":"Function","Name":"CloseBrowserWindow","Parameters":[],"ReturnType":{"Category":"Primitive","Name":"void"},"Security":"RobloxScriptSecurity","ThreadSafety":"Unsafe"},{"MemberType":"Function","Name":"CopyAuthCookieFromBrowserToEngine","Parameters":[],"ReturnType":{"Category":"Primitive","Name":"void"},"Security":"RobloxScriptSecurity","ThreadSafety":"Unsafe"},{"MemberType":"Function","Name":"EmitHybridEvent","Parameters":[{"Name":"moduleName","Type":{"Category":"Primitive","Name":"string"}},{"Name":"eventName","Type":{"Category":"Primitive","Name":"string"}},{"Name":"params","Type":{"Category":"Primitive","Name":"string"}}],"ReturnType":{"Category":"Primitive","Name":"void"},"Security":"RobloxScriptSecurity","ThreadSafety":"Unsafe"},{"MemberType":"Function","Name":"ExecuteJavaScript","Parameters":[{"Name":"javascript","Type":{"Category":"Primitive","Name":"string"}}],"ReturnType":{"Category":"Primitive","Name":"void"},"Security":"RobloxScriptSecurity","ThreadSafety":"Unsafe"},{"MemberType":"Function","Name":"OpenBrowserWindow","Parameters":[{"Name":"url","Type":{"Category":"Primitive","Name":"string"}}],"ReturnType":{"Category":"Primitive","Name":"void"},"Security":"RobloxScriptSecurity","ThreadSafety":"Unsafe"},{"MemberType":"Function","Name":"OpenNativeOverlay","Parameters":[{"Name":"title","Type":{"Category":"Primitive","Name":"string"}},{"Name":"url","Type":{"Category":"Primitive","Name":"string"}}],"ReturnType":{"Category":"Primitive","Name":"void"},"Security":"RobloxScriptSecurity","ThreadSafety":"Unsafe"},{"MemberType":"Function","Name":"OpenWeChatAuthWindow","Parameters":[],"ReturnType":{"Category":"Primitive","Name":"void"},"Security":"RobloxScriptSecurity","ThreadSafety":"Unsafe"},{"MemberType":"Function","Name":"ReturnToJavaScript","Parameters":[{"Name":"callbackId","Type":{"Category":"Primitive","Name":"string"}},{"Name":"success","Type":{"Category":"Primitive","Name":"bool"}},{"Name":"params","Type":{"Category":"Primitive","Name":"string"}}],"ReturnType":{"Category":"Primitive","Name":"void"},"Security":"RobloxScriptSecurity","ThreadSafety":"Unsafe"},{"MemberType":"Function","Name":"SendCommand","Parameters":[{"Name":"command","Type":{"Category":"Primitive","Name":"string"}}],"ReturnType":{"Category":"Primitive","Name":"void"},"Security":"RobloxScriptSecurity","ThreadSafety":"Unsafe"},{"MemberType":"Event","Name":"AuthCookieCopiedToEngine","Parameters":[],"Security":"RobloxScriptSecurity","ThreadSafety":"Unsafe"},{"MemberType":"Event","Name":"BrowserWindowClosed","Parameters":[],"Security":"RobloxScriptSecurity","ThreadSafety":"Unsafe"},{"MemberType":"Event","Name":"BrowserWindowWillNavigate","Parameters":[{"Name":"url","Type":{"Category":"Primitive","Name":"string"}}],"Security":"RobloxScriptSecurity","ThreadSafety":"Unsafe"},{"MemberType":"Event","Name":"JavaScriptCallback","Parameters":[{"Name":"content","Type":{"Category":"Primitive","Name":"string"}}],"Security":"RobloxScriptSecurity","ThreadSafety":"Unsafe"}],"MemoryCategory":"Instances","Name":"BrowserService","Superclass":"Instance","Tags":["NotCreatable","Service","NotReplicated"]},{"Members":[{"MemberType":"Function","Name":"LaunchBulkImport","Parameters":[{"Name":"assetTypeToImport","Type":{"Category":"Primitive","Name":"int"}}],"ReturnType":{"Category":"Primitive","Name":"void"},"Security":"RobloxScriptSecurity","ThreadSafety":"Unsafe"},{"MemberType":"Function","Name":"ShowBulkImportView","Parameters":[],"ReturnType":{"Category":"Primitive","Name":"void"},"Security":"RobloxScriptSecurity","ThreadSafety":"Unsafe"},{"MemberType":"Event","Name":"AssetImported","Parameters":[{"Name":"assetType","Type":{"Category":"Enum","Name":"AssetType"}},{"Name":"name","Type":{"Category":"Primitive","Name":"string"}},{"Name":"id","Type":{"Category":"Primitive","Name":"int64"}}],"Security":"RobloxScriptSecurity","ThreadSafety":"Unsafe"},{"MemberType":"Event","Name":"BulkImportFinished","Parameters":[{"Name":"state","Type":{"Category":"Primitive","Name":"int"}}],"Security":"RobloxScriptSecurity","ThreadSafety":"Unsafe"},{"MemberType":"Event","Name":"BulkImportStarted","Parameters":[],"Security":"RobloxScriptSecurity","ThreadSafety":"Unsafe"}],"MemoryCategory":"Instances","Name":"BulkImportService","Superclass":"Instance","Tags":["NotCreatable","Service","NotReplicated"]},{"Members":[],"MemoryCategory":"Instances","Name":"CacheableContentProvider","Superclass":"Instance","Tags":["NotCreatable","Service","NotReplicated"]},{"Members":[],"MemoryCategory":"Instances","Name":"HSRDataContentProvider","Superclass":"CacheableContentProvider","Tags":["NotCreatable","Service","NotReplicated"]},{"Members":[{"MemberType":"Function","Name":"GetContentMemoryData","Parameters":[],"ReturnType":{"Category":"Group","Name":"Dictionary"},"Security":"RobloxScriptSecurity","ThreadSafety":"Unsafe"}],"MemoryCategory":"Instances","Name":"MeshContentProvider","Superclass":"CacheableContentProvider","Tags":["NotCreatable","Service","NotReplicated"]},{"Members":[],"MemoryCategory":"Instances","Name":"SolidModelContentProvider","Superclass":"CacheableContentProvider","Tags":["NotCreatable","Service","NotReplicated"]},{"Members":[{"MemberType":"Function","Name":"AttachCallout","Parameters":[{"Name":"definitionId","Type":{"Category":"Primitive","Name":"string"}},{"Name":"locationId","Type":{"Category":"Primitive","Name":"string"}},{"Name":"target","Type":{"Category":"Class","Name":"Instance"}}],"ReturnType":{"Category":"Primitive","Name":"void"},"Security":"RobloxScriptSecurity","ThreadSafety":"Unsafe"},{"MemberType":"Function","Name":"DefineCallout","Parameters":[{"Name":"definitionId","Type":{"Category":"Primitive","Name":"string"}},{"Name":"title","Type":{"Category":"Primitive","Name":"string"}},{"Name":"description","Type":{"Category":"Primitive","Name":"string"}},{"Name":"learnMoreURL","Type":{"Category":"Primitive","Name":"string"}}],"ReturnType":{"Category":"Primitive","Name":"void"},"Security":"RobloxScriptSecurity","ThreadSafety":"Unsafe"},{"MemberType":"Function","Name":"DetachCalloutsByDefinitionId","Parameters":[{"Name":"definitionId","Type":{"Category":"Primitive","Name":"string"}}],"ReturnType":{"Category":"Primitive","Name":"void"},"Security":"RobloxScriptSecurity","ThreadSafety":"Unsafe"}],"MemoryCategory":"Instances","Name":"CalloutService","Superclass":"Instance","Tags":["NotCreatable","Service","NotReplicated"]},{"Members":[{"Category":"Data","MemberType":"Property","Name":"CFrame","Security":{"Read":"None","Write":"None"},"Serialization":{"CanLoad":true,"CanSave":true},"ThreadSafety":"ReadSafe","ValueType":{"Category":"DataType","Name":"CFrame"}},{"Category":"Camera","MemberType":"Property","Name":"CameraSubject","Security":{"Read":"None","Write":"None"},"Serialization":{"CanLoad":true,"CanSave":true},"ThreadSafety":"ReadSafe","ValueType":{"Category":"Class","Name":"Instance"}},{"Category":"Camera","MemberType":"Property","Name":"CameraType","Security":{"Read":"None","Write":"None"},"Serialization":{"CanLoad":true,"CanSave":true},"ThreadSafety":"ReadSafe","ValueType":{"Category":"Enum","Name":"CameraType"}},{"Category":"Data","MemberType":"Property","Name":"CoordinateFrame","Security":{"Read":"None","Write":"None"},"Serialization":{"CanLoad":true,"CanSave":false},"Tags":["Hidden","NotReplicated","Deprecated"],"ThreadSafety":"ReadSafe","ValueType":{"Category":"DataType","Name":"CFrame"}},{"Category":"Camera","MemberType":"Property","Name":"DiagonalFieldOfView","Security":{"Read":"None","Write":"None"},"Serialization":{"CanLoad":false,"CanSave":false},"Tags":["NotReplicated"],"ThreadSafety":"ReadSafe","ValueType":{"Category":"Primitive","Name":"float"}},{"Category":"Camera","MemberType":"Property","Name":"FieldOfView","Security":{"Read":"None","Write":"None"},"Serialization":{"CanLoad":true,"CanSave":true},"ThreadSafety":"ReadSafe","ValueType":{"Category":"Primitive","Name":"float"}},{"Category":"Camera","MemberType":"Property","Name":"FieldOfViewMode","Security":{"Read":"None","Write":"None"},"Serialization":{"CanLoad":true,"CanSave":true},"ThreadSafety":"ReadSafe","ValueType":{"Category":"Enum","Name":"FieldOfViewMode"}},{"Category":"Data","MemberType":"Property","Name":"Focus","Security":{"Read":"None","Write":"None"},"Serialization":{"CanLoad":true,"CanSave":true},"ThreadSafety":"ReadSafe","ValueType":{"Category":"DataType","Name":"CFrame"}},{"Category":"Data","MemberType":"Property","Name":"HeadLocked","Security":{"Read":"None","Write":"None"},"Serialization":{"CanLoad":true,"CanSave":true},"ThreadSafety":"ReadSafe","ValueType":{"Category":"Primitive","Name":"bool"}},{"Category":"Data","MemberType":"Property","Name":"HeadScale","Security":{"Read":"None","Write":"None"},"Serialization":{"CanLoad":true,"CanSave":true},"ThreadSafety":"ReadSafe","ValueType":{"Category":"Primitive","Name":"float"}},{"Category":"Camera","MemberType":"Property","Name":"MaxAxisFieldOfView","Security":{"Read":"None","Write":"None"},"Serialization":{"CanLoad":false,"CanSave":false},"Tags":["NotReplicated"],"ThreadSafety":"ReadSafe","ValueType":{"Category":"Primitive","Name":"float"}},{"Category":"Data","MemberType":"Property","Name":"NearPlaneZ","Security":{"Read":"None","Write":"None"},"Serialization":{"CanLoad":false,"CanSave":true},"Tags":["ReadOnly","NotReplicated"],"ThreadSafety":"ReadSafe","ValueType":{"Category":"Primitive","Name":"float"}},{"Category":"Data","MemberType":"Property","Name":"ViewportSize","Security":{"Read":"None","Write":"None"},"Serialization":{"CanLoad":false,"CanSave":true},"Tags":["ReadOnly","NotReplicated"],"ThreadSafety":"ReadSafe","ValueType":{"Category":"DataType","Name":"Vector2"}},{"Category":"Data","MemberType":"Property","Name":"focus","Security":{"Read":"None","Write":"None"},"Serialization":{"CanLoad":true,"CanSave":false},"Tags":["NotReplicated","Deprecated"],"ThreadSafety":"ReadSafe","ValueType":{"Category":"DataType","Name":"CFrame"}},{"MemberType":"Function","Name":"GetLargestCutoffDistance","Parameters":[{"Name":"ignoreList","Type":{"Category":"DataType","Name":"Objects"}}],"ReturnType":{"Category":"Primitive","Name":"float"},"Security":"None","Tags":["Deprecated"],"ThreadSafety":"Unsafe"},{"MemberType":"Function","Name":"GetPanSpeed","Parameters":[],"ReturnType":{"Category":"Primitive","Name":"float"},"Security":"None","ThreadSafety":"Unsafe"},{"MemberType":"Function","Name":"GetPartsObscuringTarget","Parameters":[{"Name":"castPoints","Type":{"Category":"Group","Name":"Array"}},{"Name":"ignoreList","Type":{"Category":"DataType","Name":"Objects"}}],"ReturnType":{"Category":"DataType","Name":"Objects"},"Security":"None","ThreadSafety":"Unsafe"},{"MemberType":"Function","Name":"GetRenderCFrame","Parameters":[],"ReturnType":{"Category":"DataType","Name":"CFrame"},"Security":"None","ThreadSafety":"Unsafe"},{"MemberType":"Function","Name":"GetRoll","Parameters":[],"ReturnType":{"Category":"Primitive","Name":"float"},"Security":"None","ThreadSafety":"Unsafe"},{"MemberType":"Function","Name":"GetTiltSpeed","Parameters":[],"ReturnType":{"Category":"Primitive","Name":"float"},"Security":"None","ThreadSafety":"Unsafe"},{"MemberType":"Function","Name":"Interpolate","Parameters":[{"Name":"endPos","Type":{"Category":"DataType","Name":"CFrame"}},{"Name":"endFocus","Type":{"Category":"DataType","Name":"CFrame"}},{"Name":"duration","Type":{"Category":"Primitive","Name":"float"}}],"ReturnType":{"Category":"Primitive","Name":"void"},"Security":"None","Tags":["Deprecated"],"ThreadSafety":"Unsafe"},{"MemberType":"Function","Name":"PanUnits","Parameters":[{"Name":"units","Type":{"Category":"Primitive","Name":"int"}}],"ReturnType":{"Category":"Primitive","Name":"void"},"Security":"None","Tags":["Deprecated"],"ThreadSafety":"Unsafe"},{"MemberType":"Function","Name":"ScreenPointToRay","Parameters":[{"Name":"x","Type":{"Category":"Primitive","Name":"float"}},{"Name":"y","Type":{"Category":"Primitive","Name":"float"}},{"Default":"0","Name":"depth","Type":{"Category":"Primitive","Name":"float"}}],"ReturnType":{"Category":"DataType","Name":"Ray"},"Security":"None","ThreadSafety":"Safe"},{"MemberType":"Function","Name":"SetCameraPanMode","Parameters":[{"Default":"Classic","Name":"mode","Type":{"Category":"Enum","Name":"CameraPanMode"}}],"ReturnType":{"Category":"Primitive","Name":"void"},"Security":"None","ThreadSafety":"Unsafe"},{"MemberType":"Function","Name":"SetImageServerView","Parameters":[{"Name":"modelCoord","Type":{"Category":"DataType","Name":"CFrame"}}],"ReturnType":{"Category":"Primitive","Name":"void"},"Security":"RobloxScriptSecurity","ThreadSafety":"Unsafe"},{"MemberType":"Function","Name":"SetRoll","Parameters":[{"Name":"rollAngle","Type":{"Category":"Primitive","Name":"float"}}],"ReturnType":{"Category":"Primitive","Name":"void"},"Security":"None","ThreadSafety":"Unsafe"},{"MemberType":"Function","Name":"TiltUnits","Parameters":[{"Name":"units","Type":{"Category":"Primitive","Name":"int"}}],"ReturnType":{"Category":"Primitive","Name":"bool"},"Security":"None","Tags":["Deprecated"],"ThreadSafety":"Unsafe"},{"MemberType":"Function","Name":"ViewportPointToRay","Parameters":[{"Name":"x","Type":{"Category":"Primitive","Name":"float"}},{"Name":"y","Type":{"Category":"Primitive","Name":"float"}},{"Default":"0","Name":"depth","Type":{"Category":"Primitive","Name":"float"}}],"ReturnType":{"Category":"DataType","Name":"Ray"},"Security":"None","ThreadSafety":"Safe"},{"MemberType":"Function","Name":"WorldToScreenPoint","Parameters":[{"Name":"worldPoint","Type":{"Category":"DataType","Name":"Vector3"}}],"ReturnType":{"Category":"Group","Name":"Tuple"},"Security":"None","ThreadSafety":"Safe"},{"MemberType":"Function","Name":"WorldToViewportPoint","Parameters":[{"Name":"worldPoint","Type":{"Category":"DataType","Name":"Vector3"}}],"ReturnType":{"Category":"Group","Name":"Tuple"},"Security":"None","ThreadSafety":"Safe"},{"MemberType":"Function","Name":"Zoom","Parameters":[{"Name":"distance","Type":{"Category":"Primitive","Name":"float"}}],"ReturnType":{"Category":"Primitive","Name":"bool"},"Security":"RobloxScriptSecurity","ThreadSafety":"Unsafe"},{"MemberType":"Event","Name":"FirstPersonTransition","Parameters":[{"Name":"entering","Type":{"Category":"Primitive","Name":"bool"}}],"Security":"LocalUserSecurity","ThreadSafety":"Unsafe"},{"MemberType":"Event","Name":"InterpolationFinished","Parameters":[],"Security":"None","ThreadSafety":"Unsafe"}],"MemoryCategory":"Instances","Name":"Camera","Superclass":"Instance","Tags":["NotReplicated"]},{"Members":[{"MemberType":"Function","Name":"GetCanRedo","Parameters":[],"ReturnType":{"Category":"Group","Name":"Tuple"},"Security":"PluginSecurity","ThreadSafety":"Unsafe"},{"MemberType":"Function","Name":"GetCanUndo","Parameters":[],"ReturnType":{"Category":"Group","Name":"Tuple"},"Security":"PluginSecurity","ThreadSafety":"Unsafe"},{"MemberType":"Function","Name":"Redo","Parameters":[],"ReturnType":{"Category":"Primitive","Name":"void"},"Security":"PluginSecurity","ThreadSafety":"Unsafe"},{"MemberType":"Function","Name":"ResetWaypoints","Parameters":[],"ReturnType":{"Category":"Primitive","Name":"void"},"Security":"PluginSecurity","ThreadSafety":"Unsafe"},{"MemberType":"Function","Name":"SetEnabled","Parameters":[{"Name":"state","Type":{"Category":"Primitive","Name":"bool"}}],"ReturnType":{"Category":"Primitive","Name":"void"},"Security":"PluginSecurity","ThreadSafety":"Unsafe"},{"MemberType":"Function","Name":"SetWaypoint","Parameters":[{"Name":"name","Type":{"Category":"Primitive","Name":"string"}}],"ReturnType":{"Category":"Primitive","Name":"void"},"Security":"PluginSecurity","ThreadSafety":"Unsafe"},{"MemberType":"Function","Name":"Undo","Parameters":[],"ReturnType":{"Category":"Primitive","Name":"void"},"Security":"PluginSecurity","ThreadSafety":"Unsafe"},{"MemberType":"Event","Name":"OnRedo","Parameters":[{"Name":"waypoint","Type":{"Category":"Primitive","Name":"string"}}],"Security":"PluginSecurity","ThreadSafety":"Unsafe"},{"MemberType":"Event","Name":"OnUndo","Parameters":[{"Name":"waypoint","Type":{"Category":"Primitive","Name":"string"}}],"Security":"PluginSecurity","ThreadSafety":"Unsafe"}],"MemoryCategory":"Instances","Name":"ChangeHistoryService","Superclass":"Instance","Tags":["NotCreatable","Service"]},{"Members":[],"MemoryCategory":"Instances","Name":"CharacterAppearance","Superclass":"Instance","Tags":["NotCreatable"]},{"Members":[{"Category":"Appearance","MemberType":"Property","Name":"HeadColor","Security":{"Read":"None","Write":"None"},"Serialization":{"CanLoad":true,"CanSave":false},"ThreadSafety":"ReadSafe","ValueType":{"Category":"DataType","Name":"BrickColor"}},{"Category":"Appearance","MemberType":"Property","Name":"HeadColor3","Security":{"Read":"None","Write":"None"},"Serialization":{"CanLoad":true,"CanSave":true},"ThreadSafety":"ReadSafe","ValueType":{"Category":"DataType","Name":"Color3"}},{"Category":"Appearance","MemberType":"Property","Name":"LeftArmColor","Security":{"Read":"None","Write":"None"},"Serialization":{"CanLoad":true,"CanSave":false},"ThreadSafety":"ReadSafe","ValueType":{"Category":"DataType","Name":"BrickColor"}},{"Category":"Appearance","MemberType":"Property","Name":"LeftArmColor3","Security":{"Read":"None","Write":"None"},"Serialization":{"CanLoad":true,"CanSave":true},"ThreadSafety":"ReadSafe","ValueType":{"Category":"DataType","Name":"Color3"}},{"Category":"Appearance","MemberType":"Property","Name":"LeftLegColor","Security":{"Read":"None","Write":"None"},"Serialization":{"CanLoad":true,"CanSave":false},"ThreadSafety":"ReadSafe","ValueType":{"Category":"DataType","Name":"BrickColor"}},{"Category":"Appearance","MemberType":"Property","Name":"LeftLegColor3","Security":{"Read":"None","Write":"None"},"Serialization":{"CanLoad":true,"CanSave":true},"ThreadSafety":"ReadSafe","ValueType":{"Category":"DataType","Name":"Color3"}},{"Category":"Appearance","MemberType":"Property","Name":"RightArmColor","Security":{"Read":"None","Write":"None"},"Serialization":{"CanLoad":true,"CanSave":false},"ThreadSafety":"ReadSafe","ValueType":{"Category":"DataType","Name":"BrickColor"}},{"Category":"Appearance","MemberType":"Property","Name":"RightArmColor3","Security":{"Read":"None","Write":"None"},"Serialization":{"CanLoad":true,"CanSave":true},"ThreadSafety":"ReadSafe","ValueType":{"Category":"DataType","Name":"Color3"}},{"Category":"Appearance","MemberType":"Property","Name":"RightLegColor","Security":{"Read":"None","Write":"None"},"Serialization":{"CanLoad":true,"CanSave":false},"ThreadSafety":"ReadSafe","ValueType":{"Category":"DataType","Name":"BrickColor"}},{"Category":"Appearance","MemberType":"Property","Name":"RightLegColor3","Security":{"Read":"None","Write":"None"},"Serialization":{"CanLoad":true,"CanSave":true},"ThreadSafety":"ReadSafe","ValueType":{"Category":"DataType","Name":"Color3"}},{"Category":"Appearance","MemberType":"Property","Name":"TorsoColor","Security":{"Read":"None","Write":"None"},"Serialization":{"CanLoad":true,"CanSave":false},"ThreadSafety":"ReadSafe","ValueType":{"Category":"DataType","Name":"BrickColor"}},{"Category":"Appearance","MemberType":"Property","Name":"TorsoColor3","Security":{"Read":"None","Write":"None"},"Serialization":{"CanLoad":true,"CanSave":true},"ThreadSafety":"ReadSafe","ValueType":{"Category":"DataType","Name":"Color3"}}],"MemoryCategory":"Instances","Name":"BodyColors","Superclass":"CharacterAppearance"},{"Members":[{"Category":"Data","MemberType":"Property","Name":"BaseTextureId","Security":{"Read":"None","Write":"None"},"Serialization":{"CanLoad":true,"CanSave":true},"ThreadSafety":"ReadSafe","ValueType":{"Category":"Primitive","Name":"int64"}},{"Category":"Data","MemberType":"Property","Name":"BodyPart","Security":{"Read":"None","Write":"None"},"Serialization":{"CanLoad":true,"CanSave":true},"ThreadSafety":"ReadSafe","ValueType":{"Category":"Enum","Name":"BodyPart"}},{"Category":"Data","MemberType":"Property","Name":"MeshId","Security":{"Read":"None","Write":"None"},"Serialization":{"CanLoad":true,"CanSave":true},"ThreadSafety":"ReadSafe","ValueType":{"Category":"Primitive","Name":"int64"}},{"Category":"Data","MemberType":"Property","Name":"OverlayTextureId","Security":{"Read":"None","Write":"None"},"Serialization":{"CanLoad":true,"CanSave":true},"ThreadSafety":"ReadSafe","ValueType":{"Category":"Primitive","Name":"int64"}}],"MemoryCategory":"Instances","Name":"CharacterMesh","Superclass":"CharacterAppearance"},{"Members":[{"Category":"Appearance","MemberType":"Property","Name":"Color3","Security":{"Read":"None","Write":"None"},"Serialization":{"CanLoad":true,"CanSave":true},"ThreadSafety":"ReadSafe","ValueType":{"Category":"DataType","Name":"Color3"}}],"MemoryCategory":"Instances","Name":"Clothing","Superclass":"CharacterAppearance","Tags":["NotCreatable"]},{"Members":[{"Category":"Appearance","MemberType":"Property","Name":"PantsTemplate","Security":{"Read":"None","Write":"None"},"Serialization":{"CanLoad":true,"CanSave":true},"ThreadSafety":"ReadSafe","ValueType":{"Category":"DataType","Name":"Content"}}],"MemoryCategory":"Instances","Name":"Pants","Superclass":"Clothing"},{"Members":[{"Category":"Appearance","MemberType":"Property","Name":"ShirtTemplate","Security":{"Read":"None","Write":"None"},"Serialization":{"CanLoad":true,"CanSave":true},"ThreadSafety":"ReadSafe","ValueType":{"Category":"DataType","Name":"Content"}}],"MemoryCategory":"Instances","Name":"Shirt","Superclass":"Clothing"},{"Members":[{"Category":"Appearance","MemberType":"Property","Name":"Color3","Security":{"Read":"None","Write":"None"},"Serialization":{"CanLoad":true,"CanSave":true},"ThreadSafety":"ReadSafe","ValueType":{"Category":"DataType","Name":"Color3"}},{"Category":"Appearance","MemberType":"Property","Name":"Graphic","Security":{"Read":"None","Write":"None"},"Serialization":{"CanLoad":true,"CanSave":true},"ThreadSafety":"ReadSafe","ValueType":{"Category":"DataType","Name":"Content"}}],"MemoryCategory":"Instances","Name":"ShirtGraphic","Superclass":"CharacterAppearance"},{"Members":[{"Category":"Appearance","MemberType":"Property","Name":"SkinColor","Security":{"Read":"None","Write":"None"},"Serialization":{"CanLoad":true,"CanSave":true},"ThreadSafety":"ReadSafe","ValueType":{"Category":"DataType","Name":"BrickColor"}}],"MemoryCategory":"Instances","Name":"Skin","Superclass":"CharacterAppearance","Tags":["Deprecated"]},{"Members":[{"Category":"Behavior","MemberType":"Property","Name":"BubbleChatEnabled","Security":{"Read":"None","Write":"None"},"Serialization":{"CanLoad":true,"CanSave":true},"ThreadSafety":"ReadSafe","ValueType":{"Category":"Primitive","Name":"bool"}},{"Category":"Behavior","MemberType":"Property","Name":"LoadDefaultChat","Security":{"Read":"None","Write":"NotAccessibleSecurity"},"Serialization":{"CanLoad":true,"CanSave":true},"ThreadSafety":"ReadSafe","ValueType":{"Category":"Primitive","Name":"bool"}},{"MemberType":"Function","Name":"Chat","Parameters":[{"Name":"partOrCharacter","Type":{"Category":"Class","Name":"Instance"}},{"Name":"message","Type":{"Category":"Primitive","Name":"string"}},{"Default":"Blue","Name":"color","Type":{"Category":"Enum","Name":"ChatColor"}}],"ReturnType":{"Category":"Primitive","Name":"void"},"Security":"None","ThreadSafety":"Unsafe"},{"MemberType":"Function","Name":"ChatLocal","Parameters":[{"Name":"partOrCharacter","Type":{"Category":"Class","Name":"Instance"}},{"Name":"message","Type":{"Category":"Primitive","Name":"string"}},{"Default":"Blue","Name":"color","Type":{"Category":"Enum","Name":"ChatColor"}}],"ReturnType":{"Category":"Primitive","Name":"void"},"Security":"RobloxScriptSecurity","ThreadSafety":"Unsafe"},{"MemberType":"Function","Name":"GetShouldUseLuaChat","Parameters":[],"ReturnType":{"Category":"Primitive","Name":"bool"},"Security":"RobloxScriptSecurity","ThreadSafety":"Unsafe"},{"MemberType":"Function","Name":"InvokeChatCallback","Parameters":[{"Name":"callbackType","Type":{"Category":"Enum","Name":"ChatCallbackType"}},{"Name":"callbackArguments","Type":{"Category":"Group","Name":"Tuple"}}],"ReturnType":{"Category":"Group","Name":"Tuple"},"Security":"None","ThreadSafety":"Unsafe"},{"MemberType":"Function","Name":"RegisterChatCallback","Parameters":[{"Name":"callbackType","Type":{"Category":"Enum","Name":"ChatCallbackType"}},{"Name":"callbackFunction","Type":{"Category":"DataType","Name":"Function"}}],"ReturnType":{"Category":"Primitive","Name":"void"},"Security":"None","ThreadSafety":"Unsafe"},{"MemberType":"Function","Name":"SetBubbleChatSettings","Parameters":[{"Name":"settings","Type":{"Category":"Group","Name":"Variant"}}],"ReturnType":{"Category":"Primitive","Name":"void"},"Security":"None","ThreadSafety":"Unsafe"},{"MemberType":"Function","Name":"CanUserChatAsync","Parameters":[{"Name":"userId","Type":{"Category":"Primitive","Name":"int64"}}],"ReturnType":{"Category":"Primitive","Name":"bool"},"Security":"None","Tags":["Yields"],"ThreadSafety":"Unsafe"},{"MemberType":"Function","Name":"CanUsersChatAsync","Parameters":[{"Name":"userIdFrom","Type":{"Category":"Primitive","Name":"int64"}},{"Name":"userIdTo","Type":{"Category":"Primitive","Name":"int64"}}],"ReturnType":{"Category":"Primitive","Name":"bool"},"Security":"None","Tags":["Yields"],"ThreadSafety":"Unsafe"},{"MemberType":"Function","Name":"FilterStringAsync","Parameters":[{"Name":"stringToFilter","Type":{"Category":"Primitive","Name":"string"}},{"Name":"playerFrom","Type":{"Category":"Class","Name":"Player"}},{"Name":"playerTo","Type":{"Category":"Class","Name":"Player"}}],"ReturnType":{"Category":"Primitive","Name":"string"},"Security":"None","Tags":["Yields"],"ThreadSafety":"Unsafe"},{"MemberType":"Function","Name":"FilterStringForBroadcast","Parameters":[{"Name":"stringToFilter","Type":{"Category":"Primitive","Name":"string"}},{"Name":"playerFrom","Type":{"Category":"Class","Name":"Player"}}],"ReturnType":{"Category":"Primitive","Name":"string"},"Security":"None","Tags":["Yields"],"ThreadSafety":"Unsafe"},{"MemberType":"Function","Name":"FilterStringForPlayerAsync","Parameters":[{"Name":"stringToFilter","Type":{"Category":"Primitive","Name":"string"}},{"Name":"playerToFilterFor","Type":{"Category":"Class","Name":"Player"}}],"ReturnType":{"Category":"Primitive","Name":"string"},"Security":"None","Tags":["Yields","Deprecated"],"ThreadSafety":"Unsafe"},{"MemberType":"Event","Name":"BubbleChatSettingsChanged","Parameters":[{"Name":"settings","Type":{"Category":"Group","Name":"Variant"}}],"Security":"RobloxScriptSecurity","ThreadSafety":"Unsafe"},{"MemberType":"Event","Name":"Chatted","Parameters":[{"Name":"part","Type":{"Category":"Class","Name":"Instance"}},{"Name":"message","Type":{"Category":"Primitive","Name":"string"}},{"Name":"color","Type":{"Category":"Enum","Name":"ChatColor"}}],"Security":"None","ThreadSafety":"Unsafe"}],"MemoryCategory":"Instances","Name":"Chat","Superclass":"Instance","Tags":["NotCreatable","Service","NotReplicated"]},{"Members":[{"Category":"Image","MemberType":"Property","Name":"CursorIcon","Security":{"Read":"None","Write":"None"},"Serialization":{"CanLoad":true,"CanSave":true},"ThreadSafety":"ReadSafe","ValueType":{"Category":"DataType","Name":"Content"}},{"Category":"Data","MemberType":"Property","Name":"MaxActivationDistance","Security":{"Read":"None","Write":"None"},"Serialization":{"CanLoad":true,"CanSave":true},"ThreadSafety":"ReadSafe","ValueType":{"Category":"Primitive","Name":"float"}},{"MemberType":"Event","Name":"MouseClick","Parameters":[{"Name":"playerWhoClicked","Type":{"Category":"Class","Name":"Player"}}],"Security":"None","ThreadSafety":"Unsafe"},{"MemberType":"Event","Name":"MouseHoverEnter","Parameters":[{"Name":"playerWhoHovered","Type":{"Category":"Class","Name":"Player"}}],"Security":"None","ThreadSafety":"Unsafe"},{"MemberType":"Event","Name":"MouseHoverLeave","Parameters":[{"Name":"playerWhoHovered","Type":{"Category":"Class","Name":"Player"}}],"Security":"None","ThreadSafety":"Unsafe"},{"MemberType":"Event","Name":"RightMouseClick","Parameters":[{"Name":"playerWhoClicked","Type":{"Category":"Class","Name":"Player"}}],"Security":"None","ThreadSafety":"Unsafe"},{"MemberType":"Event","Name":"mouseClick","Parameters":[{"Name":"playerWhoClicked","Type":{"Category":"Class","Name":"Player"}}],"Security":"None","Tags":["Deprecated"],"ThreadSafety":"Unsafe"}],"MemoryCategory":"Instances","Name":"ClickDetector","Superclass":"Instance"},{"Members":[{"Category":"State","MemberType":"Property","Name":"Color","Security":{"Read":"None","Write":"None"},"Serialization":{"CanLoad":true,"CanSave":true},"ThreadSafety":"ReadSafe","ValueType":{"Category":"DataType","Name":"Color3"}},{"Category":"Appearance","MemberType":"Property","Name":"Cover","Security":{"Read":"None","Write":"None"},"Serialization":{"CanLoad":true,"CanSave":true},"ThreadSafety":"ReadSafe","ValueType":{"Category":"Primitive","Name":"float"}},{"Category":"Appearance","MemberType":"Property","Name":"Density","Security":{"Read":"None","Write":"None"},"Serialization":{"CanLoad":true,"CanSave":true},"ThreadSafety":"ReadSafe","ValueType":{"Category":"Primitive","Name":"float"}},{"Category":"State","MemberType":"Property","Name":"Enabled","Security":{"Read":"None","Write":"None"},"Serialization":{"CanLoad":true,"CanSave":true},"ThreadSafety":"ReadSafe","ValueType":{"Category":"Primitive","Name":"bool"}}],"MemoryCategory":"Instances","Name":"Clouds","Superclass":"Instance"},{"Members":[],"MemoryCategory":"Instances","Name":"ClusterPacketCache","Superclass":"Instance","Tags":["NotCreatable","Service","NotReplicated"]},{"Members":[{"MemberType":"Function","Name":"AddTag","Parameters":[{"Name":"instance","Type":{"Category":"Class","Name":"Instance"}},{"Name":"tag","Type":{"Category":"Primitive","Name":"string"}}],"ReturnType":{"Category":"Primitive","Name":"void"},"Security":"None","ThreadSafety":"Unsafe"},{"MemberType":"Function","Name":"GetAllTags","Parameters":[],"ReturnType":{"Category":"Group","Name":"Array"},"Security":"None","ThreadSafety":"Safe"},{"MemberType":"Function","Name":"GetCollection","Parameters":[{"Name":"class","Type":{"Category":"Primitive","Name":"string"}}],"ReturnType":{"Category":"DataType","Name":"Objects"},"Security":"None","Tags":["Deprecated"],"ThreadSafety":"Unsafe"},{"MemberType":"Function","Name":"GetInstanceAddedSignal","Parameters":[{"Name":"tag","Type":{"Category":"Primitive","Name":"string"}}],"ReturnType":{"Category":"DataType","Name":"RBXScriptSignal"},"Security":"None","ThreadSafety":"Unsafe"},{"MemberType":"Function","Name":"GetInstanceRemovedSignal","Parameters":[{"Name":"tag","Type":{"Category":"Primitive","Name":"string"}}],"ReturnType":{"Category":"DataType","Name":"RBXScriptSignal"},"Security":"None","ThreadSafety":"Unsafe"},{"MemberType":"Function","Name":"GetTagged","Parameters":[{"Name":"tag","Type":{"Category":"Primitive","Name":"string"}}],"ReturnType":{"Category":"DataType","Name":"Objects"},"Security":"None","ThreadSafety":"Safe"},{"MemberType":"Function","Name":"GetTags","Parameters":[{"Name":"instance","Type":{"Category":"Class","Name":"Instance"}}],"ReturnType":{"Category":"Group","Name":"Array"},"Security":"None","ThreadSafety":"Safe"},{"MemberType":"Function","Name":"HasTag","Parameters":[{"Name":"instance","Type":{"Category":"Class","Name":"Instance"}},{"Name":"tag","Type":{"Category":"Primitive","Name":"string"}}],"ReturnType":{"Category":"Primitive","Name":"bool"},"Security":"None","ThreadSafety":"Safe"},{"MemberType":"Function","Name":"RemoveTag","Parameters":[{"Name":"instance","Type":{"Category":"Class","Name":"Instance"}},{"Name":"tag","Type":{"Category":"Primitive","Name":"string"}}],"ReturnType":{"Category":"Primitive","Name":"void"},"Security":"None","ThreadSafety":"Unsafe"},{"MemberType":"Event","Name":"ItemAdded","Parameters":[{"Name":"instance","Type":{"Category":"Class","Name":"Instance"}}],"Security":"None","Tags":["Deprecated"],"ThreadSafety":"Unsafe"},{"MemberType":"Event","Name":"ItemRemoved","Parameters":[{"Name":"instance","Type":{"Category":"Class","Name":"Instance"}}],"Security":"None","Tags":["Deprecated"],"ThreadSafety":"Unsafe"},{"MemberType":"Event","Name":"TagAdded","Parameters":[{"Name":"tag","Type":{"Category":"Primitive","Name":"string"}}],"Security":"None","ThreadSafety":"Unsafe"},{"MemberType":"Event","Name":"TagRemoved","Parameters":[{"Name":"tag","Type":{"Category":"Primitive","Name":"string"}}],"Security":"None","ThreadSafety":"Unsafe"}],"MemoryCategory":"Instances","Name":"CollectionService","Superclass":"Instance","Tags":["NotCreatable","Service"]},{"Members":[{"Category":"Data","MemberType":"Property","Name":"AllowGUIAccessPoints","Security":{"Read":"None","Write":"None"},"Serialization":{"CanLoad":false,"CanSave":false},"Tags":["ReadOnly","NotReplicated"],"ThreadSafety":"ReadSafe","ValueType":{"Category":"Primitive","Name":"bool"}},{"Category":"Data","MemberType":"Property","Name":"Checked","Security":{"Read":"RobloxScriptSecurity","Write":"RobloxScriptSecurity"},"Serialization":{"CanLoad":true,"CanSave":false},"Tags":["NotReplicated"],"ThreadSafety":"ReadSafe","ValueType":{"Category":"Primitive","Name":"bool"}},{"Category":"Data","MemberType":"Property","Name":"DefaultShortcut","Security":{"Read":"RobloxScriptSecurity","Write":"RobloxScriptSecurity"},"Serialization":{"CanLoad":false,"CanSave":false},"Tags":["ReadOnly","NotReplicated"],"ThreadSafety":"ReadSafe","ValueType":{"Category":"Primitive","Name":"string"}},{"Category":"Data","MemberType":"Property","Name":"DisplayName","Security":{"Read":"None","Write":"None"},"Serialization":{"CanLoad":true,"CanSave":false},"Tags":["NotReplicated"],"ThreadSafety":"ReadSafe","ValueType":{"Category":"Primitive","Name":"string"}},{"Category":"Data","MemberType":"Property","Name":"Enabled","Security":{"Read":"RobloxScriptSecurity","Write":"RobloxScriptSecurity"},"Serialization":{"CanLoad":true,"CanSave":false},"Tags":["NotReplicated"],"ThreadSafety":"ReadSafe","ValueType":{"Category":"Primitive","Name":"bool"}},{"Category":"Data","MemberType":"Property","Name":"Icon","Security":{"Read":"RobloxScriptSecurity","Write":"RobloxScriptSecurity"},"Serialization":{"CanLoad":true,"CanSave":false},"Tags":["NotReplicated"],"ThreadSafety":"ReadSafe","ValueType":{"Category":"Primitive","Name":"string"}},{"Category":"Data","MemberType":"Property","Name":"Name","Security":{"Read":"None","Write":"None"},"Serialization":{"CanLoad":false,"CanSave":false},"Tags":["ReadOnly","NotReplicated"],"ThreadSafety":"ReadSafe","ValueType":{"Category":"Primitive","Name":"string"}},{"Category":"Data","MemberType":"Property","Name":"Permission","Security":{"Read":"RobloxScriptSecurity","Write":"RobloxScriptSecurity"},"Serialization":{"CanLoad":false,"CanSave":false},"Tags":["ReadOnly","NotReplicated"],"ThreadSafety":"ReadSafe","ValueType":{"Category":"Enum","Name":"CommandPermission"}},{"Category":"Data","MemberType":"Property","Name":"StatusTip","Security":{"Read":"RobloxScriptSecurity","Write":"RobloxScriptSecurity"},"Serialization":{"CanLoad":true,"CanSave":false},"Tags":["NotReplicated"],"ThreadSafety":"ReadSafe","ValueType":{"Category":"Primitive","Name":"string"}},{"MemberType":"Function","Name":"EnableGuiAccess","Parameters":[{"Name":"displayName","Type":{"Category":"Primitive","Name":"string"}},{"Name":"statusTip","Type":{"Category":"Primitive","Name":"string"}},{"Name":"defaultShortcut","Type":{"Category":"Primitive","Name":"string"}}],"ReturnType":{"Category":"Primitive","Name":"void"},"Security":"RobloxScriptSecurity","ThreadSafety":"Unsafe"},{"MemberType":"Function","Name":"RegisterExecutionCallback","Parameters":[{"Name":"callbackFunction","Type":{"Category":"DataType","Name":"Function"}}],"ReturnType":{"Category":"Primitive","Name":"void"},"Security":"RobloxScriptSecurity","ThreadSafety":"Unsafe"}],"MemoryCategory":"Instances","Name":"CommandInstance","Superclass":"Instance","Tags":["NotCreatable","NotReplicated"]},{"Members":[{"MemberType":"Function","Name":"Execute","Parameters":[{"Name":"name","Type":{"Category":"Primitive","Name":"string"}},{"Name":"params","Type":{"Category":"Group","Name":"Variant"}}],"ReturnType":{"Category":"Group","Name":"Variant"},"Security":"RobloxScriptSecurity","Tags":["Yields"],"ThreadSafety":"Unsafe"},{"MemberType":"Function","Name":"RegisterCommand","Parameters":[{"Name":"plugin","Type":{"Category":"Class","Name":"Plugin"}},{"Name":"name","Type":{"Category":"Primitive","Name":"string"}},{"Name":"context","Type":{"Category":"Primitive","Name":"string"}},{"Default":"LocalUser","Name":"permission","Type":{"Category":"Enum","Name":"CommandPermission"}}],"ReturnType":{"Category":"Class","Name":"CommandInstance"},"Security":"RobloxScriptSecurity","Tags":["Yields"],"ThreadSafety":"Unsafe"},{"MemberType":"Event","Name":"CommandExecuting","Parameters":[{"Name":"name","Type":{"Category":"Primitive","Name":"string"}},{"Name":"params","Type":{"Category":"Group","Name":"Variant"}}],"Security":"RobloxScriptSecurity","ThreadSafety":"Unsafe"}],"MemoryCategory":"Instances","Name":"CommandService","Superclass":"Instance","Tags":["NotCreatable","Service","NotReplicated"]},{"Members":[],"MemoryCategory":"Instances","Name":"Configuration","Superclass":"Instance"},{"Members":[],"MemoryCategory":"Instances","Name":"ConfigureServerService","Superclass":"Instance","Tags":["NotCreatable","Service"]},{"Members":[{"Category":"Behavior","MemberType":"Property","Name":"Active","Security":{"Read":"None","Write":"None"},"Serialization":{"CanLoad":false,"CanSave":false},"Tags":["ReadOnly","NotReplicated"],"ThreadSafety":"ReadSafe","ValueType":{"Category":"Primitive","Name":"bool"}},{"Category":"Attachments","MemberType":"Property","Name":"Attachment0","Security":{"Read":"None","Write":"None"},"Serialization":{"CanLoad":true,"CanSave":true},"ThreadSafety":"ReadSafe","ValueType":{"Category":"Class","Name":"Attachment"}},{"Category":"Attachments","MemberType":"Property","Name":"Attachment1","Security":{"Read":"None","Write":"None"},"Serialization":{"CanLoad":true,"CanSave":true},"ThreadSafety":"ReadSafe","ValueType":{"Category":"Class","Name":"Attachment"}},{"Category":"Appearance","MemberType":"Property","Name":"Color","Security":{"Read":"None","Write":"None"},"Serialization":{"CanLoad":true,"CanSave":true},"ThreadSafety":"ReadSafe","ValueType":{"Category":"DataType","Name":"BrickColor"}},{"Category":"Behavior","MemberType":"Property","Name":"Enabled","Security":{"Read":"None","Write":"None"},"Serialization":{"CanLoad":true,"CanSave":true},"ThreadSafety":"ReadSafe","ValueType":{"Category":"Primitive","Name":"bool"}},{"Category":"Appearance","MemberType":"Property","Name":"Visible","Security":{"Read":"None","Write":"None"},"Serialization":{"CanLoad":true,"CanSave":true},"ThreadSafety":"ReadSafe","ValueType":{"Category":"Primitive","Name":"bool"}}],"MemoryCategory":"PhysicsParts","Name":"Constraint","Superclass":"Instance","Tags":["NotCreatable"]},{"Members":[{"Category":"AlignOrientation","MemberType":"Property","Name":"AlignType","Security":{"Read":"None","Write":"None"},"Serialization":{"CanLoad":true,"CanSave":true},"ThreadSafety":"ReadSafe","ValueType":{"Category":"Enum","Name":"AlignType"}},{"Category":"TargetOrientation","MemberType":"Property","Name":"CFrame","Security":{"Read":"None","Write":"None"},"Serialization":{"CanLoad":true,"CanSave":true},"ThreadSafety":"ReadSafe","ValueType":{"Category":"DataType","Name":"CFrame"}},{"Category":"Compliance","MemberType":"Property","Name":"MaxAngularVelocity","Security":{"Read":"None","Write":"None"},"Serialization":{"CanLoad":true,"CanSave":true},"ThreadSafety":"ReadSafe","ValueType":{"Category":"Primitive","Name":"float"}},{"Category":"Compliance","MemberType":"Property","Name":"MaxTorque","Security":{"Read":"None","Write":"None"},"Serialization":{"CanLoad":true,"CanSave":true},"ThreadSafety":"ReadSafe","ValueType":{"Category":"Primitive","Name":"float"}},{"Category":"AlignmentMode","MemberType":"Property","Name":"Mode","Security":{"Read":"None","Write":"None"},"Serialization":{"CanLoad":true,"CanSave":true},"ThreadSafety":"ReadSafe","ValueType":{"Category":"Enum","Name":"OrientationAlignmentMode"}},{"Category":"TargetOrientation","MemberType":"Property","Name":"PrimaryAxis","Security":{"Read":"None","Write":"None"},"Serialization":{"CanLoad":true,"CanSave":true},"ThreadSafety":"ReadSafe","ValueType":{"Category":"DataType","Name":"Vector3"}},{"Category":"AlignOrientation","MemberType":"Property","Name":"PrimaryAxisOnly","Security":{"Read":"None","Write":"None"},"Serialization":{"CanLoad":true,"CanSave":true},"ThreadSafety":"ReadSafe","ValueType":{"Category":"Primitive","Name":"bool"}},{"Category":"AlignOrientation","MemberType":"Property","Name":"ReactionTorqueEnabled","Security":{"Read":"None","Write":"None"},"Serialization":{"CanLoad":true,"CanSave":true},"ThreadSafety":"ReadSafe","ValueType":{"Category":"Primitive","Name":"bool"}},{"Category":"Compliance","MemberType":"Property","Name":"Responsiveness","Security":{"Read":"None","Write":"None"},"Serialization":{"CanLoad":true,"CanSave":true},"ThreadSafety":"ReadSafe","ValueType":{"Category":"Primitive","Name":"float"}},{"Category":"AlignOrientation","MemberType":"Property","Name":"RigidityEnabled","Security":{"Read":"None","Write":"None"},"Serialization":{"CanLoad":true,"CanSave":true},"ThreadSafety":"ReadSafe","ValueType":{"Category":"Primitive","Name":"bool"}},{"Category":"TargetOrientation","MemberType":"Property","Name":"SecondaryAxis","Security":{"Read":"None","Write":"None"},"Serialization":{"CanLoad":true,"CanSave":true},"ThreadSafety":"ReadSafe","ValueType":{"Category":"DataType","Name":"Vector3"}}],"MemoryCategory":"PhysicsParts","Name":"AlignOrientation","Superclass":"Constraint"},{"Members":[{"Category":"AlignPosition","MemberType":"Property","Name":"ApplyAtCenterOfMass","Security":{"Read":"None","Write":"None"},"Serialization":{"CanLoad":true,"CanSave":true},"ThreadSafety":"ReadSafe","ValueType":{"Category":"Primitive","Name":"bool"}},{"Category":"Compliance","MemberType":"Property","Name":"MaxForce","Security":{"Read":"None","Write":"None"},"Serialization":{"CanLoad":true,"CanSave":true},"ThreadSafety":"ReadSafe","ValueType":{"Category":"Primitive","Name":"float"}},{"Category":"Compliance","MemberType":"Property","Name":"MaxVelocity","Security":{"Read":"None","Write":"None"},"Serialization":{"CanLoad":true,"CanSave":true},"ThreadSafety":"ReadSafe","ValueType":{"Category":"Primitive","Name":"float"}},{"Category":"AlignmentMode","MemberType":"Property","Name":"Mode","Security":{"Read":"None","Write":"None"},"Serialization":{"CanLoad":true,"CanSave":true},"ThreadSafety":"ReadSafe","ValueType":{"Category":"Enum","Name":"PositionAlignmentMode"}},{"Category":"AlignPosition","MemberType":"Property","Name":"Position","Security":{"Read":"None","Write":"None"},"Serialization":{"CanLoad":true,"CanSave":true},"ThreadSafety":"ReadSafe","ValueType":{"Category":"DataType","Name":"Vector3"}},{"Category":"AlignPosition","MemberType":"Property","Name":"ReactionForceEnabled","Security":{"Read":"None","Write":"None"},"Serialization":{"CanLoad":true,"CanSave":true},"ThreadSafety":"ReadSafe","ValueType":{"Category":"Primitive","Name":"bool"}},{"Category":"Compliance","MemberType":"Property","Name":"Responsiveness","Security":{"Read":"None","Write":"None"},"Serialization":{"CanLoad":true,"CanSave":true},"ThreadSafety":"ReadSafe","ValueType":{"Category":"Primitive","Name":"float"}},{"Category":"AlignPosition","MemberType":"Property","Name":"RigidityEnabled","Security":{"Read":"None","Write":"None"},"Serialization":{"CanLoad":true,"CanSave":true},"ThreadSafety":"ReadSafe","ValueType":{"Category":"Primitive","Name":"bool"}}],"MemoryCategory":"PhysicsParts","Name":"AlignPosition","Superclass":"Constraint"},{"Members":[{"Category":"Torque","MemberType":"Property","Name":"AngularVelocity","Security":{"Read":"None","Write":"None"},"Serialization":{"CanLoad":true,"CanSave":true},"ThreadSafety":"ReadSafe","ValueType":{"Category":"DataType","Name":"Vector3"}},{"Category":"Torque","MemberType":"Property","Name":"MaxTorque","Security":{"Read":"None","Write":"None"},"Serialization":{"CanLoad":true,"CanSave":true},"ThreadSafety":"ReadSafe","ValueType":{"Category":"Primitive","Name":"float"}},{"Category":"Torque","MemberType":"Property","Name":"ReactionTorqueEnabled","Security":{"Read":"None","Write":"None"},"Serialization":{"CanLoad":true,"CanSave":true},"ThreadSafety":"ReadSafe","ValueType":{"Category":"Primitive","Name":"bool"}},{"Category":"Torque","MemberType":"Property","Name":"RelativeTo","Security":{"Read":"None","Write":"None"},"Serialization":{"CanLoad":true,"CanSave":true},"ThreadSafety":"ReadSafe","ValueType":{"Category":"Enum","Name":"ActuatorRelativeTo"}}],"MemoryCategory":"PhysicsParts","Name":"AngularVelocity","Superclass":"Constraint"},{"Members":[{"Category":"BallSocket","MemberType":"Property","Name":"LimitsEnabled","Security":{"Read":"None","Write":"None"},"Serialization":{"CanLoad":true,"CanSave":true},"ThreadSafety":"ReadSafe","ValueType":{"Category":"Primitive","Name":"bool"}},{"Category":"Friction","MemberType":"Property","Name":"MaxFrictionTorque","Security":{"Read":"None","Write":"None"},"Serialization":{"CanLoad":false,"CanSave":false},"ThreadSafety":"ReadSafe","ValueType":{"Category":"Primitive","Name":"float"}},{"Category":"Appearance","MemberType":"Property","Name":"Radius","Security":{"Read":"None","Write":"None"},"Serialization":{"CanLoad":true,"CanSave":true},"ThreadSafety":"ReadSafe","ValueType":{"Category":"Primitive","Name":"float"}},{"Category":"Limits","MemberType":"Property","Name":"Restitution","Security":{"Read":"None","Write":"None"},"Serialization":{"CanLoad":true,"CanSave":true},"ThreadSafety":"ReadSafe","ValueType":{"Category":"Primitive","Name":"float"}},{"Category":"Limits","MemberType":"Property","Name":"TwistLimitsEnabled","Security":{"Read":"None","Write":"None"},"Serialization":{"CanLoad":true,"CanSave":true},"ThreadSafety":"ReadSafe","ValueType":{"Category":"Primitive","Name":"bool"}},{"Category":"TwistLimits","MemberType":"Property","Name":"TwistLowerAngle","Security":{"Read":"None","Write":"None"},"Serialization":{"CanLoad":true,"CanSave":true},"ThreadSafety":"ReadSafe","ValueType":{"Category":"Primitive","Name":"float"}},{"Category":"TwistLimits","MemberType":"Property","Name":"TwistUpperAngle","Security":{"Read":"None","Write":"None"},"Serialization":{"CanLoad":true,"CanSave":true},"ThreadSafety":"ReadSafe","ValueType":{"Category":"Primitive","Name":"float"}},{"Category":"Limits","MemberType":"Property","Name":"UpperAngle","Security":{"Read":"None","Write":"None"},"Serialization":{"CanLoad":true,"CanSave":true},"ThreadSafety":"ReadSafe","ValueType":{"Category":"Primitive","Name":"float"}}],"MemoryCategory":"PhysicsParts","Name":"BallSocketConstraint","Superclass":"Constraint"},{"Members":[{"Category":"Hinge","MemberType":"Property","Name":"ActuatorType","Security":{"Read":"None","Write":"None"},"Serialization":{"CanLoad":true,"CanSave":true},"ThreadSafety":"ReadSafe","ValueType":{"Category":"Enum","Name":"ActuatorType"}},{"Category":"Servo","MemberType":"Property","Name":"AngularResponsiveness","Security":{"Read":"None","Write":"None"},"Serialization":{"CanLoad":true,"CanSave":true},"ThreadSafety":"ReadSafe","ValueType":{"Category":"Primitive","Name":"float"}},{"Category":"Servo","MemberType":"Property","Name":"AngularSpeed","Security":{"Read":"None","Write":"None"},"Serialization":{"CanLoad":true,"CanSave":true},"ThreadSafety":"ReadSafe","ValueType":{"Category":"Primitive","Name":"float"}},{"Category":"Motor","MemberType":"Property","Name":"AngularVelocity","Security":{"Read":"None","Write":"None"},"Serialization":{"CanLoad":true,"CanSave":true},"ThreadSafety":"ReadSafe","ValueType":{"Category":"Primitive","Name":"float"}},{"Category":"Derived","MemberType":"Property","Name":"CurrentAngle","Security":{"Read":"None","Write":"None"},"Serialization":{"CanLoad":false,"CanSave":true},"Tags":["ReadOnly","NotReplicated"],"ThreadSafety":"ReadSafe","ValueType":{"Category":"Primitive","Name":"float"}},{"Category":"Hinge","MemberType":"Property","Name":"LimitsEnabled","Security":{"Read":"None","Write":"None"},"Serialization":{"CanLoad":true,"CanSave":true},"ThreadSafety":"ReadSafe","ValueType":{"Category":"Primitive","Name":"bool"}},{"Category":"Limits","MemberType":"Property","Name":"LowerAngle","Security":{"Read":"None","Write":"None"},"Serialization":{"CanLoad":true,"CanSave":true},"ThreadSafety":"ReadSafe","ValueType":{"Category":"Primitive","Name":"float"}},{"Category":"Motor","MemberType":"Property","Name":"MotorMaxAcceleration","Security":{"Read":"None","Write":"None"},"Serialization":{"CanLoad":true,"CanSave":true},"ThreadSafety":"ReadSafe","ValueType":{"Category":"Primitive","Name":"float"}},{"Category":"Motor","MemberType":"Property","Name":"MotorMaxTorque","Security":{"Read":"None","Write":"None"},"Serialization":{"CanLoad":true,"CanSave":true},"ThreadSafety":"ReadSafe","ValueType":{"Category":"Primitive","Name":"float"}},{"Category":"Appearance","MemberType":"Property","Name":"Radius","Security":{"Read":"None","Write":"None"},"Serialization":{"CanLoad":true,"CanSave":true},"ThreadSafety":"ReadSafe","ValueType":{"Category":"Primitive","Name":"float"}},{"Category":"Limits","MemberType":"Property","Name":"Restitution","Security":{"Read":"None","Write":"None"},"Serialization":{"CanLoad":true,"CanSave":true},"ThreadSafety":"ReadSafe","ValueType":{"Category":"Primitive","Name":"float"}},{"Category":"Servo","MemberType":"Property","Name":"ServoMaxTorque","Security":{"Read":"None","Write":"None"},"Serialization":{"CanLoad":true,"CanSave":true},"ThreadSafety":"ReadSafe","ValueType":{"Category":"Primitive","Name":"float"}},{"Category":"Servo","MemberType":"Property","Name":"TargetAngle","Security":{"Read":"None","Write":"None"},"Serialization":{"CanLoad":true,"CanSave":true},"ThreadSafety":"ReadSafe","ValueType":{"Category":"Primitive","Name":"float"}},{"Category":"Limits","MemberType":"Property","Name":"UpperAngle","Security":{"Read":"None","Write":"None"},"Serialization":{"CanLoad":true,"CanSave":true},"ThreadSafety":"ReadSafe","ValueType":{"Category":"Primitive","Name":"float"}}],"MemoryCategory":"PhysicsParts","Name":"HingeConstraint","Superclass":"Constraint"},{"Members":[{"Category":"LineForce","MemberType":"Property","Name":"ApplyAtCenterOfMass","Security":{"Read":"None","Write":"None"},"Serialization":{"CanLoad":true,"CanSave":true},"ThreadSafety":"ReadSafe","ValueType":{"Category":"Primitive","Name":"bool"}},{"Category":"LineForce","MemberType":"Property","Name":"InverseSquareLaw","Security":{"Read":"None","Write":"None"},"Serialization":{"CanLoad":true,"CanSave":true},"ThreadSafety":"ReadSafe","ValueType":{"Category":"Primitive","Name":"bool"}},{"Category":"LineForce","MemberType":"Property","Name":"Magnitude","Security":{"Read":"None","Write":"None"},"Serialization":{"CanLoad":true,"CanSave":true},"ThreadSafety":"ReadSafe","ValueType":{"Category":"Primitive","Name":"float"}},{"Category":"LineForce","MemberType":"Property","Name":"MaxForce","Security":{"Read":"None","Write":"None"},"Serialization":{"CanLoad":true,"CanSave":true},"ThreadSafety":"ReadSafe","ValueType":{"Category":"Primitive","Name":"float"}},{"Category":"LineForce","MemberType":"Property","Name":"ReactionForceEnabled","Security":{"Read":"None","Write":"None"},"Serialization":{"CanLoad":true,"CanSave":true},"ThreadSafety":"ReadSafe","ValueType":{"Category":"Primitive","Name":"bool"}}],"MemoryCategory":"PhysicsParts","Name":"LineForce","Superclass":"Constraint"},{"Members":[{"Category":"Line","MemberType":"Property","Name":"LineDirection","Security":{"Read":"None","Write":"None"},"Serialization":{"CanLoad":true,"CanSave":true},"ThreadSafety":"ReadSafe","ValueType":{"Category":"DataType","Name":"Vector3"}},{"Category":"Line","MemberType":"Property","Name":"LineVelocity","Security":{"Read":"None","Write":"None"},"Serialization":{"CanLoad":true,"CanSave":true},"ThreadSafety":"ReadSafe","ValueType":{"Category":"Primitive","Name":"float"}},{"Category":"Limits","MemberType":"Property","Name":"MaxForce","Security":{"Read":"None","Write":"None"},"Serialization":{"CanLoad":true,"CanSave":true},"ThreadSafety":"ReadSafe","ValueType":{"Category":"Primitive","Name":"float"}},{"Category":"Plane","MemberType":"Property","Name":"PlaneVelocity","Security":{"Read":"None","Write":"None"},"Serialization":{"CanLoad":true,"CanSave":true},"ThreadSafety":"ReadSafe","ValueType":{"Category":"DataType","Name":"Vector2"}},{"Category":"Plane","MemberType":"Property","Name":"PrimaryTangentAxis","Security":{"Read":"None","Write":"None"},"Serialization":{"CanLoad":true,"CanSave":true},"ThreadSafety":"ReadSafe","ValueType":{"Category":"DataType","Name":"Vector3"}},{"Category":"Mode","MemberType":"Property","Name":"RelativeTo","Security":{"Read":"None","Write":"None"},"Serialization":{"CanLoad":true,"CanSave":true},"ThreadSafety":"ReadSafe","ValueType":{"Category":"Enum","Name":"ActuatorRelativeTo"}},{"Category":"Plane","MemberType":"Property","Name":"SecondaryTangentAxis","Security":{"Read":"None","Write":"None"},"Serialization":{"CanLoad":true,"CanSave":true},"ThreadSafety":"ReadSafe","ValueType":{"Category":"DataType","Name":"Vector3"}},{"Category":"Vector","MemberType":"Property","Name":"VectorVelocity","Security":{"Read":"None","Write":"None"},"Serialization":{"CanLoad":true,"CanSave":true},"ThreadSafety":"ReadSafe","ValueType":{"Category":"DataType","Name":"Vector3"}},{"Category":"Mode","MemberType":"Property","Name":"VelocityConstraintMode","Security":{"Read":"None","Write":"None"},"Serialization":{"CanLoad":true,"CanSave":true},"ThreadSafety":"ReadSafe","ValueType":{"Category":"Enum","Name":"VelocityConstraintMode"}}],"MemoryCategory":"PhysicsParts","Name":"LinearVelocity","Superclass":"Constraint"},{"Members":[],"MemoryCategory":"PhysicsParts","Name":"Plane","Superclass":"Constraint"},{"Members":[{"Category":"Destruction","MemberType":"Property","Name":"Broken","Security":{"Read":"None","Write":"None"},"Serialization":{"CanLoad":false,"CanSave":true},"Tags":["ReadOnly","NotReplicated","NotBrowsable"],"ThreadSafety":"ReadSafe","ValueType":{"Category":"Primitive","Name":"bool"}},{"Category":"Destruction","MemberType":"Property","Name":"DestructionEnabled","Security":{"Read":"None","Write":"None"},"Serialization":{"CanLoad":true,"CanSave":true},"Tags":["NotBrowsable"],"ThreadSafety":"ReadSafe","ValueType":{"Category":"Primitive","Name":"bool"}},{"Category":"Destruction","MemberType":"Property","Name":"DestructionForce","Security":{"Read":"None","Write":"None"},"Serialization":{"CanLoad":true,"CanSave":true},"Tags":["NotBrowsable"],"ThreadSafety":"ReadSafe","ValueType":{"Category":"Primitive","Name":"float"}},{"Category":"Destruction","MemberType":"Property","Name":"DestructionTorque","Security":{"Read":"None","Write":"None"},"Serialization":{"CanLoad":true,"CanSave":true},"Tags":["NotBrowsable"],"ThreadSafety":"ReadSafe","ValueType":{"Category":"Primitive","Name":"float"}}],"MemoryCategory":"PhysicsParts","Name":"RigidConstraint","Superclass":"Constraint"},{"Members":[{"Category":"Derived","MemberType":"Property","Name":"CurrentDistance","Security":{"Read":"None","Write":"None"},"Serialization":{"CanLoad":false,"CanSave":true},"Tags":["ReadOnly","NotReplicated"],"ThreadSafety":"ReadSafe","ValueType":{"Category":"Primitive","Name":"float"}},{"Category":"Rod","MemberType":"Property","Name":"Length","Security":{"Read":"None","Write":"None"},"Serialization":{"CanLoad":true,"CanSave":true},"ThreadSafety":"ReadSafe","ValueType":{"Category":"Primitive","Name":"float"}},{"Category":"Limits","MemberType":"Property","Name":"LimitAngle0","Security":{"Read":"None","Write":"None"},"Serialization":{"CanLoad":true,"CanSave":true},"ThreadSafety":"ReadSafe","ValueType":{"Category":"Primitive","Name":"float"}},{"Category":"Limits","MemberType":"Property","Name":"LimitAngle1","Security":{"Read":"None","Write":"None"},"Serialization":{"CanLoad":true,"CanSave":true},"ThreadSafety":"ReadSafe","ValueType":{"Category":"Primitive","Name":"float"}},{"Category":"Rod","MemberType":"Property","Name":"LimitsEnabled","Security":{"Read":"None","Write":"None"},"Serialization":{"CanLoad":true,"CanSave":true},"ThreadSafety":"ReadSafe","ValueType":{"Category":"Primitive","Name":"bool"}},{"Category":"Appearance","MemberType":"Property","Name":"Thickness","Security":{"Read":"None","Write":"None"},"Serialization":{"CanLoad":true,"CanSave":true},"ThreadSafety":"ReadSafe","ValueType":{"Category":"Primitive","Name":"float"}}],"MemoryCategory":"PhysicsParts","Name":"RodConstraint","Superclass":"Constraint"},{"Members":[{"Category":"Derived","MemberType":"Property","Name":"CurrentDistance","Security":{"Read":"None","Write":"None"},"Serialization":{"CanLoad":false,"CanSave":true},"Tags":["ReadOnly","NotReplicated"],"ThreadSafety":"ReadSafe","ValueType":{"Category":"Primitive","Name":"float"}},{"Category":"Rope","MemberType":"Property","Name":"Length","Security":{"Read":"None","Write":"None"},"Serialization":{"CanLoad":true,"CanSave":true},"ThreadSafety":"ReadSafe","ValueType":{"Category":"Primitive","Name":"float"}},{"Category":"Rope","MemberType":"Property","Name":"Restitution","Security":{"Read":"None","Write":"None"},"Serialization":{"CanLoad":true,"CanSave":true},"ThreadSafety":"ReadSafe","ValueType":{"Category":"Primitive","Name":"float"}},{"Category":"Appearance","MemberType":"Property","Name":"Thickness","Security":{"Read":"None","Write":"None"},"Serialization":{"CanLoad":true,"CanSave":true},"ThreadSafety":"ReadSafe","ValueType":{"Category":"Primitive","Name":"float"}},{"Category":"Rope","MemberType":"Property","Name":"WinchEnabled","Security":{"Read":"None","Write":"None"},"Serialization":{"CanLoad":true,"CanSave":true},"ThreadSafety":"ReadSafe","ValueType":{"Category":"Primitive","Name":"bool"}},{"Category":"Winch","MemberType":"Property","Name":"WinchForce","Security":{"Read":"None","Write":"None"},"Serialization":{"CanLoad":true,"CanSave":true},"ThreadSafety":"ReadSafe","ValueType":{"Category":"Primitive","Name":"float"}},{"Category":"Winch","MemberType":"Property","Name":"WinchResponsiveness","Security":{"Read":"None","Write":"None"},"Serialization":{"CanLoad":true,"CanSave":true},"ThreadSafety":"ReadSafe","ValueType":{"Category":"Primitive","Name":"float"}},{"Category":"Winch","MemberType":"Property","Name":"WinchSpeed","Security":{"Read":"None","Write":"None"},"Serialization":{"CanLoad":true,"CanSave":true},"ThreadSafety":"ReadSafe","ValueType":{"Category":"Primitive","Name":"float"}},{"Category":"Winch","MemberType":"Property","Name":"WinchTarget","Security":{"Read":"None","Write":"None"},"Serialization":{"CanLoad":true,"CanSave":true},"ThreadSafety":"ReadSafe","ValueType":{"Category":"Primitive","Name":"float"}}],"MemoryCategory":"PhysicsParts","Name":"RopeConstraint","Superclass":"Constraint"},{"Members":[{"Category":"Slider","MemberType":"Property","Name":"ActuatorType","Security":{"Read":"None","Write":"None"},"Serialization":{"CanLoad":true,"CanSave":true},"ThreadSafety":"ReadSafe","ValueType":{"Category":"Enum","Name":"ActuatorType"}},{"Category":"Derived","MemberType":"Property","Name":"CurrentPosition","Security":{"Read":"None","Write":"None"},"Serialization":{"CanLoad":false,"CanSave":true},"Tags":["ReadOnly","NotReplicated"],"ThreadSafety":"ReadSafe","ValueType":{"Category":"Primitive","Name":"float"}},{"Category":"Slider","MemberType":"Property","Name":"LimitsEnabled","Security":{"Read":"None","Write":"None"},"Serialization":{"CanLoad":true,"CanSave":true},"ThreadSafety":"ReadSafe","ValueType":{"Category":"Primitive","Name":"bool"}},{"Category":"Servo","MemberType":"Property","Name":"LinearResponsiveness","Security":{"Read":"None","Write":"None"},"Serialization":{"CanLoad":true,"CanSave":true},"ThreadSafety":"ReadSafe","ValueType":{"Category":"Primitive","Name":"float"}},{"Category":"Limits","MemberType":"Property","Name":"LowerLimit","Security":{"Read":"None","Write":"None"},"Serialization":{"CanLoad":true,"CanSave":true},"ThreadSafety":"ReadSafe","ValueType":{"Category":"Primitive","Name":"float"}},{"Category":"Motor","MemberType":"Property","Name":"MotorMaxAcceleration","Security":{"Read":"None","Write":"None"},"Serialization":{"CanLoad":true,"CanSave":true},"ThreadSafety":"ReadSafe","ValueType":{"Category":"Primitive","Name":"float"}},{"Category":"Motor","MemberType":"Property","Name":"MotorMaxForce","Security":{"Read":"None","Write":"None"},"Serialization":{"CanLoad":true,"CanSave":true},"ThreadSafety":"ReadSafe","ValueType":{"Category":"Primitive","Name":"float"}},{"Category":"Limits","MemberType":"Property","Name":"Restitution","Security":{"Read":"None","Write":"None"},"Serialization":{"CanLoad":true,"CanSave":true},"ThreadSafety":"ReadSafe","ValueType":{"Category":"Primitive","Name":"float"}},{"Category":"Servo","MemberType":"Property","Name":"ServoMaxForce","Security":{"Read":"None","Write":"None"},"Serialization":{"CanLoad":true,"CanSave":true},"ThreadSafety":"ReadSafe","ValueType":{"Category":"Primitive","Name":"float"}},{"Category":"Appearance","MemberType":"Property","Name":"Size","Security":{"Read":"None","Write":"None"},"Serialization":{"CanLoad":true,"CanSave":true},"ThreadSafety":"ReadSafe","ValueType":{"Category":"Primitive","Name":"float"}},{"Category":"Servo","MemberType":"Property","Name":"Speed","Security":{"Read":"None","Write":"None"},"Serialization":{"CanLoad":true,"CanSave":true},"ThreadSafety":"ReadSafe","ValueType":{"Category":"Primitive","Name":"float"}},{"Category":"Servo","MemberType":"Property","Name":"TargetPosition","Security":{"Read":"None","Write":"None"},"Serialization":{"CanLoad":true,"CanSave":true},"ThreadSafety":"ReadSafe","ValueType":{"Category":"Primitive","Name":"float"}},{"Category":"Limits","MemberType":"Property","Name":"UpperLimit","Security":{"Read":"None","Write":"None"},"Serialization":{"CanLoad":true,"CanSave":true},"ThreadSafety":"ReadSafe","ValueType":{"Category":"Primitive","Name":"float"}},{"Category":"Motor","MemberType":"Property","Name":"Velocity","Security":{"Read":"None","Write":"None"},"Serialization":{"CanLoad":true,"CanSave":true},"ThreadSafety":"ReadSafe","ValueType":{"Category":"Primitive","Name":"float"}}],"MemoryCategory":"PhysicsParts","Name":"SlidingBallConstraint","Superclass":"Constraint","Tags":["NotCreatable"]},{"Members":[{"Category":"Cylinder","MemberType":"Property","Name":"AngularActuatorType","Security":{"Read":"None","Write":"None"},"Serialization":{"CanLoad":true,"CanSave":true},"ThreadSafety":"ReadSafe","ValueType":{"Category":"Enum","Name":"ActuatorType"}},{"Category":"Cylinder","MemberType":"Property","Name":"AngularLimitsEnabled","Security":{"Read":"None","Write":"None"},"Serialization":{"CanLoad":true,"CanSave":true},"ThreadSafety":"ReadSafe","ValueType":{"Category":"Primitive","Name":"bool"}},{"Category":"AngularServo","MemberType":"Property","Name":"AngularResponsiveness","Security":{"Read":"None","Write":"None"},"Serialization":{"CanLoad":true,"CanSave":true},"ThreadSafety":"ReadSafe","ValueType":{"Category":"Primitive","Name":"float"}},{"Category":"AngularLimits","MemberType":"Property","Name":"AngularRestitution","Security":{"Read":"None","Write":"None"},"Serialization":{"CanLoad":true,"CanSave":true},"ThreadSafety":"ReadSafe","ValueType":{"Category":"Primitive","Name":"float"}},{"Category":"AngularServo","MemberType":"Property","Name":"AngularSpeed","Security":{"Read":"None","Write":"None"},"Serialization":{"CanLoad":true,"CanSave":true},"ThreadSafety":"ReadSafe","ValueType":{"Category":"Primitive","Name":"float"}},{"Category":"AngularMotor","MemberType":"Property","Name":"AngularVelocity","Security":{"Read":"None","Write":"None"},"Serialization":{"CanLoad":true,"CanSave":true},"ThreadSafety":"ReadSafe","ValueType":{"Category":"Primitive","Name":"float"}},{"Category":"Derived","MemberType":"Property","Name":"CurrentAngle","Security":{"Read":"None","Write":"None"},"Serialization":{"CanLoad":false,"CanSave":true},"Tags":["ReadOnly","NotReplicated"],"ThreadSafety":"ReadSafe","ValueType":{"Category":"Primitive","Name":"float"}},{"Category":"Cylinder","MemberType":"Property","Name":"InclinationAngle","Security":{"Read":"None","Write":"None"},"Serialization":{"CanLoad":true,"CanSave":true},"ThreadSafety":"ReadSafe","ValueType":{"Category":"Primitive","Name":"float"}},{"Category":"AngularLimits","MemberType":"Property","Name":"LowerAngle","Security":{"Read":"None","Write":"None"},"Serialization":{"CanLoad":true,"CanSave":true},"ThreadSafety":"ReadSafe","ValueType":{"Category":"Primitive","Name":"float"}},{"Category":"AngularMotor","MemberType":"Property","Name":"MotorMaxAngularAcceleration","Security":{"Read":"None","Write":"None"},"Serialization":{"CanLoad":true,"CanSave":true},"ThreadSafety":"ReadSafe","ValueType":{"Category":"Primitive","Name":"float"}},{"Category":"AngularMotor","MemberType":"Property","Name":"MotorMaxTorque","Security":{"Read":"None","Write":"None"},"Serialization":{"CanLoad":true,"CanSave":true},"ThreadSafety":"ReadSafe","ValueType":{"Category":"Primitive","Name":"float"}},{"Category":"Appearance","MemberType":"Property","Name":"RotationAxisVisible","Security":{"Read":"None","Write":"None"},"Serialization":{"CanLoad":true,"CanSave":true},"ThreadSafety":"ReadSafe","ValueType":{"Category":"Primitive","Name":"bool"}},{"Category":"AngularServo","MemberType":"Property","Name":"ServoMaxTorque","Security":{"Read":"None","Write":"None"},"Serialization":{"CanLoad":true,"CanSave":true},"ThreadSafety":"ReadSafe","ValueType":{"Category":"Primitive","Name":"float"}},{"Category":"AngularServo","MemberType":"Property","Name":"TargetAngle","Security":{"Read":"None","Write":"None"},"Serialization":{"CanLoad":true,"CanSave":true},"ThreadSafety":"ReadSafe","ValueType":{"Category":"Primitive","Name":"float"}},{"Category":"AngularLimits","MemberType":"Property","Name":"UpperAngle","Security":{"Read":"None","Write":"None"},"Serialization":{"CanLoad":true,"CanSave":true},"ThreadSafety":"ReadSafe","ValueType":{"Category":"Primitive","Name":"float"}},{"Category":"Derived","MemberType":"Property","Name":"WorldRotationAxis","Security":{"Read":"None","Write":"None"},"Serialization":{"CanLoad":false,"CanSave":true},"Tags":["ReadOnly","NotReplicated"],"ThreadSafety":"ReadSafe","ValueType":{"Category":"DataType","Name":"Vector3"}}],"MemoryCategory":"PhysicsParts","Name":"CylindricalConstraint","Superclass":"SlidingBallConstraint"},{"Members":[],"MemoryCategory":"PhysicsParts","Name":"PrismaticConstraint","Superclass":"SlidingBallConstraint"},{"Members":[{"Category":"Appearance","MemberType":"Property","Name":"Coils","Security":{"Read":"None","Write":"None"},"Serialization":{"CanLoad":true,"CanSave":true},"ThreadSafety":"ReadSafe","ValueType":{"Category":"Primitive","Name":"float"}},{"Category":"Derived","MemberType":"Property","Name":"CurrentLength","Security":{"Read":"None","Write":"None"},"Serialization":{"CanLoad":false,"CanSave":true},"Tags":["ReadOnly","NotReplicated"],"ThreadSafety":"ReadSafe","ValueType":{"Category":"Primitive","Name":"float"}},{"Category":"Spring","MemberType":"Property","Name":"Damping","Security":{"Read":"None","Write":"None"},"Serialization":{"CanLoad":true,"CanSave":true},"ThreadSafety":"ReadSafe","ValueType":{"Category":"Primitive","Name":"float"}},{"Category":"Spring","MemberType":"Property","Name":"FreeLength","Security":{"Read":"None","Write":"None"},"Serialization":{"CanLoad":true,"CanSave":true},"ThreadSafety":"ReadSafe","ValueType":{"Category":"Primitive","Name":"float"}},{"Category":"Spring","MemberType":"Property","Name":"LimitsEnabled","Security":{"Read":"None","Write":"None"},"Serialization":{"CanLoad":true,"CanSave":true},"ThreadSafety":"ReadSafe","ValueType":{"Category":"Primitive","Name":"bool"}},{"Category":"Spring","MemberType":"Property","Name":"MaxForce","Security":{"Read":"None","Write":"None"},"Serialization":{"CanLoad":true,"CanSave":true},"ThreadSafety":"ReadSafe","ValueType":{"Category":"Primitive","Name":"float"}},{"Category":"Limits","MemberType":"Property","Name":"MaxLength","Security":{"Read":"None","Write":"None"},"Serialization":{"CanLoad":true,"CanSave":true},"ThreadSafety":"ReadSafe","ValueType":{"Category":"Primitive","Name":"float"}},{"Category":"Limits","MemberType":"Property","Name":"MinLength","Security":{"Read":"None","Write":"None"},"Serialization":{"CanLoad":true,"CanSave":true},"ThreadSafety":"ReadSafe","ValueType":{"Category":"Primitive","Name":"float"}},{"Category":"Appearance","MemberType":"Property","Name":"Radius","Security":{"Read":"None","Write":"None"},"Serialization":{"CanLoad":true,"CanSave":true},"ThreadSafety":"ReadSafe","ValueType":{"Category":"Primitive","Name":"float"}},{"Category":"Spring","MemberType":"Property","Name":"Stiffness","Security":{"Read":"None","Write":"None"},"Serialization":{"CanLoad":true,"CanSave":true},"ThreadSafety":"ReadSafe","ValueType":{"Category":"Primitive","Name":"float"}},{"Category":"Appearance","MemberType":"Property","Name":"Thickness","Security":{"Read":"None","Write":"None"},"Serialization":{"CanLoad":true,"CanSave":true},"ThreadSafety":"ReadSafe","ValueType":{"Category":"Primitive","Name":"float"}}],"MemoryCategory":"PhysicsParts","Name":"SpringConstraint","Superclass":"Constraint"},{"Members":[{"Category":"Torque","MemberType":"Property","Name":"RelativeTo","Security":{"Read":"None","Write":"None"},"Serialization":{"CanLoad":true,"CanSave":true},"ThreadSafety":"ReadSafe","ValueType":{"Category":"Enum","Name":"ActuatorRelativeTo"}},{"Category":"Torque","MemberType":"Property","Name":"Torque","Security":{"Read":"None","Write":"None"},"Serialization":{"CanLoad":true,"CanSave":true},"ThreadSafety":"ReadSafe","ValueType":{"Category":"DataType","Name":"Vector3"}}],"MemoryCategory":"PhysicsParts","Name":"Torque","Superclass":"Constraint"},{"Members":[{"Category":"Appearance","MemberType":"Property","Name":"Coils","Security":{"Read":"None","Write":"None"},"Serialization":{"CanLoad":true,"CanSave":true},"ThreadSafety":"ReadSafe","ValueType":{"Category":"Primitive","Name":"float"}},{"Category":"Derived","MemberType":"Property","Name":"CurrentAngle","Security":{"Read":"None","Write":"None"},"Serialization":{"CanLoad":false,"CanSave":true},"Tags":["ReadOnly","NotReplicated"],"ThreadSafety":"ReadSafe","ValueType":{"Category":"Primitive","Name":"float"}},{"Category":"Spring","MemberType":"Property","Name":"Damping","Security":{"Read":"None","Write":"None"},"Serialization":{"CanLoad":true,"CanSave":true},"ThreadSafety":"ReadSafe","ValueType":{"Category":"Primitive","Name":"float"}},{"Category":"Spring","MemberType":"Property","Name":"LimitEnabled","Security":{"Read":"None","Write":"None"},"Serialization":{"CanLoad":true,"CanSave":true},"Tags":["Hidden","Deprecated"],"ThreadSafety":"ReadSafe","ValueType":{"Category":"Primitive","Name":"bool"}},{"Category":"Spring","MemberType":"Property","Name":"LimitsEnabled","Security":{"Read":"None","Write":"None"},"Serialization":{"CanLoad":true,"CanSave":true},"ThreadSafety":"ReadSafe","ValueType":{"Category":"Primitive","Name":"bool"}},{"Category":"Limits","MemberType":"Property","Name":"MaxAngle","Security":{"Read":"None","Write":"None"},"Serialization":{"CanLoad":true,"CanSave":true},"ThreadSafety":"ReadSafe","ValueType":{"Category":"Primitive","Name":"float"}},{"Category":"Spring","MemberType":"Property","Name":"MaxTorque","Security":{"Read":"None","Write":"None"},"Serialization":{"CanLoad":true,"CanSave":true},"ThreadSafety":"ReadSafe","ValueType":{"Category":"Primitive","Name":"float"}},{"Category":"Appearance","MemberType":"Property","Name":"Radius","Security":{"Read":"None","Write":"None"},"Serialization":{"CanLoad":true,"CanSave":true},"ThreadSafety":"ReadSafe","ValueType":{"Category":"Primitive","Name":"float"}},{"Category":"Limits","MemberType":"Property","Name":"Restitution","Security":{"Read":"None","Write":"None"},"Serialization":{"CanLoad":true,"CanSave":true},"ThreadSafety":"ReadSafe","ValueType":{"Category":"Primitive","Name":"float"}},{"Category":"Spring","MemberType":"Property","Name":"Stiffness","Security":{"Read":"None","Write":"None"},"Serialization":{"CanLoad":true,"CanSave":true},"ThreadSafety":"ReadSafe","ValueType":{"Category":"Primitive","Name":"float"}}],"MemoryCategory":"PhysicsParts","Name":"TorsionSpringConstraint","Superclass":"Constraint"},{"Members":[{"Category":"Universal","MemberType":"Property","Name":"LimitsEnabled","Security":{"Read":"None","Write":"None"},"Serialization":{"CanLoad":true,"CanSave":true},"ThreadSafety":"ReadSafe","ValueType":{"Category":"Primitive","Name":"bool"}},{"Category":"Limits","MemberType":"Property","Name":"MaxAngle","Security":{"Read":"None","Write":"None"},"Serialization":{"CanLoad":true,"CanSave":true},"ThreadSafety":"ReadSafe","ValueType":{"Category":"Primitive","Name":"float"}},{"Category":"Appearance","MemberType":"Property","Name":"Radius","Security":{"Read":"None","Write":"None"},"Serialization":{"CanLoad":true,"CanSave":true},"ThreadSafety":"ReadSafe","ValueType":{"Category":"Primitive","Name":"float"}},{"Category":"Limits","MemberType":"Property","Name":"Restitution","Security":{"Read":"None","Write":"None"},"Serialization":{"CanLoad":true,"CanSave":true},"ThreadSafety":"ReadSafe","ValueType":{"Category":"Primitive","Name":"float"}}],"MemoryCategory":"PhysicsParts","Name":"UniversalConstraint","Superclass":"Constraint"},{"Members":[{"Category":"VectorForce","MemberType":"Property","Name":"ApplyAtCenterOfMass","Security":{"Read":"None","Write":"None"},"Serialization":{"CanLoad":true,"CanSave":true},"ThreadSafety":"ReadSafe","ValueType":{"Category":"Primitive","Name":"bool"}},{"Category":"VectorForce","MemberType":"Property","Name":"Force","Security":{"Read":"None","Write":"None"},"Serialization":{"CanLoad":true,"CanSave":true},"ThreadSafety":"ReadSafe","ValueType":{"Category":"DataType","Name":"Vector3"}},{"Category":"VectorForce","MemberType":"Property","Name":"RelativeTo","Security":{"Read":"None","Write":"None"},"Serialization":{"CanLoad":true,"CanSave":true},"ThreadSafety":"ReadSafe","ValueType":{"Category":"Enum","Name":"ActuatorRelativeTo"}}],"MemoryCategory":"PhysicsParts","Name":"VectorForce","Superclass":"Constraint"},{"Members":[{"Category":"Data","MemberType":"Property","Name":"BaseUrl","Security":{"Read":"None","Write":"None"},"Serialization":{"CanLoad":false,"CanSave":true},"Tags":["ReadOnly","NotReplicated"],"ThreadSafety":"ReadSafe","ValueType":{"Category":"Primitive","Name":"string"}},{"Category":"Data","MemberType":"Property","Name":"RequestQueueSize","Security":{"Read":"None","Write":"None"},"Serialization":{"CanLoad":false,"CanSave":true},"Tags":["ReadOnly","NotReplicated"],"ThreadSafety":"ReadSafe","ValueType":{"Category":"Primitive","Name":"int"}},{"MemberType":"Function","Name":"CalculateNumTrianglesInMeshSync","Parameters":[{"Name":"meshId","Type":{"Category":"Primitive","Name":"string"}}],"ReturnType":{"Category":"Primitive","Name":"int"},"Security":"RobloxScriptSecurity","ThreadSafety":"Unsafe"},{"MemberType":"Function","Name":"GetDetailedFailedRequests","Parameters":[],"ReturnType":{"Category":"Group","Name":"Array"},"Security":"RobloxScriptSecurity","ThreadSafety":"Unsafe"},{"MemberType":"Function","Name":"GetFailedRequests","Parameters":[],"ReturnType":{"Category":"Group","Name":"Array"},"Security":"RobloxScriptSecurity","ThreadSafety":"Unsafe"},{"MemberType":"Function","Name":"ListEncryptedAssets","Parameters":[],"ReturnType":{"Category":"Group","Name":"Array"},"Security":"None","ThreadSafety":"Unsafe"},{"MemberType":"Function","Name":"Preload","Parameters":[{"Name":"contentId","Type":{"Category":"DataType","Name":"Content"}}],"ReturnType":{"Category":"Primitive","Name":"void"},"Security":"None","Tags":["Deprecated"],"ThreadSafety":"Unsafe"},{"MemberType":"Function","Name":"RegisterDefaultEncryptionKey","Parameters":[{"Name":"encryptionKey","Type":{"Category":"Primitive","Name":"string"}}],"ReturnType":{"Category":"Primitive","Name":"void"},"Security":"None","ThreadSafety":"Unsafe"},{"MemberType":"Function","Name":"RegisterDefaultSessionKey","Parameters":[{"Name":"sessionKey","Type":{"Category":"Primitive","Name":"string"}}],"ReturnType":{"Category":"Primitive","Name":"void"},"Security":"None","ThreadSafety":"Unsafe"},{"MemberType":"Function","Name":"RegisterEncryptedAsset","Parameters":[{"Name":"assetId","Type":{"Category":"DataType","Name":"Content"}},{"Name":"encryptionKey","Type":{"Category":"Primitive","Name":"string"}}],"ReturnType":{"Category":"Primitive","Name":"void"},"Security":"None","ThreadSafety":"Unsafe"},{"MemberType":"Function","Name":"RegisterSessionEncryptedAsset","Parameters":[{"Name":"contentId","Type":{"Category":"DataType","Name":"Content"}},{"Name":"sessionKey","Type":{"Category":"Primitive","Name":"string"}}],"ReturnType":{"Category":"Primitive","Name":"void"},"Security":"None","ThreadSafety":"Unsafe"},{"MemberType":"Function","Name":"SetBaseUrl","Parameters":[{"Name":"url","Type":{"Category":"Primitive","Name":"string"}}],"ReturnType":{"Category":"Primitive","Name":"void"},"Security":"LocalUserSecurity","ThreadSafety":"Unsafe"},{"MemberType":"Function","Name":"UnregisterDefaultEncryptionKey","Parameters":[],"ReturnType":{"Category":"Primitive","Name":"void"},"Security":"None","ThreadSafety":"Unsafe"},{"MemberType":"Function","Name":"UnregisterEncryptedAsset","Parameters":[{"Name":"assetId","Type":{"Category":"DataType","Name":"Content"}}],"ReturnType":{"Category":"Primitive","Name":"void"},"Security":"None","ThreadSafety":"Unsafe"},{"MemberType":"Function","Name":"CalculateNumTrianglesInMesh","Parameters":[{"Name":"meshId","Type":{"Category":"Primitive","Name":"string"}}],"ReturnType":{"Category":"Primitive","Name":"int"},"Security":"RobloxScriptSecurity","Tags":["Yields"],"ThreadSafety":"Unsafe"},{"MemberType":"Function","Name":"PreloadAsync","Parameters":[{"Name":"contentIdList","Type":{"Category":"Group","Name":"Array"}},{"Default":"nil","Name":"callbackFunction","Type":{"Category":"DataType","Name":"Function"}}],"ReturnType":{"Category":"Primitive","Name":"void"},"Security":"None","Tags":["Yields"],"ThreadSafety":"Unsafe"},{"MemberType":"Event","Name":"AssetFetchFailed","Parameters":[{"Name":"assetId","Type":{"Category":"DataType","Name":"Content"}}],"Security":"None","ThreadSafety":"Unsafe"}],"MemoryCategory":"Instances","Name":"ContentProvider","Superclass":"Instance","Tags":["NotCreatable","Service","NotReplicated"]}]}