{"Enums":[{"Items":[{"Name":"None","Value":0.0},{"Name":"Pending","Value":1.0},{"Name":"Initialized","Value":2.0},{"Name":"Error","Value":3.0},{"Name":"TimedOut","Value":4.0},{"Name":"ShutOff","Value":5.0}],"Name":"ABTestLoadingStatus"},{"Items":[{"Name":"Unknown","Value":0.0},{"Name":"Hat","Value":1.0},{"Name":"Hair","Value":2.0},{"Name":"Face","Value":3.0},{"Name":"Neck","Value":4.0},{"Name":"Shoulder","Value":5.0},{"Name":"Front","Value":6.0},{"Name":"Back","Value":7.0},{"Name":"Waist","Value":8.0},{"Name":"TShirt","Value":9.0},{"Name":"Shirt","Value":10.0},{"Name":"Pants","Value":11.0},{"Name":"Jacket","Value":12.0},{"Name":"Sweater","Value":13.0},{"Name":"Shorts","Value":14.0},{"Name":"LeftShoe","Value":15.0},{"Name":"RightShoe","Value":16.0},{"Name":"DressSkirt","Value":17.0},{"Name":"Eyebrow","Value":18.0},{"Name":"Eyelash","Value":19.0}],"Name":"AccessoryType"},{"Items":[{"Name":"Nothing","Value":0.0},{"Name":"Pause","Value":1.0},{"Name":"Lose","Value":2.0},{"Name":"Draw","Value":3.0},{"Name":"Win","Value":4.0}],"Name":"ActionType"},{"Items":[{"Name":"Attachment0","Value":0.0},{"Name":"Attachment1","Value":1.0},{"Name":"World","Value":2.0}],"Name":"ActuatorRelativeTo"},{"Items":[{"Name":"None","Value":0.0},{"Name":"Motor","Value":1.0},{"Name":"Servo","Value":2.0}],"Name":"ActuatorType"},{"Items":[{"Name":"Automatic","Value":0.0},{"Name":"Never","Value":1.0}],"Name":"AdornCullingMode"},{"Items":[{"Name":"Parallel","Value":0.0},{"Name":"Perpendicular","Value":1.0}],"Name":"AlignType"},{"Items":[{"Name":"Overlay","Value":0.0},{"Name":"Transparency","Value":1.0}],"Name":"AlphaMode"},{"Items":[{"Name":"Default","Value":0.0},{"Name":"Acquire","Value":1.0},{"Name":"Spend","Value":2.0}],"Name":"AnalyticsEconomyAction"},{"Items":[{"Name":"Trace","Value":0.0},{"Name":"Debug","Value":1.0},{"Name":"Information","Value":2.0},{"Name":"Warning","Value":3.0},{"Name":"Error","Value":4.0},{"Name":"Fatal","Value":5.0}],"Name":"AnalyticsLogLevel"},{"Items":[{"Name":"Default","Value":0.0},{"Name":"Begin","Value":1.0},{"Name":"Complete","Value":2.0},{"Name":"Abandon","Value":3.0},{"Name":"Fail","Value":4.0}],"Name":"AnalyticsProgressionStatus"},{"Items":[{"Name":"Idle","Value":0.0},{"Name":"Movement","Value":1.0},{"Name":"Action","Value":2.0},{"Name":"Action2","Value":3.0},{"Name":"Action3","Value":4.0},{"Name":"Action4","Value":5.0},{"Name":"Core","Value":1000.0}],"Name":"AnimationPriority"},{"Items":[{"Name":"Default","Value":0.0},{"Name":"Disabled","Value":1.0},{"Name":"Enabled","Value":2.0}],"Name":"AnimatorRetargetingMode"},{"Items":[{"Name":"None","Value":0.0},{"Name":"OpenApp","Value":1.0},{"Name":"TapChatTab","Value":2.0},{"Name":"TapConversationEntry","Value":3.0},{"Name":"TapAvatarTab","Value":4.0},{"Name":"ReadConversation","Value":5.0},{"Name":"TapGamePageTab","Value":6.0},{"Name":"TapHomePageTab","Value":7.0},{"Name":"GamePageLoaded","Value":8.0},{"Name":"HomePageLoaded","Value":9.0},{"Name":"AvatarEditorPageLoaded","Value":10.0}],"Name":"AppShellActionType"},{"Items":[{"Name":"None","Value":0.0},{"Name":"Chat","Value":1.0},{"Name":"AvatarEditor","Value":2.0},{"Name":"GamePage","Value":3.0},{"Name":"HomePage","Value":4.0},{"Name":"More","Value":5.0},{"Name":"Landing","Value":6.0}],"Name":"AppShellFeature"},{"Items":[{"Name":"Unknown","Value":0.0},{"Name":"NotSupported","Value":1.0},{"Name":"Failed","Value":2.0},{"Name":"NotAvailable","Value":3.0},{"Name":"Available","Value":4.0}],"Name":"AppUpdateStatus"},{"Items":[{"Name":"Contextual","Value":0.0},{"Name":"Border","Value":1.0}],"Name":"ApplyStrokeMode"},{"Items":[{"Name":"FitWithinMaxSize","Value":0.0},{"Name":"ScaleWithParentSize","Value":1.0}],"Name":"AspectType"},{"Items":[{"Name":"Success","Value":0.0},{"Name":"Failure","Value":1.0}],"Name":"AssetFetchStatus"},{"Items":[{"Name":"Image","Value":1.0},{"Name":"TShirt","Value":2.0},{"Name":"Audio","Value":3.0},{"Name":"Mesh","Value":4.0},{"Name":"Lua","Value":5.0},{"Name":"Hat","Value":8.0},{"Name":"Place","Value":9.0},{"Name":"Model","Value":10.0},{"Name":"Shirt","Value":11.0},{"Name":"Pants","Value":12.0},{"Name":"Decal","Value":13.0},{"Name":"Head","Value":17.0},{"Name":"Face","Value":18.0},{"Name":"Gear","Value":19.0},{"Name":"Badge","Value":21.0},{"Name":"Animation","Value":24.0},{"Name":"Torso","Value":27.0},{"Name":"RightArm","Value":28.0},{"Name":"LeftArm","Value":29.0},{"Name":"LeftLeg","Value":30.0},{"Name":"RightLeg","Value":31.0},{"Name":"Package","Value":32.0},{"Name":"GamePass","Value":34.0},{"Name":"Plugin","Value":38.0},{"Name":"MeshPart","Value":40.0},{"Name":"HairAccessory","Value":41.0},{"Name":"FaceAccessory","Value":42.0},{"Name":"NeckAccessory","Value":43.0},{"Name":"ShoulderAccessory","Value":44.0},{"Name":"FrontAccessory","Value":45.0},{"Name":"BackAccessory","Value":46.0},{"Name":"WaistAccessory","Value":47.0},{"Name":"ClimbAnimation","Value":48.0},{"Name":"DeathAnimation","Value":49.0},{"Name":"FallAnimation","Value":50.0},{"Name":"IdleAnimation","Value":51.0},{"Name":"JumpAnimation","Value":52.0},{"Name":"RunAnimation","Value":53.0},{"Name":"SwimAnimation","Value":54.0},{"Name":"WalkAnimation","Value":55.0},{"Name":"PoseAnimation","Value":56.0},{"Name":"EarAccessory","Value":57.0},{"Name":"EyeAccessory","Value":58.0},{"Name":"EmoteAnimation","Value":61.0},{"Name":"Video","Value":62.0},{"Name":"TShirtAccessory","Value":64.0},{"Name":"ShirtAccessory","Value":65.0},{"Name":"PantsAccessory","Value":66.0},{"Name":"JacketAccessory","Value":67.0},{"Name":"SweaterAccessory","Value":68.0},{"Name":"ShortsAccessory","Value":69.0},{"Name":"LeftShoeAccessory","Value":70.0},{"Name":"RightShoeAccessory","Value":71.0},{"Name":"DressSkirtAccessory","Value":72.0},{"Name":"EyebrowAccessory","Value":76.0},{"Name":"EyelashAccessory","Value":77.0}],"Name":"AssetType"},{"Items":[{"Name":"Default","Value":1.0},{"Name":"ClientOnly","Value":2.0},{"Name":"Always","Value":3.0}],"Name":"AssetTypeVerification"},{"Items":[{"Name":"Off","Value":0.0},{"Name":"Absolute","Value":1.0},{"Name":"Relative","Value":2.0}],"Name":"AutoIndentRule"},{"Items":[{"Name":"None","Value":0.0},{"Name":"X","Value":1.0},{"Name":"Y","Value":2.0},{"Name":"XY","Value":3.0}],"Name":"AutomaticSize"},{"Items":[{"Name":"TShirt","Value":2.0},{"Name":"Hat","Value":8.0},{"Name":"HairAccessory","Value":41.0},{"Name":"FaceAccessory","Value":42.0},{"Name":"NeckAccessory","Value":43.0},{"Name":"ShoulderAccessory","Value":44.0},{"Name":"FrontAccessory","Value":45.0},{"Name":"BackAccessory","Value":46.0},{"Name":"WaistAccessory","Value":47.0},{"Name":"Shirt","Value":11.0},{"Name":"Pants","Value":12.0},{"Name":"Gear","Value":19.0},{"Name":"Head","Value":17.0},{"Name":"Face","Value":18.0},{"Name":"Torso","Value":27.0},{"Name":"RightArm","Value":28.0},{"Name":"LeftArm","Value":29.0},{"Name":"LeftLeg","Value":30.0},{"Name":"RightLeg","Value":31.0},{"Name":"ClimbAnimation","Value":48.0},{"Name":"FallAnimation","Value":50.0},{"Name":"IdleAnimation","Value":51.0},{"Name":"JumpAnimation","Value":52.0},{"Name":"RunAnimation","Value":53.0},{"Name":"SwimAnimation","Value":54.0},{"Name":"WalkAnimation","Value":55.0},{"Name":"EmoteAnimation","Value":61.0},{"Name":"TShirtAccessory","Value":64.0},{"Name":"ShirtAccessory","Value":65.0},{"Name":"PantsAccessory","Value":66.0},{"Name":"JacketAccessory","Value":67.0},{"Name":"SweaterAccessory","Value":68.0},{"Name":"ShortsAccessory","Value":69.0},{"Name":"LeftShoeAccessory","Value":70.0},{"Name":"RightShoeAccessory","Value":71.0},{"Name":"DressSkirtAccessory","Value":72.0},{"Name":"EyebrowAccessory","Value":76.0},{"Name":"EyelashAccessory","Value":77.0}],"Name":"AvatarAssetType"},{"Items":[{"Name":"Friend","Value":0.0},{"Name":"Chat","Value":1.0},{"Name":"Emote","Value":2.0},{"Name":"InspectMenu","Value":3.0}],"Name":"AvatarContextMenuOption"},{"Items":[{"Name":"Asset","Value":1.0},{"Name":"Bundle","Value":2.0}],"Name":"AvatarItemType"},{"Items":[{"Name":"Success","Value":1.0},{"Name":"PermissionDenied","Value":2.0},{"Name":"Failed","Value":3.0}],"Name":"AvatarPromptResult"},{"Items":[{"Name":"X","Value":0.0},{"Name":"Y","Value":1.0},{"Name":"Z","Value":2.0}],"Name":"Axis"},{"Items":[{"Name":"Script","Value":0.0},{"Name":"GameTool","Value":1.0},{"Name":"Grab","Value":2.0},{"Name":"Clone","Value":3.0},{"Name":"Hammer","Value":4.0}],"Name":"BinType"},{"Items":[{"Name":"Head","Value":0.0},{"Name":"Torso","Value":1.0},{"Name":"LeftArm","Value":2.0},{"Name":"RightArm","Value":3.0},{"Name":"LeftLeg","Value":4.0},{"Name":"RightLeg","Value":5.0}],"Name":"BodyPart"},{"Items":[{"Name":"Head","Value":0.0},{"Name":"UpperTorso","Value":1.0},{"Name":"LowerTorso","Value":2.0},{"Name":"LeftFoot","Value":3.0},{"Name":"LeftLowerLeg","Value":4.0},{"Name":"LeftUpperLeg","Value":5.0},{"Name":"RightFoot","Value":6.0},{"Name":"RightLowerLeg","Value":7.0},{"Name":"RightUpperLeg","Value":8.0},{"Name":"LeftHand","Value":9.0},{"Name":"LeftLowerArm","Value":10.0},{"Name":"LeftUpperArm","Value":11.0},{"Name":"RightHand","Value":12.0},{"Name":"RightLowerArm","Value":13.0},{"Name":"RightUpperArm","Value":14.0},{"Name":"RootPart","Value":15.0},{"Name":"Unknown","Value":17.0}],"Name":"BodyPartR15"},{"Items":[{"Name":"Outline","Value":0.0},{"Name":"Middle","Value":1.0},{"Name":"Inset","Value":2.0}],"Name":"BorderMode"},{"Items":[{"Name":"Other","Value":0.0},{"Name":"Error","Value":1.0},{"Name":"UserBreakpoint","Value":3.0},{"Name":"SpecialBreakpoint","Value":2.0}],"Name":"BreakReason"},{"Items":[{"Name":"Requested","Value":0.0},{"Name":"ScriptChanged","Value":1.0},{"Name":"ScriptRemoved","Value":2.0}],"Name":"BreakpointRemoveReason"},{"Items":[{"Name":"FireAllEvents","Value":0.0},{"Name":"FireCFrameChanged","Value":1.0}],"Name":"BulkMoveMode"},{"Items":[{"Name":"BodyParts","Value":1.0},{"Name":"Animations","Value":2.0},{"Name":"Shoes","Value":3.0}],"Name":"BundleType"},{"Items":[{"Name":"Jump","Value":32.0},{"Name":"Dismount","Value":8.0}],"Name":"Button"},{"Items":[{"Name":"Custom","Value":0.0},{"Name":"RobloxButtonDefault","Value":1.0},{"Name":"RobloxButton","Value":2.0},{"Name":"RobloxRoundButton","Value":3.0},{"Name":"RobloxRoundDefaultButton","Value":4.0},{"Name":"RobloxRoundDropdownButton","Value":5.0}],"Name":"ButtonStyle"},{"Items":[{"Name":"Inner","Value":0.0},{"Name":"Outer","Value":1.0}],"Name":"CageType"},{"Items":[{"Name":"Classic","Value":0.0},{"Name":"LockFirstPerson","Value":1.0}],"Name":"CameraMode"},{"Items":[{"Name":"Classic","Value":0.0},{"Name":"EdgeBump","Value":1.0}],"Name":"CameraPanMode"},{"Items":[{"Name":"Fixed","Value":0.0},{"Name":"Watch","Value":2.0},{"Name":"Attach","Value":1.0},{"Name":"Track","Value":3.0},{"Name":"Follow","Value":4.0},{"Name":"Custom","Value":5.0},{"Name":"Scriptable","Value":6.0},{"Name":"Orbital","Value":7.0}],"Name":"CameraType"},{"Items":[{"Name":"None","Value":1.0},{"Name":"Featured","Value":2.0},{"Name":"Collectibles","Value":3.0},{"Name":"CommunityCreations","Value":4.0},{"Name":"Premium","Value":5.0},{"Name":"Recommended","Value":6.0}],"Name":"CatalogCategoryFilter"},{"Items":[{"Name":"Relevance","Value":1.0},{"Name":"PriceHighToLow","Value":2.0},{"Name":"PriceLowToHigh","Value":3.0},{"Name":"RecentlyUpdated","Value":4.0},{"Name":"MostFavorited","Value":5.0}],"Name":"CatalogSortType"},{"Items":[{"Name":"Solid","Value":0.0},{"Name":"VerticalWedge","Value":1.0},{"Name":"CornerWedge","Value":2.0},{"Name":"InverseCornerWedge","Value":3.0},{"Name":"HorizontalWedge","Value":4.0}],"Name":"CellBlock"},{"Items":[{"Name":"Empty","Value":0.0},{"Name":"Grass","Value":1.0},{"Name":"Sand","Value":2.0},{"Name":"Brick","Value":3.0},{"Name":"Granite","Value":4.0},{"Name":"Asphalt","Value":5.0},{"Name":"Iron","Value":6.0},{"Name":"Aluminum","Value":7.0},{"Name":"Gold","Value":8.0},{"Name":"WoodPlank","Value":9.0},{"Name":"WoodLog","Value":10.0},{"Name":"Gravel","Value":11.0},{"Name":"CinderBlock","Value":12.0},{"Name":"MossyStone","Value":13.0},{"Name":"Cement","Value":14.0},{"Name":"RedPlastic","Value":15.0},{"Name":"BluePlastic","Value":16.0},{"Name":"Water","Value":17.0}],"Name":"CellMaterial"},{"Items":[{"Name":"NegZ","Value":0.0},{"Name":"X","Value":1.0},{"Name":"Z","Value":2.0},{"Name":"NegX","Value":3.0}],"Name":"CellOrientation"},{"Items":[{"Name":"UnsolicitedDialog","Value":1.0},{"Name":"PlayerInitiatedDialog","Value":2.0},{"Name":"ModalDialog","Value":3.0},{"Name":"QuitDialog","Value":4.0}],"Name":"CenterDialogType"},{"Items":[{"Name":"OnCreatingChatWindow","Value":1.0},{"Name":"OnClientSendingMessage","Value":2.0},{"Name":"OnClientFormattingMessage","Value":3.0},{"Name":"OnServerReceivingMessage","Value":17.0}],"Name":"ChatCallbackType"},{"Items":[{"Name":"Blue","Value":0.0},{"Name":"Green","Value":1.0},{"Name":"Red","Value":2.0},{"Name":"White","Value":3.0}],"Name":"ChatColor"},{"Items":[{"Name":"Menu","Value":0.0},{"Name":"TextAndMenu","Value":1.0}],"Name":"ChatMode"},{"Items":[{"Name":"AllUsers","Value":0.0},{"Name":"NoOne","Value":1.0},{"Name":"Friends","Value":2.0}],"Name":"ChatPrivacyMode"},{"Items":[{"Name":"Classic","Value":0.0},{"Name":"Bubble","Value":1.0},{"Name":"ClassicAndBubble","Value":2.0}],"Name":"ChatStyle"},{"Items":[{"Name":"LegacyChatService","Value":0.0},{"Name":"TextChatService","Value":1.0}],"Name":"ChatVersion"},{"Items":[{"Name":"Default","Value":0.0},{"Name":"Disabled","Value":1.0},{"Name":"Enabled","Value":2.0}],"Name":"ClientAnimatorThrottlingMode"},{"Items":[{"Name":"Default","Value":0.0},{"Name":"Hull","Value":1.0},{"Name":"Box","Value":2.0},{"Name":"PreciseConvexDecomposition","Value":3.0}],"Name":"CollisionFidelity"},{"Items":[{"Name":"Plugin","Value":0.0},{"Name":"LocalUser","Value":1.0}],"Name":"CommandPermission"},{"Items":[{"Name":"Default","Value":0.0},{"Name":"Follow","Value":2.0},{"Name":"Classic","Value":1.0},{"Name":"Orbital","Value":3.0},{"Name":"CameraToggle","Value":4.0}],"Name":"ComputerCameraMovementMode"},{"Items":[{"Name":"Default","Value":0.0},{"Name":"KeyboardMouse","Value":1.0},{"Name":"ClickToMove","Value":2.0}],"Name":"ComputerMovementMode"},{"Items":[{"Name":"OK","Value":0.0},{"Name":"DisconnectErrors","Value":256.0},{"Name":"DisconnectBadhash","Value":257.0},{"Name":"DisconnectSecurityKeyMismatch","Value":258.0},{"Name":"DisconnectNewSecurityKeyMismatch","Value":272.0},{"Name":"DisconnectProtocolMismatch","Value":259.0},{"Name":"DisconnectReceivePacketError","Value":260.0},{"Name":"DisconnectReceivePacketStreamError","Value":261.0},{"Name":"DisconnectSendPacketError","Value":262.0},{"Name":"DisconnectIllegalTeleport","Value":263.0},{"Name":"DisconnectDuplicatePlayer","Value":264.0},{"Name":"DisconnectDuplicateTicket","Value":265.0},{"Name":"DisconnectTimeout","Value":266.0},{"Name":"DisconnectLuaKick","Value":267.0},{"Name":"DisconnectOnRemoteSysStats","Value":268.0},{"Name":"DisconnectHashTimeout","Value":269.0},{"Name":"DisconnectCloudEditKick","Value":270.0},{"Name":"DisconnectPlayerless","Value":271.0},{"Name":"DisconnectEvicted","Value":273.0},{"Name":"DisconnectDevMaintenance","Value":274.0},{"Name":"DisconnectRobloxMaintenance","Value":275.0},{"Name":"DisconnectRejoin","Value":276.0},{"Name":"DisconnectConnectionLost","Value":277.0},{"Name":"DisconnectIdle","Value":278.0},{"Name":"DisconnectRaknetErrors","Value":279.0},{"Name":"DisconnectWrongVersion","Value":280.0},{"Name":"DisconnectBySecurityPolicy","Value":281.0},{"Name":"DisconnectBlockedIP","Value":282.0},{"Name":"DisconnectClientFailure","Value":284.0},{"Name":"DisconnectClientRequest","Value":285.0},{"Name":"DisconnectOutOfMemory","Value":286.0},{"Name":"DisconnectModeratedGame","Value":287.0},{"Name":"PlacelaunchErrors","Value":512.0},{"Name":"PlacelaunchDisabled","Value":515.0},{"Name":"PlacelaunchError","Value":516.0},{"Name":"PlacelaunchGameEnded","Value":517.0},{"Name":"PlacelaunchGameFull","Value":518.0},{"Name":"PlacelaunchUserLeft","Value":522.0},{"Name":"PlacelaunchRestricted","Value":523.0},{"Name":"PlacelaunchUnauthorized","Value":524.0},{"Name":"PlacelaunchFlooded","Value":525.0},{"Name":"PlacelaunchHashExpired","Value":526.0},{"Name":"PlacelaunchHashException","Value":527.0},{"Name":"PlacelaunchPartyCannotFit","Value":528.0},{"Name":"PlacelaunchHttpError","Value":529.0},{"Name":"PlacelaunchCustomMessage","Value":610.0},{"Name":"PlacelaunchOtherError","Value":611.0},{"Name":"TeleportErrors","Value":768.0},{"Name":"TeleportFailure","Value":769.0},{"Name":"TeleportGameNotFound","Value":770.0},{"Name":"TeleportGameEnded","Value":771.0},{"Name":"TeleportGameFull","Value":772.0},{"Name":"TeleportUnauthorized","Value":773.0},{"Name":"TeleportFlooded","Value":774.0},{"Name":"TeleportIsTeleporting","Value":775.0}],"Name":"ConnectionError"},{"Items":[{"Name":"Connected","Value":0.0},{"Name":"Disconnected","Value":1.0}],"Name":"ConnectionState"},{"Items":[{"Name":"Low","Value":1000.0},{"Name":"Medium","Value":2000.0},{"Name":"Default","Value":2000.0},{"Name":"High","Value":3000.0}],"Name":"ContextActionPriority"},{"Items":[{"Name":"Pass","Value":1.0},{"Name":"Sink","Value":0.0}],"Name":"ContextActionResult"},{"Items":[{"Name":"MouseLockSwitch","Value":1.0},{"Name":"Classic","Value":0.0}],"Name":"ControlMode"},{"Items":[{"Name":"PlayerList","Value":0.0},{"Name":"Health","Value":1.0},{"Name":"Backpack","Value":2.0},{"Name":"Chat","Value":3.0},{"Name":"All","Value":4.0},{"Name":"EmotesMenu","Value":5.0}],"Name":"CoreGuiType"},{"Items":[{"Name":"InvalidName","Value":1.0},{"Name":"OutfitLimitReached","Value":2.0},{"Name":"Other","Value":3.0}],"Name":"CreateOutfitFailure"},{"Items":[{"Name":"User","Value":0.0},{"Name":"Group","Value":1.0}],"Name":"CreatorType"},{"Items":[{"Name":"Default","Value":0.0},{"Name":"Robux","Value":1.0},{"Name":"Tix","Value":2.0}],"Name":"CurrencyType"},{"Items":[{"Name":"Default","Value":0.0},{"Name":"Follow","Value":2.0},{"Name":"Classic","Value":1.0}],"Name":"CustomCameraMode"},{"Items":[{"Name":"GetAsync","Value":0.0},{"Name":"SetIncrementAsync","Value":1.0},{"Name":"UpdateAsync","Value":2.0},{"Name":"GetSortedAsync","Value":3.0},{"Name":"SetIncrementSortedAsync","Value":4.0},{"Name":"OnUpdate","Value":5.0}],"Name":"DataStoreRequestType"},{"Items":[{"Name":"ClientRequest","Value":0.0},{"Name":"Timeout","Value":1.0},{"Name":"InvalidHost","Value":2.0},{"Name":"Disconnected","Value":3.0},{"Name":"ServerShutdown","Value":4.0},{"Name":"ServerProtocolMismatch","Value":5.0},{"Name":"ConfigurationFailed","Value":6.0},{"Name":"RpcError","Value":7.0}],"Name":"DebuggerEndReason"},{"Items":[{"Name":"Never","Value":0.0},{"Name":"Unhandled","Value":1.0},{"Name":"Always","Value":2.0}],"Name":"DebuggerExceptionBreakMode"},{"Items":[{"Name":"C","Value":0.0},{"Name":"Lua","Value":1.0}],"Name":"DebuggerFrameType"},{"Items":[{"Name":"Unknown","Value":0.0},{"Name":"Requested","Value":1.0},{"Name":"Breakpoint","Value":2.0},{"Name":"Exception","Value":3.0},{"Name":"SingleStep","Value":4.0},{"Name":"Entrypoint","Value":5.0}],"Name":"DebuggerPauseReason"},{"Items":[{"Name":"Success","Value":0.0},{"Name":"Timeout","Value":1.0},{"Name":"ConnectionLost","Value":2.0},{"Name":"InvalidResponse","Value":3.0},{"Name":"InternalError","Value":4.0},{"Name":"InvalidState","Value":5.0},{"Name":"RpcError","Value":6.0},{"Name":"InvalidArgument","Value":7.0},{"Name":"ConnectionClosed","Value":8.0}],"Name":"DebuggerStatus"},{"Items":[{"Name":"Zoom","Value":0.0},{"Name":"Invisicam","Value":1.0}],"Name":"DevCameraOcclusionMode"},{"Items":[{"Name":"UserChoice","Value":0.0},{"Name":"Classic","Value":1.0},{"Name":"Follow","Value":2.0},{"Name":"Orbital","Value":3.0},{"Name":"CameraToggle","Value":4.0}],"Name":"DevComputerCameraMovementMode"},{"Items":[{"Name":"UserChoice","Value":0.0},{"Name":"KeyboardMouse","Value":1.0},{"Name":"ClickToMove","Value":2.0},{"Name":"Scriptable","Value":3.0}],"Name":"DevComputerMovementMode"},{"Items":[{"Name":"UserChoice","Value":0.0},{"Name":"Classic","Value":1.0},{"Name":"Follow","Value":2.0},{"Name":"Orbital","Value":3.0}],"Name":"DevTouchCameraMovementMode"},{"Items":[{"Name":"UserChoice","Value":0.0},{"Name":"Thumbstick","Value":1.0},{"Name":"DPad","Value":2.0},{"Name":"Thumbpad","Value":3.0},{"Name":"ClickToMove","Value":4.0},{"Name":"Scriptable","Value":5.0},{"Name":"DynamicThumbstick","Value":6.0}],"Name":"DevTouchMovementMode"},{"Items":[{"Name":"Internal","Value":0.0},{"Name":"HttpCache","Value":1.0},{"Name":"Instances","Value":2.0},{"Name":"Signals","Value":3.0},{"Name":"LuaHeap","Value":4.0},{"Name":"Script","Value":5.0},{"Name":"PhysicsCollision","Value":6.0},{"Name":"PhysicsParts","Value":7.0},{"Name":"GraphicsSolidModels","Value":8.0},{"Name":"GraphicsMeshParts","Value":10.0},{"Name":"GraphicsParticles","Value":11.0},{"Name":"GraphicsParts","Value":12.0},{"Name":"GraphicsSpatialHash","Value":13.0},{"Name":"GraphicsTerrain","Value":14.0},{"Name":"GraphicsTexture","Value":15.0},{"Name":"GraphicsTextureCharacter","Value":16.0},{"Name":"Sounds","Value":17.0},{"Name":"StreamingSounds","Value":18.0},{"Name":"TerrainVoxels","Value":19.0},{"Name":"Gui","Value":21.0},{"Name":"Animation","Value":22.0},{"Name":"Navigation","Value":23.0},{"Name":"GeometryCSG","Value":24.0}],"Name":"DeveloperMemoryTag"},{"Items":[{"Name":"Unknown","Value":0.0},{"Name":"Desktop","Value":1.0},{"Name":"Tablet","Value":2.0},{"Name":"Phone","Value":3.0}],"Name":"DeviceType"},{"Items":[{"Name":"SinglePlayer","Value":0.0},{"Name":"MultiplePlayers","Value":1.0}],"Name":"DialogBehaviorType"},{"Items":[{"Name":"Quest","Value":0.0},{"Name":"Help","Value":1.0},{"Name":"Shop","Value":2.0}],"Name":"DialogPurpose"},{"Items":[{"Name":"Neutral","Value":0.0},{"Name":"Friendly","Value":1.0},{"Name":"Enemy","Value":2.0}],"Name":"DialogTone"},{"Items":[{"Name":"Width","Value":0.0},{"Name":"Height","Value":1.0}],"Name":"DominantAxis"},{"Items":[{"Name":"OK","Value":0.0},{"Name":"DraftOutdated","Value":1.0},{"Name":"ScriptRemoved","Value":2.0},{"Name":"DraftCommitted","Value":3.0}],"Name":"DraftStatusCode"},{"Items":[{"Name":"Object","Value":0.0},{"Name":"World","Value":1.0}],"Name":"DraggerCoordinateSpace"},{"Items":[{"Name":"Geometric","Value":0.0},{"Name":"Physical","Value":1.0}],"Name":"DraggerMovementMode"},{"Items":[{"Name":"In","Value":0.0},{"Name":"Out","Value":1.0},{"Name":"InOut","Value":2.0}],"Name":"EasingDirection"},{"Items":[{"Name":"Linear","Value":0.0},{"Name":"Sine","Value":1.0},{"Name":"Back","Value":2.0},{"Name":"Quad","Value":3.0},{"Name":"Quart","Value":4.0},{"Name":"Quint","Value":5.0},{"Name":"Bounce","Value":6.0},{"Name":"Elastic","Value":7.0},{"Name":"Exponential","Value":8.0},{"Name":"Circular","Value":9.0},{"Name":"Cubic","Value":10.0}],"Name":"EasingStyle"},{"Items":[{"Name":"WhenScrollable","Value":0.0},{"Name":"Always","Value":1.0},{"Name":"Never","Value":2.0}],"Name":"ElasticBehavior"},{"Items":[{"Name":"DefaultAuto","Value":0.0},{"Name":"Disabled","Value":1.0},{"Name":"Always","Value":2.0},{"Name":"Skip2","Value":3.0},{"Name":"Skip4","Value":4.0},{"Name":"Skip8","Value":5.0},{"Name":"Skip16","Value":6.0}],"Name":"EnviromentalPhysicsThrottle"},{"Items":[{"Name":"NoCraters","Value":0.0},{"Name":"Craters","Value":1.0}],"Name":"ExplosionType"},{"Items":[{"Name":"Vertical","Value":0.0},{"Name":"Diagonal","Value":1.0},{"Name":"MaxAxis","Value":2.0}],"Name":"FieldOfViewMode"},{"Items":[{"Name":"Horizontal","Value":0.0},{"Name":"Vertical","Value":1.0}],"Name":"FillDirection"},{"Items":[{"Name":"Rejected","Value":1.0},{"Name":"Accepted","Value":0.0}],"Name":"FilterResult"},{"Items":[{"Name":"Legacy","Value":0.0},{"Name":"Arial","Value":1.0},{"Name":"ArialBold","Value":2.0},{"Name":"SourceSans","Value":3.0},{"Name":"SourceSansBold","Value":4.0},{"Name":"SourceSansSemibold","Value":16.0},{"Name":"SourceSansLight","Value":5.0},{"Name":"SourceSansItalic","Value":6.0},{"Name":"Bodoni","Value":7.0},{"Name":"Garamond","Value":8.0},{"Name":"Cartoon","Value":9.0},{"Name":"Code","Value":10.0},{"Name":"Highway","Value":11.0},{"Name":"SciFi","Value":12.0},{"Name":"Arcade","Value":13.0},{"Name":"Fantasy","Value":14.0},{"Name":"Antique","Value":15.0},{"Name":"Gotham","Value":17.0},{"Name":"GothamSemibold","Value":18.0},{"Name":"GothamBold","Value":19.0},{"Name":"GothamBlack","Value":20.0},{"Name":"AmaticSC","Value":21.0},{"Name":"Bangers","Value":22.0},{"Name":"Creepster","Value":23.0},{"Name":"DenkOne","Value":24.0},{"Name":"Fondamento","Value":25.0},{"Name":"FredokaOne","Value":26.0},{"Name":"GrenzeGotisch","Value":27.0},{"Name":"IndieFlower","Value":28.0},{"Name":"JosefinSans","Value":29.0},{"Name":"Jura","Value":30.0},{"Name":"Kalam","Value":31.0},{"Name":"LuckiestGuy","Value":32.0},{"Name":"Merriweather","Value":33.0},{"Name":"Michroma","Value":34.0},{"Name":"Nunito","Value":35.0},{"Name":"Oswald","Value":36.0},{"Name":"PatrickHand","Value":37.0},{"Name":"PermanentMarker","Value":38.0},{"Name":"Roboto","Value":39.0},{"Name":"RobotoCondensed","Value":40.0},{"Name":"RobotoMono","Value":41.0},{"Name":"Sarpanch","Value":42.0},{"Name":"SpecialElite","Value":43.0},{"Name":"TitilliumWeb","Value":44.0},{"Name":"Ubuntu","Value":45.0},{"Name":"Unknown","Value":100.0}],"Name":"Font"},{"Items":[{"Name":"Size8","Value":0.0},{"Name":"Size9","Value":1.0},{"Name":"Size10","Value":2.0},{"Name":"Size11","Value":3.0},{"Name":"Size12","Value":4.0},{"Name":"Size14","Value":5.0},{"Name":"Size18","Value":6.0},{"Name":"Size24","Value":7.0},{"Name":"Size36","Value":8.0},{"Name":"Size48","Value":9.0},{"Name":"Size28","Value":10.0},{"Name":"Size32","Value":11.0},{"Name":"Size42","Value":12.0},{"Name":"Size60","Value":13.0},{"Name":"Size96","Value":14.0}],"Name":"FontSize"},{"Items":[{"Name":"Normal","Value":0.0},{"Name":"Italic","Value":1.0}],"Name":"FontStyle"},{"Items":[{"Name":"Thin","Value":100.0},{"Name":"ExtraLight","Value":200.0},{"Name":"Light","Value":300.0},{"Name":"Regular","Value":400.0},{"Name":"Medium","Value":500.0},{"Name":"SemiBold","Value":600.0},{"Name":"Bold","Value":700.0},{"Name":"ExtraBold","Value":800.0},{"Name":"Heavy","Value":900.0}],"Name":"FontWeight"},{"Items":[{"Name":"Symmetric","Value":0.0},{"Name":"Brick","Value":1.0},{"Name":"Plate","Value":2.0},{"Name":"Custom","Value":3.0}],"Name":"FormFactor"},{"Items":[{"Name":"Custom","Value":0.0},{"Name":"ChatBlue","Value":1.0},{"Name":"RobloxSquare","Value":2.0},{"Name":"RobloxRound","Value":3.0},{"Name":"ChatGreen","Value":4.0},{"Name":"ChatRed","Value":5.0},{"Name":"DropShadow","Value":6.0}],"Name":"FrameStyle"},{"Items":[{"Name":"Automatic","Value":0.0},{"Name":"On","Value":1.0},{"Name":"Off","Value":2.0}],"Name":"FramerateManagerMode"},{"Items":[{"Name":"Issue","Value":0.0},{"Name":"Revoke","Value":1.0},{"Name":"Accept","Value":2.0},{"Name":"Deny","Value":3.0}],"Name":"FriendRequestEvent"},{"Items":[{"Name":"Unknown","Value":0.0},{"Name":"NotFriend","Value":1.0},{"Name":"Friend","Value":2.0},{"Name":"FriendRequestSent","Value":3.0},{"Name":"FriendRequestReceived","Value":4.0}],"Name":"FriendStatus"},{"Items":[{"Name":"Passed","Value":0.0},{"Name":"Warning","Value":1.0},{"Name":"Error","Value":2.0}],"Name":"FunctionalTestResult"},{"Items":[{"Name":"R6","Value":0.0},{"Name":"R15","Value":1.0},{"Name":"PlayerChoice","Value":2.0}],"Name":"GameAvatarType"},{"Items":[{"Name":"AllGenres","Tags":["Deprecated"],"Value":0.0},{"Name":"MatchingGenreOnly","Tags":["Deprecated"],"Value":1.0}],"Name":"GearGenreSetting","Tags":["Deprecated"]},{"Items":[{"Name":"MeleeWeapons","Tags":["Deprecated"],"Value":0.0},{"Name":"RangedWeapons","Tags":["Deprecated"],"Value":1.0},{"Name":"Explosives","Tags":["Deprecated"],"Value":2.0},{"Name":"PowerUps","Tags":["Deprecated"],"Value":3.0},{"Name":"NavigationEnhancers","Tags":["Deprecated"],"Value":4.0},{"Name":"MusicalInstruments","Tags":["Deprecated"],"Value":5.0},{"Name":"SocialItems","Tags":["Deprecated"],"Value":6.0},{"Name":"BuildingTools","Tags":["Deprecated"],"Value":7.0},{"Name":"Transport","Tags":["Deprecated"],"Value":8.0}],"Name":"GearType","Tags":["Deprecated"]},{"Items":[{"Name":"All","Value":0.0},{"Name":"TownAndCity","Value":1.0},{"Name":"Fantasy","Value":2.0},{"Name":"SciFi","Value":3.0},{"Name":"Ninja","Value":4.0},{"Name":"Scary","Value":5.0},{"Name":"Pirate","Value":6.0},{"Name":"Adventure","Value":7.0},{"Name":"Sports","Value":8.0},{"Name":"Funny","Value":9.0},{"Name":"WildWest","Value":10.0},{"Name":"War","Value":11.0},{"Name":"SkatePark","Value":12.0},{"Name":"Tutorial","Value":13.0}],"Name":"Genre","Tags":["Deprecated"]},{"Items":[{"Name":"Automatic","Value":1.0},{"Name":"Direct3D11","Value":2.0},{"Name":"OpenGL","Value":4.0},{"Name":"Metal","Value":5.0},{"Name":"Vulkan","Value":6.0},{"Name":"NoGraphics","Value":7.0}],"Name":"GraphicsMode"},{"Items":[{"Name":"Resize","Value":0.0},{"Name":"Movement","Value":1.0}],"Name":"HandlesStyle"},{"Items":[{"Name":"AlwaysOnTop","Value":0.0},{"Name":"Occluded","Value":1.0}],"Name":"HighlightDepthMode"},{"Items":[{"Name":"Center","Value":0.0},{"Name":"Left","Value":1.0},{"Name":"Right","Value":2.0}],"Name":"HorizontalAlignment"},{"Items":[{"Name":"VerySlow","Value":0.0},{"Name":"Slow","Value":1.0},{"Name":"Medium","Value":2.0},{"Name":"Fast","Value":3.0},{"Name":"VeryFast","Value":4.0}],"Name":"HoverAnimateSpeed"},{"Items":[{"Name":"None","Value":0.0},{"Name":"Full","Value":1.0},{"Name":"DataOnly","Value":2.0},{"Name":"Default","Value":3.0},{"Name":"InternalRedirectRefresh","Value":4.0}],"Name":"HttpCachePolicy"},{"Items":[{"Name":"ApplicationJson","Value":0.0},{"Name":"ApplicationXml","Value":1.0},{"Name":"ApplicationUrlEncoded","Value":2.0},{"Name":"TextPlain","Value":3.0},{"Name":"TextXml","Value":4.0}],"Name":"HttpContentType"},{"Items":[{"Name":"OK","Value":0.0},{"Name":"InvalidUrl","Value":1.0},{"Name":"DnsResolve","Value":2.0},{"Name":"ConnectFail","Value":3.0},{"Name":"OutOfMemory","Value":4.0},{"Name":"TimedOut","Value":5.0},{"Name":"TooManyRedirects","Value":6.0},{"Name":"InvalidRedirect","Value":7.0},{"Name":"NetFail","Value":8.0},{"Name":"Aborted","Value":9.0},{"Name":"SslConnectFail","Value":10.0},{"Name":"SslVerificationFail","Value":11.0},{"Name":"Unknown","Value":12.0}],"Name":"HttpError"},{"Items":[{"Name":"Default","Value":0.0},{"Name":"MarketplaceService","Value":2.0},{"Name":"Players","Value":7.0},{"Name":"Chat","Value":15.0},{"Name":"Avatar","Value":16.0},{"Name":"Analytics","Value":23.0},{"Name":"Localization","Value":25.0}],"Name":"HttpRequestType"},{"Items":[{"Name":"OuterBox","Value":0.0},{"Name":"InnerBox","Value":1.0}],"Name":"HumanoidCollisionType"},{"Items":[{"Name":"Viewer","Value":0.0},{"Name":"Subject","Value":1.0},{"Name":"None","Value":2.0}],"Name":"HumanoidDisplayDistanceType"},{"Items":[{"Name":"DisplayWhenDamaged","Value":0.0},{"Name":"AlwaysOn","Value":1.0},{"Name":"AlwaysOff","Value":2.0}],"Name":"HumanoidHealthDisplayType"},{"Items":[{"Name":"Default","Value":0.0},{"Name":"Disabled","Value":1.0},{"Name":"Enabled","Value":2.0}],"Name":"HumanoidOnlySetCollisionsOnStateChange"},{"Items":[{"Name":"R6","Value":0.0},{"Name":"R15","Value":1.0}],"Name":"HumanoidRigType"},{"Items":[{"Name":"FallingDown","Value":0.0},{"Name":"Running","Value":8.0},{"Name":"RunningNoPhysics","Value":10.0},{"Name":"Climbing","Value":12.0},{"Name":"StrafingNoPhysics","Value":11.0},{"Name":"Ragdoll","Value":1.0},{"Name":"GettingUp","Value":2.0},{"Name":"Jumping","Value":3.0},{"Name":"Landed","Value":7.0},{"Name":"Flying","Value":6.0},{"Name":"Freefall","Value":5.0},{"Name":"Seated","Value":13.0},{"Name":"PlatformStanding","Value":14.0},{"Name":"Dead","Value":15.0},{"Name":"Swimming","Value":4.0},{"Name":"Physics","Value":16.0},{"Name":"None","Value":18.0}],"Name":"HumanoidStateType"},{"Items":[{"Name":"NoCollisions","Value":0.0},{"Name":"OtherMechanismsAnchored","Value":1.0},{"Name":"IncludeContactedMechanisms","Value":2.0}],"Name":"IKCollisionsMode"},{"Items":[{"Name":"None","Value":0.0},{"Name":"Pending","Value":1.0},{"Name":"Initialized","Value":2.0},{"Name":"ShutOff","Value":3.0},{"Name":"ErrorTimedOut","Value":7.0},{"Name":"ErrorConnection","Value":5.0},{"Name":"ErrorJsonParse","Value":6.0},{"Name":"ErrorInvalidUser","Value":4.0}],"Name":"IXPLoadingStatus"},{"Items":[{"Name":"Edge","Value":0.0},{"Name":"Inset","Value":1.0},{"Name":"Center","Value":2.0}],"Name":"InOut"},{"Items":[{"Name":"Asset","Value":0.0},{"Name":"Product","Value":1.0},{"Name":"GamePass","Value":2.0},{"Name":"Subscription","Value":3.0},{"Name":"Bundle","Value":4.0}],"Name":"InfoType"},{"Items":[{"Name":"Top","Value":0.0},{"Name":"Bottom","Value":1.0},{"Name":"Left","Value":2.0},{"Name":"Right","Value":3.0},{"Name":"Float","Value":4.0}],"Name":"InitialDockState"},{"Items":[{"Name":"NoInput","Value":0.0},{"Name":"Constant","Value":12.0},{"Name":"Sin","Value":13.0}],"Name":"InputType"},{"Items":[{"Name":"Default","Value":0.0},{"Name":"Disabled","Value":1.0},{"Name":"Enabled","Value":2.0}],"Name":"InterpolationThrottlingMode"},{"Items":[{"Name":"All","Value":0.0},{"Name":"Surface","Value":1.0},{"Name":"None","Value":2.0}],"Name":"JointCreationMode"},{"Items":[{"Name":"Unknown","Value":0.0},{"Name":"Backspace","Value":8.0},{"Name":"Tab","Value":9.0},{"Name":"Clear","Value":12.0},{"Name":"Return","Value":13.0},{"Name":"Pause","Value":19.0},{"Name":"Escape","Value":27.0},{"Name":"Space","Value":32.0},{"Name":"QuotedDouble","Value":34.0},{"Name":"Hash","Value":35.0},{"Name":"Dollar","Value":36.0},{"Name":"Percent","Value":37.0},{"Name":"Ampersand","Value":38.0},{"Name":"Quote","Value":39.0},{"Name":"LeftParenthesis","Value":40.0},{"Name":"RightParenthesis","Value":41.0},{"Name":"Asterisk","Value":42.0},{"Name":"Plus","Value":43.0},{"Name":"Comma","Value":44.0},{"Name":"Minus","Value":45.0},{"Name":"Period","Value":46.0},{"Name":"Slash","Value":47.0},{"Name":"Zero","Value":48.0},{"Name":"One","Value":49.0},{"Name":"Two","Value":50.0},{"Name":"Three","Value":51.0},{"Name":"Four","Value":52.0},{"Name":"Five","Value":53.0},{"Name":"Six","Value":54.0},{"Name":"Seven","Value":55.0},{"Name":"Eight","Value":56.0},{"Name":"Nine","Value":57.0},{"Name":"Colon","Value":58.0},{"Name":"Semicolon","Value":59.0},{"Name":"LessThan","Value":60.0},{"Name":"Equals","Value":61.0},{"Name":"GreaterThan","Value":62.0},{"Name":"Question","Value":63.0},{"Name":"At","Value":64.0},{"Name":"LeftBracket","Value":91.0},{"Name":"BackSlash","Value":92.0},{"Name":"RightBracket","Value":93.0},{"Name":"Caret","Value":94.0},{"Name":"Underscore","Value":95.0},{"Name":"Backquote","Value":96.0},{"Name":"A","Value":97.0},{"Name":"B","Value":98.0},{"Name":"C","Value":99.0},{"Name":"D","Value":100.0},{"Name":"E","Value":101.0},{"Name":"F","Value":102.0},{"Name":"G","Value":103.0},{"Name":"H","Value":104.0},{"Name":"I","Value":105.0},{"Name":"J","Value":106.0},{"Name":"K","Value":107.0},{"Name":"L","Value":108.0},{"Name":"M","Value":109.0},{"Name":"N","Value":110.0},{"Name":"O","Value":111.0},{"Name":"P","Value":112.0},{"Name":"Q","Value":113.0},{"Name":"R","Value":114.0},{"Name":"S","Value":115.0},{"Name":"T","Value":116.0},{"Name":"U","Value":117.0},{"Name":"V","Value":118.0},{"Name":"W","Value":119.0},{"Name":"X","Value":120.0},{"Name":"Y","Value":121.0},{"Name":"Z","Value":122.0},{"Name":"LeftCurly","Value":123.0},{"Name":"Pipe","Value":124.0},{"Name":"RightCurly","Value":125.0},{"Name":"Tilde","Value":126.0},{"Name":"Delete","Value":127.0},{"Name":"KeypadZero","Value":256.0},{"Name":"KeypadOne","Value":257.0},{"Name":"KeypadTwo","Value":258.0},{"Name":"KeypadThree","Value":259.0},{"Name":"KeypadFour","Value":260.0},{"Name":"KeypadFive","Value":261.0},{"Name":"KeypadSix","Value":262.0},{"Name":"KeypadSeven","Value":263.0},{"Name":"KeypadEight","Value":264.0},{"Name":"KeypadNine","Value":265.0},{"Name":"KeypadPeriod","Value":266.0},{"Name":"KeypadDivide","Value":267.0},{"Name":"KeypadMultiply","Value":268.0},{"Name":"KeypadMinus","Value":269.0},{"Name":"KeypadPlus","Value":270.0},{"Name":"KeypadEnter","Value":271.0},{"Name":"KeypadEquals","Value":272.0},{"Name":"Up","Value":273.0},{"Name":"Down","Value":274.0},{"Name":"Right","Value":275.0},{"Name":"Left","Value":276.0},{"Name":"Insert","Value":277.0},{"Name":"Home","Value":278.0},{"Name":"End","Value":279.0},{"Name":"PageUp","Value":280.0},{"Name":"PageDown","Value":281.0},{"Name":"LeftShift","Value":304.0},{"Name":"RightShift","Value":303.0},{"Name":"LeftMeta","Value":310.0},{"Name":"RightMeta","Value":309.0},{"Name":"LeftAlt","Value":308.0},{"Name":"RightAlt","Value":307.0},{"Name":"LeftControl","Value":306.0},{"Name":"RightControl","Value":305.0},{"Name":"CapsLock","Value":301.0},{"Name":"NumLock","Value":300.0},{"Name":"ScrollLock","Value":302.0},{"Name":"LeftSuper","Value":311.0},{"Name":"RightSuper","Value":312.0},{"Name":"Mode","Value":313.0},{"Name":"Compose","Value":314.0},{"Name":"Help","Value":315.0},{"Name":"Print","Value":316.0},{"Name":"SysReq","Value":317.0},{"Name":"Break","Value":318.0},{"Name":"Menu","Value":319.0},{"Name":"Power","Value":320.0},{"Name":"Euro","Value":321.0},{"Name":"Undo","Value":322.0},{"Name":"F1","Value":282.0},{"Name":"F2","Value":283.0},{"Name":"F3","Value":284.0},{"Name":"F4","Value":285.0},{"Name":"F5","Value":286.0},{"Name":"F6","Value":287.0},{"Name":"F7","Value":288.0},{"Name":"F8","Value":289.0},{"Name":"F9","Value":290.0},{"Name":"F10","Value":291.0},{"Name":"F11","Value":292.0},{"Name":"F12","Value":293.0},{"Name":"F13","Value":294.0},{"Name":"F14","Value":295.0},{"Name":"F15","Value":296.0},{"Name":"World0","Value":160.0},{"Name":"World1","Value":161.0},{"Name":"World2","Value":162.0},{"Name":"World3","Value":163.0},{"Name":"World4","Value":164.0},{"Name":"World5","Value":165.0},{"Name":"World6","Value":166.0},{"Name":"World7","Value":167.0},{"Name":"World8","Value":168.0},{"Name":"World9","Value":169.0},{"Name":"World10","Value":170.0},{"Name":"World11","Value":171.0},{"Name":"World12","Value":172.0},{"Name":"World13","Value":173.0},{"Name":"World14","Value":174.0},{"Name":"World15","Value":175.0},{"Name":"World16","Value":176.0},{"Name":"World17","Value":177.0},{"Name":"World18","Value":178.0},{"Name":"World19","Value":179.0},{"Name":"World20","Value":180.0},{"Name":"World21","Value":181.0},{"Name":"World22","Value":182.0},{"Name":"World23","Value":183.0},{"Name":"World24","Value":184.0},{"Name":"World25","Value":185.0},{"Name":"World26","Value":186.0},{"Name":"World27","Value":187.0},{"Name":"World28","Value":188.0},{"Name":"World29","Value":189.0},{"Name":"World30","Value":190.0},{"Name":"World31","Value":191.0},{"Name":"World32","Value":192.0},{"Name":"World33","Value":193.0},{"Name":"World34","Value":194.0},{"Name":"World35","Value":195.0},{"Name":"World36","Value":196.0},{"Name":"World37","Value":197.0},{"Name":"World38","Value":198.0},{"Name":"World39","Value":199.0},{"Name":"World40","Value":200.0},{"Name":"World41","Value":201.0},{"Name":"World42","Value":202.0},{"Name":"World43","Value":203.0},{"Name":"World44","Value":204.0},{"Name":"World45","Value":205.0},{"Name":"World46","Value":206.0},{"Name":"World47","Value":207.0},{"Name":"World48","Value":208.0},{"Name":"World49","Value":209.0},{"Name":"World50","Value":210.0},{"Name":"World51","Value":211.0},{"Name":"World52","Value":212.0},{"Name":"World53","Value":213.0},{"Name":"World54","Value":214.0},{"Name":"World55","Value":215.0},{"Name":"World56","Value":216.0},{"Name":"World57","Value":217.0},{"Name":"World58","Value":218.0},{"Name":"World59","Value":219.0},{"Name":"World60","Value":220.0},{"Name":"World61","Value":221.0},{"Name":"World62","Value":222.0},{"Name":"World63","Value":223.0},{"Name":"World64","Value":224.0},{"Name":"World65","Value":225.0},{"Name":"World66","Value":226.0},{"Name":"World67","Value":227.0},{"Name":"World68","Value":228.0},{"Name":"World69","Value":229.0},{"Name":"World70","Value":230.0},{"Name":"World71","Value":231.0},{"Name":"World72","Value":232.0},{"Name":"World73","Value":233.0},{"Name":"World74","Value":234.0},{"Name":"World75","Value":235.0},{"Name":"World76","Value":236.0},{"Name":"World77","Value":237.0},{"Name":"World78","Value":238.0},{"Name":"World79","Value":239.0},{"Name":"World80","Value":240.0},{"Name":"World81","Value":241.0},{"Name":"World82","Value":242.0},{"Name":"World83","Value":243.0},{"Name":"World84","Value":244.0},{"Name":"World85","Value":245.0},{"Name":"World86","Value":246.0},{"Name":"World87","Value":247.0},{"Name":"World88","Value":248.0},{"Name":"World89","Value":249.0},{"Name":"World90","Value":250.0},{"Name":"World91","Value":251.0},{"Name":"World92","Value":252.0},{"Name":"World93","Value":253.0},{"Name":"World94","Value":254.0},{"Name":"World95","Value":255.0},{"Name":"ButtonX","Value":1000.0},{"Name":"ButtonY","Value":1001.0},{"Name":"ButtonA","Value":1002.0},{"Name":"ButtonB","Value":1003.0},{"Name":"ButtonR1","Value":1004.0},{"Name":"ButtonL1","Value":1005.0},{"Name":"ButtonR2","Value":1006.0},{"Name":"ButtonL2","Value":1007.0},{"Name":"ButtonR3","Value":1008.0},{"Name":"ButtonL3","Value":1009.0},{"Name":"ButtonStart","Value":1010.0},{"Name":"ButtonSelect","Value":1011.0},{"Name":"DPadLeft","Value":1012.0},{"Name":"DPadRight","Value":1013.0},{"Name":"DPadUp","Value":1014.0},{"Name":"DPadDown","Value":1015.0},{"Name":"Thumbstick1","Value":1016.0},{"Name":"Thumbstick2","Value":1017.0}],"Name":"KeyCode"},{"Items":[{"Name":"Constant","Value":0.0},{"Name":"Linear","Value":1.0},{"Name":"Cubic","Value":2.0}],"Name":"KeyInterpolationMode"},{"Items":[{"Name":"Include","Value":0.0},{"Name":"Exclude","Value":1.0}],"Name":"KeywordFilterType"},{"Items":[{"Name":"Initialize","Value":1.0},{"Name":"Initialized","Value":2.0},{"Name":"CancelRequest","Value":3.0},{"Name":"TextDocument_didOpen","Value":4.0},{"Name":"TextDocument_didChange","Value":5.0},{"Name":"TextDocument_didClose","Value":6.0},{"Name":"TextDocument_foldingRange","Value":7.0},{"Name":"TextDocument_onTypeFormatting","Value":8.0},{"Name":"TextDocument_formatting","Value":9.0},{"Name":"TextDocument_rangeFormatting","Value":10.0},{"Name":"TextDocument_hover","Value":11.0},{"Name":"TextDocument_signatureHelp","Value":12.0},{"Name":"Workspace_DidChangeConfiguration","Value":13.0},{"Name":"ShutdownRequest","Value":14.0},{"Name":"Completion","Value":15.0},{"Name":"Declaration","Value":16.0},{"Name":"DocumentSymbols","Value":17.0},{"Name":"TextDocument_publishDiagnostics","Value":18.0},{"Name":"Window_showMessage","Value":19.0},{"Name":"Window_showMessageRequest","Value":20.0},{"Name":"Roblox_registerSyntaxCategories","Value":21.0},{"Name":"Roblox_signalQuiescence","Value":22.0},{"Name":"Roblox_syntaxHighlight","Value":23.0},{"Name":"Roblox_suggestExtraSelections","Value":24.0},{"Name":"Roblox_findExecutablePosition","Value":25.0},{"Name":"Roblox_findColor3","Value":26.0}],"Name":"LSPMethodType"},{"Items":[{"Name":"Default","Value":0.0}],"Name":"Language"},{"Items":[{"Name":"Left","Value":0.0},{"Name":"Center","Value":1.0},{"Name":"Right","Value":2.0}],"Name":"LeftRight"},{"Items":[{"Name":"High","Tags":["Deprecated"],"Value":2.0},{"Name":"Medium","Tags":["Deprecated"],"Value":1.0},{"Name":"Low","Tags":["Deprecated"],"Value":0.0}],"Name":"LevelOfDetailSetting"},{"Items":[{"Name":"Head","Value":0.0},{"Name":"Torso","Value":1.0},{"Name":"LeftArm","Value":2.0},{"Name":"RightArm","Value":3.0},{"Name":"LeftLeg","Value":4.0},{"Name":"RightLeg","Value":5.0},{"Name":"Unknown","Value":6.0}],"Name":"Limb"},{"Items":[{"Name":"Round","Value":0.0},{"Name":"Bevel","Value":1.0},{"Name":"Miter","Value":2.0}],"Name":"LineJoinMode"},{"Items":[{"Name":"Horizontal","Value":0.0},{"Name":"Vertical","Value":1.0}],"Name":"ListDisplayMode"},{"Items":[{"Name":"Camera","Value":0.0},{"Name":"CFrame","Value":1.0},{"Name":"ObjectPosition","Value":2.0},{"Name":"ObjectCFrame","Value":3.0}],"Name":"ListenerType"},{"Items":[{"Name":"Default","Value":0.0},{"Name":"Disabled","Value":1.0},{"Name":"Enabled","Value":2.0}],"Name":"LoadCharacterLayeredClothing"},{"Items":[{"Name":"Plastic","Value":256.0},{"Name":"Wood","Value":512.0},{"Name":"Slate","Value":800.0},{"Name":"Concrete","Value":816.0},{"Name":"CorrodedMetal","Value":1040.0},{"Name":"DiamondPlate","Value":1056.0},{"Name":"Foil","Value":1072.0},{"Name":"Grass","Value":1280.0},{"Name":"Ice","Value":1536.0},{"Name":"Marble","Value":784.0},{"Name":"Granite","Value":832.0},{"Name":"Brick","Value":848.0},{"Name":"Pebble","Value":864.0},{"Name":"Sand","Value":1296.0},{"Name":"Fabric","Value":1312.0},{"Name":"SmoothPlastic","Value":272.0},{"Name":"Metal","Value":1088.0},{"Name":"WoodPlanks","Value":528.0},{"Name":"Cobblestone","Value":880.0},{"Name":"Air","Tags":["NotBrowsable"],"Value":1792.0},{"Name":"Water","Tags":["NotBrowsable"],"Value":2048.0},{"Name":"Rock","Tags":["NotBrowsable"],"Value":896.0},{"Name":"Glacier","Tags":["NotBrowsable"],"Value":1552.0},{"Name":"Snow","Tags":["NotBrowsable"],"Value":1328.0},{"Name":"Sandstone","Tags":["NotBrowsable"],"Value":912.0},{"Name":"Mud","Tags":["NotBrowsable"],"Value":1344.0},{"Name":"Basalt","Tags":["NotBrowsable"],"Value":788.0},{"Name":"Ground","Tags":["NotBrowsable"],"Value":1360.0},{"Name":"CrackedLava","Tags":["NotBrowsable"],"Value":804.0},{"Name":"Neon","Value":288.0},{"Name":"Glass","Value":1568.0},{"Name":"Asphalt","Tags":["NotBrowsable"],"Value":1376.0},{"Name":"LeafyGrass","Tags":["NotBrowsable"],"Value":1284.0},{"Name":"Salt","Tags":["NotBrowsable"],"Value":1392.0},{"Name":"Limestone","Tags":["NotBrowsable"],"Value":820.0},{"Name":"Pavement","Tags":["NotBrowsable"],"Value":836.0},{"Name":"ForceField","Value":1584.0}],"Name":"Material"},{"Items":[{"Name":"Regular","Value":0.0},{"Name":"Organic","Value":1.0}],"Name":"MaterialPattern"},{"Items":[{"Name":"None","Value":0.0},{"Name":"BuildersClub","Value":1.0},{"Name":"TurboBuildersClub","Value":2.0},{"Name":"OutrageousBuildersClub","Value":3.0},{"Name":"Premium","Value":4.0}],"Name":"MembershipType"},{"Items":[{"Name":"DistanceBased","Value":0.0},{"Name":"Level01","Value":1.0},{"Name":"Level02","Value":2.0},{"Name":"Level03","Value":3.0},{"Name":"Level04","Value":4.0}],"Name":"MeshPartDetailLevel"},{"Items":[{"Name":"Default","Value":0.0},{"Name":"Disabled","Value":1.0},{"Name":"Enabled","Value":2.0}],"Name":"MeshPartHeadsAndAccessories"},{"Items":[{"Name":"Stud","Value":0.0},{"Name":"Meter","Value":1.0},{"Name":"CM","Value":2.0},{"Name":"MM","Value":3.0},{"Name":"Foot","Value":4.0},{"Name":"Inch","Value":5.0}],"Name":"MeshScaleUnit"},{"Items":[{"Name":"Head","Value":0.0},{"Name":"Torso","Value":1.0},{"Name":"Wedge","Value":2.0},{"Name":"Prism","Tags":["Deprecated"],"Value":7.0},{"Name":"Pyramid","Tags":["Deprecated"],"Value":8.0},{"Name":"ParallelRamp","Tags":["Deprecated"],"Value":9.0},{"Name":"RightAngleRamp","Tags":["Deprecated"],"Value":10.0},{"Name":"CornerWedge","Tags":["Deprecated"],"Value":11.0},{"Name":"Brick","Value":6.0},{"Name":"Sphere","Value":3.0},{"Name":"Cylinder","Value":4.0},{"Name":"FileMesh","Value":5.0}],"Name":"MeshType"},{"Items":[{"Name":"MessageOutput","Value":0.0},{"Name":"MessageInfo","Value":1.0},{"Name":"MessageWarning","Value":2.0},{"Name":"MessageError","Value":3.0}],"Name":"MessageType"},{"Items":[{"Name":"Automatic","Value":0.0},{"Name":"StreamingMesh","Value":1.0},{"Name":"Disabled","Value":2.0}],"Name":"ModelLevelOfDetail"},{"Items":[{"Name":"Alt","Value":2.0},{"Name":"Ctrl","Value":1.0},{"Name":"Meta","Value":3.0},{"Name":"Shift","Value":0.0}],"Name":"ModifierKey"},{"Items":[{"Name":"Default","Value":0.0},{"Name":"LockCenter","Value":1.0},{"Name":"LockCurrentPosition","Value":2.0}],"Name":"MouseBehavior"},{"Items":[{"Name":"Stopped","Value":0.0},{"Name":"Coasting","Value":1.0},{"Name":"Pushing","Value":2.0},{"Name":"Stopping","Value":3.0},{"Name":"AirFree","Value":4.0}],"Name":"MoveState"},{"Items":[{"Name":"OccludeAll","Value":2.0},{"Name":"EnemyOcclusion","Value":1.0},{"Name":"NoOcclusion","Value":0.0}],"Name":"NameOcclusion"},{"Items":[{"Name":"Automatic","Value":0.0},{"Name":"Manual","Value":1.0},{"Name":"OnContact","Value":2.0}],"Name":"NetworkOwnership"},{"Items":[{"Name":"Default","Value":0.0},{"Name":"Disabled","Value":1.0},{"Name":"Enabled","Value":2.0}],"Name":"NewAnimationRuntimeSetting"},{"Items":[{"Name":"Top","Value":1.0},{"Name":"Bottom","Value":4.0},{"Name":"Back","Value":2.0},{"Name":"Front","Value":5.0},{"Name":"Right","Value":0.0},{"Name":"Left","Value":3.0}],"Name":"NormalId"},{"Items":[{"Name":"OneAttachment","Value":0.0},{"Name":"TwoAttachment","Value":1.0}],"Name":"OrientationAlignmentMode"},{"Items":[{"Name":"All","Value":1.0},{"Name":"Created","Value":2.0},{"Name":"Purchased","Value":3.0}],"Name":"OutfitSource"},{"Items":[{"Name":"Horizontal","Value":0.0},{"Name":"Vertical","Value":1.0}],"Name":"OutputLayoutMode"},{"Items":[{"Name":"None","Value":0.0},{"Name":"ForceShow","Value":1.0},{"Name":"ForceHide","Value":2.0}],"Name":"OverrideMouseIconBehavior"},{"Items":[{"Name":"None","Value":0.0},{"Name":"NoAccess","Value":1.0},{"Name":"Revoked","Value":2.0},{"Name":"UseView","Value":3.0},{"Name":"Edit","Value":4.0},{"Name":"Own","Value":5.0}],"Name":"PackagePermission"},{"Items":[{"Name":"Ball","Value":0.0},{"Name":"Block","Value":1.0},{"Name":"Cylinder","Value":2.0}],"Name":"PartType"},{"Items":[{"Name":"Box","Value":0.0},{"Name":"Sphere","Value":1.0},{"Name":"Cylinder","Value":2.0},{"Name":"Disc","Value":3.0}],"Name":"ParticleEmitterShape"},{"Items":[{"Name":"Outward","Value":0.0},{"Name":"Inward","Value":1.0},{"Name":"InAndOut","Value":2.0}],"Name":"ParticleEmitterShapeInOut"},{"Items":[{"Name":"Volume","Value":0.0},{"Name":"Surface","Value":1.0}],"Name":"ParticleEmitterShapeStyle"},{"Items":[{"Name":"None","Value":0.0},{"Name":"TwoByTwo","Value":1.0},{"Name":"FourByFour","Value":2.0},{"Name":"EightByEight","Value":3.0}],"Name":"ParticleFlipbookLayout"},{"Items":[{"Name":"Loop","Value":0.0},{"Name":"OneShot","Value":1.0},{"Name":"PingPong","Value":2.0},{"Name":"Random","Value":3.0}],"Name":"ParticleFlipbookMode"},{"Items":[{"Name":"FacingCamera","Value":0.0},{"Name":"FacingCameraWorldUp","Value":1.0},{"Name":"VelocityParallel","Value":2.0},{"Name":"VelocityPerpendicular","Value":3.0}],"Name":"ParticleOrientation"},{"Items":[{"Name":"Success","Value":0.0},{"Name":"ClosestNoPath","Tags":["Deprecated"],"Value":1.0},{"Name":"ClosestOutOfRange","Tags":["Deprecated"],"Value":2.0},{"Name":"FailStartNotEmpty","Tags":["Deprecated"],"Value":3.0},{"Name":"FailFinishNotEmpty","Tags":["Deprecated"],"Value":4.0},{"Name":"NoPath","Value":5.0}],"Name":"PathStatus"},{"Items":[{"Name":"Walk","Value":0.0},{"Name":"Jump","Value":1.0},{"Name":"Custom","Value":2.0}],"Name":"PathWaypointAction"},{"Items":[{"Name":"Game","Value":0.0},{"Name":"RobloxGame","Value":1.0},{"Name":"RobloxScript","Value":2.0},{"Name":"Studio","Value":3.0},{"Name":"Roblox","Value":4.0}],"Name":"PermissionLevelShown"},{"Items":[{"Name":"Fixed240Hz","Value":0.0},{"Name":"Fixed120Hz","Value":1.0},{"Name":"Fixed60Hz","Value":2.0}],"Name":"PhysicsSimulationRate"},{"Items":[{"Name":"Default","Value":0.0},{"Name":"Fixed","Value":1.0},{"Name":"Adaptive","Value":2.0}],"Name":"PhysicsSteppingMethod"},{"Items":[{"Name":"Windows","Value":0.0},{"Name":"OSX","Value":1.0},{"Name":"IOS","Value":2.0},{"Name":"Android","Value":3.0},{"Name":"XBoxOne","Value":4.0},{"Name":"PS4","Value":5.0},{"Name":"PS3","Value":6.0},{"Name":"XBox360","Value":7.0},{"Name":"WiiU","Value":8.0},{"Name":"NX","Value":9.0},{"Name":"Ouya","Value":10.0},{"Name":"AndroidTV","Value":11.0},{"Name":"Chromecast","Value":12.0},{"Name":"Linux","Value":13.0},{"Name":"SteamOS","Value":14.0},{"Name":"WebOS","Value":15.0},{"Name":"DOS","Value":16.0},{"Name":"BeOS","Value":17.0},{"Name":"UWP","Value":18.0},{"Name":"None","Value":19.0}],"Name":"Platform"},{"Items":[{"Name":"Begin","Value":0.0},{"Name":"Delayed","Value":1.0},{"Name":"Playing","Value":2.0},{"Name":"Paused","Value":3.0},{"Name":"Completed","Value":4.0},{"Name":"Cancelled","Value":5.0}],"Name":"PlaybackState"},{"Items":[{"Name":"CharacterForward","Value":0.0},{"Name":"CharacterBackward","Value":1.0},{"Name":"CharacterLeft","Value":2.0},{"Name":"CharacterRight","Value":3.0},{"Name":"CharacterJump","Value":4.0}],"Name":"PlayerActions"},{"Items":[{"Name":"All","Value":0.0},{"Name":"Team","Value":1.0},{"Name":"Whisper","Value":2.0}],"Name":"PlayerChatType"},{"Items":[{"Name":"Out","Value":1.0},{"Name":"InOut","Value":2.0},{"Name":"In","Value":0.0}],"Name":"PoseEasingDirection"},{"Items":[{"Name":"Linear","Value":0.0},{"Name":"Constant","Value":1.0},{"Name":"Elastic","Value":2.0},{"Name":"Cubic","Value":3.0},{"Name":"Bounce","Value":4.0}],"Name":"PoseEasingStyle"},{"Items":[{"Name":"OneAttachment","Value":0.0},{"Name":"TwoAttachment","Value":1.0}],"Name":"PositionAlignmentMode"},{"Items":[{"Name":"Owner","Value":255.0},{"Name":"Admin","Value":240.0},{"Name":"Member","Value":128.0},{"Name":"Visitor","Value":10.0},{"Name":"Banned","Value":0.0}],"Name":"PrivilegeType","Tags":["Deprecated"]},{"Items":[{"Name":"AvatarShop","Value":0.0},{"Name":"AllowedGames","Value":1.0},{"Name":"AllGames","Value":2.0}],"Name":"ProductLocationRestriction"},{"Items":[{"Name":"NotProcessedYet","Value":0.0},{"Name":"PurchaseGranted","Value":1.0}],"Name":"ProductPurchaseDecision"},{"Items":[{"Name":"Ok","Value":0.0},{"Name":"Warning","Value":1.0},{"Name":"Error","Value":2.0}],"Name":"PropertyStatus"},{"Items":[{"Name":"OnePerButton","Value":0.0},{"Name":"OneGlobally","Value":1.0},{"Name":"AlwaysShow","Value":2.0}],"Name":"ProximityPromptExclusivity"},{"Items":[{"Name":"Keyboard","Value":0.0},{"Name":"Gamepad","Value":1.0},{"Name":"Touch","Value":2.0}],"Name":"ProximityPromptInputType"},{"Items":[{"Name":"Default","Value":0.0},{"Name":"Custom","Value":1.0}],"Name":"ProximityPromptStyle"},{"Items":[{"Name":"Automatic","Value":0.0},{"Name":"Level01","Value":1.0},{"Name":"Level02","Value":2.0},{"Name":"Level03","Value":3.0},{"Name":"Level04","Value":4.0},{"Name":"Level05","Value":5.0},{"Name":"Level06","Value":6.0},{"Name":"Level07","Value":7.0},{"Name":"Level08","Value":8.0},{"Name":"Level09","Value":9.0},{"Name":"Level10","Value":10.0},{"Name":"Level11","Value":11.0},{"Name":"Level12","Value":12.0},{"Name":"Level13","Value":13.0},{"Name":"Level14","Value":14.0},{"Name":"Level15","Value":15.0},{"Name":"Level16","Value":16.0},{"Name":"Level17","Value":17.0},{"Name":"Level18","Value":18.0},{"Name":"Level19","Value":19.0},{"Name":"Level20","Value":20.0},{"Name":"Level21","Value":21.0}],"Name":"QualityLevel"},{"Items":[{"Name":"OuterBox","Value":0.0},{"Name":"InnerBox","Value":1.0}],"Name":"R15CollisionType"},{"Items":[{"Name":"Blacklist","Value":0.0},{"Name":"Whitelist","Value":1.0}],"Name":"RaycastFilterType"},{"Items":[{"Name":"Automatic","Value":0.0},{"Name":"Precise","Value":1.0},{"Name":"Performance","Value":2.0}],"Name":"RenderFidelity"},{"Items":[{"Name":"First","Value":0.0},{"Name":"Input","Value":100.0},{"Name":"Camera","Value":200.0},{"Name":"Character","Value":300.0},{"Name":"Last","Value":2000.0}],"Name":"RenderPriority"},{"Items":[{"Name":"psnr","Value":0.0},{"Name":"diff","Value":1.0}],"Name":"RenderingTestComparisonMethod"},{"Items":[{"Name":"Default","Value":0.0},{"Name":"Disabled","Value":1.0},{"Name":"Enabled","Value":2.0}],"Name":"ReplicateInstanceDestroySetting"},{"Items":[{"Name":"Default","Value":0.0},{"Name":"Pixelated","Value":1.0}],"Name":"ResamplerMode"},{"Items":[{"Name":"Default","Value":0.0},{"Name":"Done","Value":1.0},{"Name":"Go","Value":2.0},{"Name":"Next","Value":3.0},{"Name":"Search","Value":4.0},{"Name":"Send","Value":5.0}],"Name":"ReturnKeyType"},{"Items":[{"Name":"NoReverb","Value":0.0},{"Name":"GenericReverb","Value":1.0},{"Name":"PaddedCell","Value":2.0},{"Name":"Room","Value":3.0},{"Name":"Bathroom","Value":4.0},{"Name":"LivingRoom","Value":5.0},{"Name":"StoneRoom","Value":6.0},{"Name":"Auditorium","Value":7.0},{"Name":"ConcertHall","Value":8.0},{"Name":"Cave","Value":9.0},{"Name":"Arena","Value":10.0},{"Name":"Hangar","Value":11.0},{"Name":"CarpettedHallway","Value":12.0},{"Name":"Hallway","Value":13.0},{"Name":"StoneCorridor","Value":14.0},{"Name":"Alley","Value":15.0},{"Name":"Forest","Value":16.0},{"Name":"City","Value":17.0},{"Name":"Mountains","Value":18.0},{"Name":"Quarry","Value":19.0},{"Name":"Plain","Value":20.0},{"Name":"ParkingLot","Value":21.0},{"Name":"SewerPipe","Value":22.0},{"Name":"UnderWater","Value":23.0}],"Name":"ReverbType"},{"Items":[{"Name":"Select","Value":0.0},{"Name":"Scale","Value":1.0},{"Name":"Rotate","Value":2.0},{"Name":"Move","Value":3.0},{"Name":"Transform","Value":4.0},{"Name":"ColorPicker","Value":5.0},{"Name":"MaterialPicker","Value":6.0},{"Name":"Group","Value":7.0},{"Name":"Ungroup","Value":8.0},{"Name":"None","Value":9.0}],"Name":"RibbonTool"},{"Items":[{"Name":"R15","Value":0.0},{"Name":"Rthro","Value":1.0},{"Name":"RthroNarrow","Value":2.0},{"Name":"Custom","Value":3.0},{"Name":"None","Value":4.0}],"Name":"RigType"},{"Items":[{"Name":"Inverse","Value":0.0},{"Name":"Linear","Value":1.0},{"Name":"InverseTapered","Value":3.0},{"Name":"LinearSquare","Value":2.0}],"Name":"RollOffMode"},{"Items":[{"Name":"XYZ","Value":0.0},{"Name":"XZY","Value":1.0},{"Name":"YZX","Value":2.0},{"Name":"YXZ","Value":3.0},{"Name":"ZXY","Value":4.0},{"Name":"ZYX","Value":5.0}],"Name":"RotationOrder"},{"Items":[{"Name":"MovementRelative","Value":0.0},{"Name":"CameraRelative","Value":1.0}],"Name":"RotationType"},{"Items":[{"Name":"Aggregate","Value":0.0},{"Name":"Snapshot","Value":1.0},{"Name":"Hybrid","Value":2.0}],"Name":"RuntimeUndoBehavior"},{"Items":[{"Name":"SaveAll","Value":2.0},{"Name":"SaveWorld","Value":0.0},{"Name":"SaveGame","Value":1.0}],"Name":"SaveFilter","Tags":["Deprecated"]},{"Items":[{"Name":"Automatic","Value":0.0},{"Name":"QualityLevel1","Value":1.0},{"Name":"QualityLevel2","Value":2.0},{"Name":"QualityLevel3","Value":3.0},{"Name":"QualityLevel4","Value":4.0},{"Name":"QualityLevel5","Value":5.0},{"Name":"QualityLevel6","Value":6.0},{"Name":"QualityLevel7","Value":7.0},{"Name":"QualityLevel8","Value":8.0},{"Name":"QualityLevel9","Value":9.0},{"Name":"QualityLevel10","Value":10.0}],"Name":"SavedQualitySetting"},{"Items":[{"Name":"Stretch","Value":0.0},{"Name":"Slice","Value":1.0},{"Name":"Tile","Value":2.0},{"Name":"Fit","Value":3.0},{"Name":"Crop","Value":4.0}],"Name":"ScaleType"},{"Items":[{"Name":"LandscapeLeft","Value":0.0},{"Name":"LandscapeRight","Value":1.0},{"Name":"LandscapeSensor","Value":2.0},{"Name":"Portrait","Value":3.0},{"Name":"Sensor","Value":4.0}],"Name":"ScreenOrientation"},{"Items":[{"Name":"None","Value":0.0},{"Name":"ScrollBar","Value":1.0},{"Name":"Always","Value":2.0}],"Name":"ScrollBarInset"},{"Items":[{"Name":"X","Value":1.0},{"Name":"Y","Value":2.0},{"Name":"XY","Value":4.0}],"Name":"ScrollingDirection"},{"Items":[{"Name":"Escape","Value":0.0},{"Name":"Stop","Value":1.0}],"Name":"SelectionBehavior"},{"Items":[{"Name":"Enabled","Value":0.0},{"Name":"Muted","Value":1.0},{"Name":"OnlineGame","Value":2.0}],"Name":"ServerAudioBehavior"},{"Items":[{"Name":"Default","Value":0.0},{"Name":"Immediate","Value":1.0},{"Name":"Deferred","Value":2.0},{"Name":"AncestryDeferred","Value":3.0}],"Name":"SignalBehavior"},{"Items":[{"Name":"RelativeXY","Value":0.0},{"Name":"RelativeXX","Value":1.0},{"Name":"RelativeYY","Value":2.0}],"Name":"SizeConstraint"},{"Items":[{"Name":"Ascending","Value":0.0},{"Name":"Descending","Value":1.0}],"Name":"SortDirection"},{"Items":[{"Name":"LayoutOrder","Value":2.0},{"Name":"Name","Value":0.0},{"Name":"Custom","Tags":["Deprecated"],"Value":1.0}],"Name":"SortOrder"},{"Items":[{"Name":"Insert","Value":0.0},{"Name":"Home","Value":1.0},{"Name":"End","Value":2.0},{"Name":"PageUp","Value":3.0},{"Name":"PageDown","Value":4.0},{"Name":"ChatHotkey","Value":5.0}],"Name":"SpecialKey"},{"Items":[{"Name":"TopLeft","Value":0.0},{"Name":"TopRight","Value":1.0},{"Name":"BottomLeft","Value":2.0},{"Name":"BottomRight","Value":3.0}],"Name":"StartCorner"},{"Items":[{"Name":"Poison","Tags":["Deprecated"],"Value":0.0},{"Name":"Confusion","Tags":["Deprecated"],"Value":1.0}],"Name":"Status","Tags":["Deprecated"]},{"Items":[{"Name":"Default","Value":0.0},{"Name":"LowMemory","Value":1.0},{"Name":"Opportunistic","Value":2.0}],"Name":"StreamOutBehavior"},{"Items":[{"Name":"Default","Value":0.0},{"Name":"Disabled","Value":1.0},{"Name":"ClientPhysicsPause","Value":2.0}],"Name":"StreamingPauseMode"},{"Items":[{"Name":"None","Value":0.0},{"Name":"CloseStudio","Value":1.0},{"Name":"CloseDoc","Value":2.0}],"Name":"StudioCloseMode"},{"Items":[{"Name":"Edit","Value":0.0},{"Name":"PlayClient","Value":1.0},{"Name":"PlayServer","Value":2.0},{"Name":"Standalone","Value":3.0},{"Name":"None","Value":4.0}],"Name":"StudioDataModelType"},{"Items":[{"Name":"Default","Value":0.0},{"Name":"Operator","Value":1.0},{"Name":"Number","Value":2.0},{"Name":"String","Value":3.0},{"Name":"Comment","Value":4.0},{"Name":"Keyword","Value":5.0},{"Name":"Builtin","Value":6.0},{"Name":"Method","Value":7.0},{"Name":"Property","Value":8.0},{"Name":"Nil","Value":9.0},{"Name":"Bool","Value":10.0},{"Name":"Function","Value":11.0},{"Name":"Local","Value":12.0},{"Name":"Self","Value":13.0},{"Name":"LuauKeyword","Value":14.0},{"Name":"FunctionName","Value":15.0},{"Name":"TODO","Value":16.0},{"Name":"Background","Value":17.0},{"Name":"SelectionText","Value":18.0},{"Name":"SelectionBackground","Value":19.0},{"Name":"FindSelectionBackground","Value":20.0},{"Name":"MatchingWordBackground","Value":21.0},{"Name":"Warning","Value":22.0},{"Name":"Error","Value":23.0},{"Name":"Whitespace","Value":24.0},{"Name":"ActiveLine","Value":25.0},{"Name":"DebuggerCurrentLine","Value":26.0},{"Name":"DebuggerErrorLine","Value":27.0},{"Name":"Ruler","Value":28.0},{"Name":"Bracket","Value":29.0},{"Name":"MenuPrimaryText","Value":30.0},{"Name":"MenuSecondaryText","Value":31.0},{"Name":"MenuSelectedText","Value":32.0},{"Name":"MenuBackground","Value":33.0},{"Name":"MenuSelectedBackground","Value":34.0},{"Name":"MenuScrollbarBackground","Value":35.0},{"Name":"MenuScrollbarHandle","Value":36.0},{"Name":"MenuBorder","Value":37.0},{"Name":"DocViewCodeBackground","Value":38.0}],"Name":"StudioScriptEditorColorCategories"},{"Items":[{"Name":"RobloxDefault","Value":0.0},{"Name":"Extra1","Value":1.0},{"Name":"Extra2","Value":2.0},{"Name":"Custom","Value":3.0}],"Name":"StudioScriptEditorColorPresets"},{"Items":[{"Name":"MainBackground","Value":0.0},{"Name":"Titlebar","Value":1.0},{"Name":"Dropdown","Value":2.0},{"Name":"Tooltip","Value":3.0},{"Name":"Notification","Value":4.0},{"Name":"ScrollBar","Value":5.0},{"Name":"ScrollBarBackground","Value":6.0},{"Name":"TabBar","Value":7.0},{"Name":"Tab","Value":8.0},{"Name":"FilterButtonDefault","Value":9.0},{"Name":"FilterButtonHover","Value":10.0},{"Name":"FilterButtonChecked","Value":11.0},{"Name":"FilterButtonAccent","Value":12.0},{"Name":"FilterButtonBorder","Value":13.0},{"Name":"FilterButtonBorderAlt","Value":14.0},{"Name":"RibbonTab","Value":15.0},{"Name":"RibbonTabTopBar","Value":16.0},{"Name":"Button","Value":17.0},{"Name":"MainButton","Value":18.0},{"Name":"RibbonButton","Value":19.0},{"Name":"ViewPortBackground","Value":20.0},{"Name":"InputFieldBackground","Value":21.0},{"Name":"Item","Value":22.0},{"Name":"TableItem","Value":23.0},{"Name":"CategoryItem","Value":24.0},{"Name":"GameSettingsTableItem","Value":25.0},{"Name":"GameSettingsTooltip","Value":26.0},{"Name":"EmulatorBar","Value":27.0},{"Name":"EmulatorDropDown","Value":28.0},{"Name":"ColorPickerFrame","Value":29.0},{"Name":"CurrentMarker","Value":30.0},{"Name":"Border","Value":31.0},{"Name":"DropShadow","Value":32.0},{"Name":"Shadow","Value":33.0},{"Name":"Light","Value":34.0},{"Name":"Dark","Value":35.0},{"Name":"Mid","Value":36.0},{"Name":"MainText","Value":37.0},{"Name":"SubText","Value":38.0},{"Name":"TitlebarText","Value":39.0},{"Name":"BrightText","Value":40.0},{"Name":"DimmedText","Value":41.0},{"Name":"LinkText","Value":42.0},{"Name":"WarningText","Value":43.0},{"Name":"ErrorText","Value":44.0},{"Name":"InfoText","Value":45.0},{"Name":"SensitiveText","Value":46.0},{"Name":"ScriptSideWidget","Value":47.0},{"Name":"ScriptBackground","Value":48.0},{"Name":"ScriptText","Value":49.0},{"Name":"ScriptSelectionText","Value":50.0},{"Name":"ScriptSelectionBackground","Value":51.0},{"Name":"ScriptFindSelectionBackground","Value":52.0},{"Name":"ScriptMatchingWordSelectionBackground","Value":53.0},{"Name":"ScriptOperator","Value":54.0},{"Name":"ScriptNumber","Value":55.0},{"Name":"ScriptString","Value":56.0},{"Name":"ScriptComment","Value":57.0},{"Name":"ScriptKeyword","Value":58.0},{"Name":"ScriptBuiltInFunction","Value":59.0},{"Name":"ScriptWarning","Value":60.0},{"Name":"ScriptError","Value":61.0},{"Name":"ScriptWhitespace","Value":62.0},{"Name":"ScriptRuler","Value":63.0},{"Name":"DocViewCodeBackground","Value":64.0},{"Name":"DebuggerCurrentLine","Value":65.0},{"Name":"DebuggerErrorLine","Value":66.0},{"Name":"ScriptEditorCurrentLine","Value":105.0},{"Name":"DiffFilePathText","Value":67.0},{"Name":"DiffTextHunkInfo","Value":68.0},{"Name":"DiffTextNoChange","Value":69.0},{"Name":"DiffTextAddition","Value":70.0},{"Name":"DiffTextDeletion","Value":71.0},{"Name":"DiffTextSeparatorBackground","Value":72.0},{"Name":"DiffTextNoChangeBackground","Value":73.0},{"Name":"DiffTextAdditionBackground","Value":74.0},{"Name":"DiffTextDeletionBackground","Value":75.0},{"Name":"DiffLineNum","Value":76.0},{"Name":"DiffLineNumSeparatorBackground","Value":77.0},{"Name":"DiffLineNumNoChangeBackground","Value":78.0},{"Name":"DiffLineNumAdditionBackground","Value":79.0},{"Name":"DiffLineNumDeletionBackground","Value":80.0},{"Name":"DiffFilePathBackground","Value":81.0},{"Name":"DiffFilePathBorder","Value":82.0},{"Name":"ChatIncomingBgColor","Value":83.0},{"Name":"ChatIncomingTextColor","Value":84.0},{"Name":"ChatOutgoingBgColor","Value":85.0},{"Name":"ChatOutgoingTextColor","Value":86.0},{"Name":"ChatModeratedMessageColor","Value":87.0},{"Name":"Separator","Value":88.0},{"Name":"ButtonBorder","Value":89.0},{"Name":"ButtonText","Value":90.0},{"Name":"InputFieldBorder","Value":91.0},{"Name":"CheckedFieldBackground","Value":92.0},{"Name":"CheckedFieldBorder","Value":93.0},{"Name":"CheckedFieldIndicator","Value":94.0},{"Name":"HeaderSection","Value":95.0},{"Name":"Midlight","Value":96.0},{"Name":"StatusBar","Value":97.0},{"Name":"DialogButton","Value":98.0},{"Name":"DialogButtonText","Value":99.0},{"Name":"DialogButtonBorder","Value":100.0},{"Name":"DialogMainButton","Value":101.0},{"Name":"DialogMainButtonText","Value":102.0},{"Name":"InfoBarWarningBackground","Value":103.0},{"Name":"InfoBarWarningText","Value":104.0},{"Name":"ScriptMethod","Value":106.0},{"Name":"ScriptProperty","Value":107.0},{"Name":"ScriptNil","Value":108.0},{"Name":"ScriptBool","Value":109.0},{"Name":"ScriptFunction","Value":110.0},{"Name":"ScriptLocal","Value":111.0},{"Name":"ScriptSelf","Value":112.0},{"Name":"ScriptLuauKeyword","Value":113.0},{"Name":"ScriptFunctionName","Value":114.0},{"Name":"ScriptTodo","Value":115.0},{"Name":"ScriptBracket","Value":116.0},{"Name":"AttributeCog","Value":117.0}],"Name":"StudioStyleGuideColor"},{"Items":[{"Name":"Default","Value":0.0},{"Name":"Selected","Value":1.0},{"Name":"Pressed","Value":2.0},{"Name":"Disabled","Value":3.0},{"Name":"Hover","Value":4.0}],"Name":"StudioStyleGuideModifier"},{"Items":[{"Name":"AlternatingSupports","Value":0.0},{"Name":"BridgeStyleSupports","Value":1.0},{"Name":"NoSupports","Value":2.0}],"Name":"Style"},{"Items":[{"Name":"None","Value":0.0},{"Name":"Hinge","Value":1.0},{"Name":"SteppingMotor","Value":2.0},{"Name":"Motor","Value":3.0}],"Name":"SurfaceConstraint"},{"Items":[{"Name":"FixedSize","Value":0.0},{"Name":"PixelsPerStud","Value":1.0}],"Name":"SurfaceGuiSizingMode"},{"Items":[{"Name":"Smooth","Value":0.0},{"Name":"Glue","Value":1.0},{"Name":"Weld","Value":2.0},{"Name":"Studs","Value":3.0},{"Name":"Inlet","Value":4.0},{"Name":"Universal","Value":5.0},{"Name":"Hinge","Value":6.0},{"Name":"Motor","Value":7.0},{"Name":"SteppingMotor","Value":8.0},{"Name":"SmoothNoOutlines","Value":10.0}],"Name":"SurfaceType"},{"Items":[{"Name":"Right","Value":0.0},{"Name":"Left","Value":1.0},{"Name":"Up","Value":2.0},{"Name":"Down","Value":3.0},{"Name":"None","Value":4.0}],"Name":"SwipeDirection"},{"Items":[{"Name":"RowMajor","Value":0.0},{"Name":"ColumnMajor","Value":1.0}],"Name":"TableMajorAxis"},{"Items":[{"Name":"Compatibility","Value":2.0},{"Name":"Voxel","Value":1.0},{"Name":"ShadowMap","Value":3.0},{"Name":"Legacy","Tags":["Deprecated"],"Value":0.0},{"Name":"Future","Value":4.0}],"Name":"Technology"},{"Items":[{"Name":"TeleportToSpawnByName","Value":0.0},{"Name":"TeleportToPlaceInstance","Value":1.0},{"Name":"TeleportToPrivateServer","Value":2.0},{"Name":"TeleportPartyAsync","Value":3.0},{"Name":"TeleportUnknown","Value":4.0}],"Name":"TeleportMethod"},{"Items":[{"Name":"Success","Value":0.0},{"Name":"Failure","Value":1.0},{"Name":"GameNotFound","Value":2.0},{"Name":"GameEnded","Value":3.0},{"Name":"GameFull","Value":4.0},{"Name":"Unauthorized","Value":5.0},{"Name":"Flooded","Value":6.0},{"Name":"IsTeleporting","Value":7.0}],"Name":"TeleportResult"},{"Items":[{"Name":"RequestedFromServer","Value":0.0},{"Name":"Started","Value":1.0},{"Name":"WaitingForServer","Value":2.0},{"Name":"Failed","Value":3.0},{"Name":"InProgress","Value":4.0}],"Name":"TeleportState"},{"Items":[{"Name":"ToPlace","Value":0.0},{"Name":"ToInstance","Value":1.0},{"Name":"ToReservedServer","Value":2.0}],"Name":"TeleportType"},{"Items":[{"Name":"None","Value":0.0},{"Name":"Legacy","Value":1.0},{"Name":"Template","Value":2.0},{"Name":"Generate","Value":3.0},{"Name":"Import","Value":4.0},{"Name":"Convert","Value":5.0},{"Name":"EditAddTool","Value":6.0},{"Name":"EditSeaLevelTool","Value":7.0},{"Name":"EditReplaceTool","Value":8.0},{"Name":"RegionFillTool","Value":9.0},{"Name":"RegionPasteTool","Value":10.0},{"Name":"Other","Value":11.0}],"Name":"TerrainAcquisitionMethod"},{"Items":[{"Name":"Top","Value":0.0},{"Name":"Side","Value":1.0},{"Name":"Bottom","Value":2.0}],"Name":"TerrainFace"},{"Items":[{"Name":"Unknown","Value":1.0},{"Name":"Success","Value":2.0},{"Name":"Sending","Value":3.0},{"Name":"TextFilterFailed","Value":4.0},{"Name":"Floodchecked","Value":5.0},{"Name":"InvalidPrivacySettings","Value":6.0},{"Name":"InvalidTextChannelPermissions","Value":7.0},{"Name":"MessageTooLong","Value":8.0}],"Name":"TextChatMessageStatus"},{"Items":[{"Name":"PublicChat","Value":1.0},{"Name":"PrivateChat","Value":2.0}],"Name":"TextFilterContext"},{"Items":[{"Name":"Default","Value":0.0},{"Name":"NoSuggestions","Value":1.0},{"Name":"Number","Value":2.0},{"Name":"Email","Value":3.0},{"Name":"Phone","Value":4.0},{"Name":"Password","Value":5.0},{"Name":"PasswordShown","Value":6.0},{"Name":"Username","Value":7.0},{"Name":"OneTimePassword","Value":8.0}],"Name":"TextInputType"},{"Items":[{"Name":"None","Value":0.0},{"Name":"AtEnd","Value":1.0}],"Name":"TextTruncate"},{"Items":[{"Name":"Left","Value":0.0},{"Name":"Center","Value":2.0},{"Name":"Right","Value":1.0}],"Name":"TextXAlignment"},{"Items":[{"Name":"Top","Value":0.0},{"Name":"Center","Value":1.0},{"Name":"Bottom","Value":2.0}],"Name":"TextYAlignment"},{"Items":[{"Name":"Stretch","Value":0.0},{"Name":"Wrap","Value":1.0},{"Name":"Static","Value":2.0}],"Name":"TextureMode"},{"Items":[{"Name":"NonHumanoid","Value":0.0},{"Name":"NonHumanoidOrphaned","Value":1.0},{"Name":"Humanoid","Value":2.0},{"Name":"HumanoidOrphaned","Value":3.0}],"Name":"TextureQueryType"},{"Items":[{"Name":"Auto","Value":0.0},{"Name":"PerCore1","Value":101.0},{"Name":"PerCore2","Value":102.0},{"Name":"PerCore3","Value":103.0},{"Name":"PerCore4","Value":104.0},{"Name":"Threads1","Value":1.0},{"Name":"Threads2","Value":2.0},{"Name":"Threads3","Value":3.0},{"Name":"Threads4","Value":4.0},{"Name":"Threads8","Value":8.0},{"Name":"Threads16","Value":16.0}],"Name":"ThreadPoolConfig"},{"Items":[{"Name":"Extreme","Value":2.0},{"Name":"ElevatedOnServer","Value":1.0},{"Name":"Default","Value":0.0}],"Name":"ThrottlingPriority"},{"Items":[{"Name":"Size48x48","Value":0.0},{"Name":"Size180x180","Value":1.0},{"Name":"Size420x420","Value":2.0},{"Name":"Size60x60","Value":3.0},{"Name":"Size100x100","Value":4.0},{"Name":"Size150x150","Value":5.0},{"Name":"Size352x352","Value":6.0}],"Name":"ThumbnailSize"},{"Items":[{"Name":"HeadShot","Value":0.0},{"Name":"AvatarBust","Value":1.0},{"Name":"AvatarThumbnail","Value":2.0}],"Name":"ThumbnailType"},{"Items":[{"Name":"Fast","Value":0.0},{"Name":"Benchmark","Value":1.0},{"Name":"Precise","Value":2.0}],"Name":"TickCountSampleMethod"},{"Items":[{"Name":"Top","Value":0.0},{"Name":"Center","Value":1.0},{"Name":"Bottom","Value":2.0}],"Name":"TopBottom"},{"Items":[{"Name":"Default","Value":0.0},{"Name":"Follow","Value":2.0},{"Name":"Classic","Value":1.0},{"Name":"Orbital","Value":3.0}],"Name":"TouchCameraMovementMode"},{"Items":[{"Name":"Default","Value":0.0},{"Name":"Thumbstick","Value":1.0},{"Name":"DPad","Value":2.0},{"Name":"Thumbpad","Value":3.0},{"Name":"ClickToMove","Value":4.0},{"Name":"DynamicThumbstick","Value":5.0}],"Name":"TouchMovementMode"},{"Items":[{"Name":"Unknown","Value":0.0},{"Name":"True","Value":1.0},{"Name":"False","Value":2.0}],"Name":"TriStateBoolean"},{"Items":[{"Name":"Canceled","Value":0.0},{"Name":"Completed","Value":1.0}],"Name":"TweenStatus"},{"Items":[{"Name":"Light","Tags":["Deprecated"],"Value":0.0},{"Name":"Dark","Tags":["Deprecated"],"Value":1.0}],"Name":"UITheme"},{"Items":[{"Name":"UiMessageError","Value":0.0},{"Name":"UiMessageInfo","Value":1.0}],"Name":"UiMessageType"},{"Items":[{"Name":"Default","Value":0.0},{"Name":"Preview","Value":1.0}],"Name":"UsageContext"},{"Items":[{"Name":"Head","Value":0.0},{"Name":"LeftHand","Value":1.0},{"Name":"RightHand","Value":2.0}],"Name":"UserCFrame"},{"Items":[{"Name":"Begin","Value":0.0},{"Name":"Change","Value":1.0},{"Name":"End","Value":2.0},{"Name":"Cancel","Value":3.0},{"Name":"None","Value":4.0}],"Name":"UserInputState"},{"Items":[{"Name":"MouseButton1","Value":0.0},{"Name":"MouseButton2","Value":1.0},{"Name":"MouseButton3","Value":2.0},{"Name":"MouseWheel","Value":3.0},{"Name":"MouseMovement","Value":4.0},{"Name":"Touch","Value":7.0},{"Name":"Keyboard","Value":8.0},{"Name":"Focus","Value":9.0},{"Name":"Accelerometer","Value":10.0},{"Name":"Gyro","Value":11.0},{"Name":"Gamepad1","Value":12.0},{"Name":"Gamepad2","Value":13.0},{"Name":"Gamepad3","Value":14.0},{"Name":"Gamepad4","Value":15.0},{"Name":"Gamepad5","Value":16.0},{"Name":"Gamepad6","Value":17.0},{"Name":"Gamepad7","Value":18.0},{"Name":"Gamepad8","Value":19.0},{"Name":"TextInput","Value":20.0},{"Name":"InputMethod","Value":21.0},{"Name":"None","Value":22.0}],"Name":"UserInputType"},{"Items":[{"Name":"Left","Value":0.0},{"Name":"Right","Value":1.0}],"Name":"VRTouchpad"},{"Items":[{"Name":"Touch","Value":0.0},{"Name":"VirtualThumbstick","Value":1.0},{"Name":"ABXY","Value":2.0}],"Name":"VRTouchpadMode"},{"Items":[{"Name":"Line","Value":0.0},{"Name":"Plane","Value":1.0},{"Name":"Vector","Value":2.0}],"Name":"VelocityConstraintMode"},{"Items":[{"Name":"Center","Value":0.0},{"Name":"Top","Value":1.0},{"Name":"Bottom","Value":2.0}],"Name":"VerticalAlignment"},{"Items":[{"Name":"Left","Value":1.0},{"Name":"Right","Value":0.0}],"Name":"VerticalScrollBarPosition"},{"Items":[{"Name":"Large","Value":0.0},{"Name":"Small","Value":1.0},{"Name":"LeftTrigger","Value":2.0},{"Name":"RightTrigger","Value":3.0},{"Name":"LeftHand","Value":4.0},{"Name":"RightHand","Value":5.0}],"Name":"VibrationMotor"},{"Items":[{"Name":"Default","Value":0.0},{"Name":"Disabled","Value":1.0},{"Name":"Enabled","Value":2.0}],"Name":"VirtualCursorMode"},{"Items":[{"Name":"Recording","Value":1.0},{"Name":"Playing","Value":2.0},{"Name":"None","Value":0.0}],"Name":"VirtualInputMode"},{"Items":[{"Name":"Idle","Value":0.0},{"Name":"Joining","Value":1.0},{"Name":"JoiningRetry","Value":2.0},{"Name":"Joined","Value":3.0},{"Name":"Leaving","Value":4.0},{"Name":"Ended","Value":5.0},{"Name":"Failed","Value":6.0}],"Name":"VoiceChatState"},{"Items":[{"Name":"NegX","Value":0.0},{"Name":"X","Value":1.0},{"Name":"NegY","Value":2.0},{"Name":"Y","Value":3.0},{"Name":"NegZ","Value":4.0},{"Name":"Z","Value":5.0}],"Name":"WaterDirection"},{"Items":[{"Name":"None","Value":0.0},{"Name":"Small","Value":1.0},{"Name":"Medium","Value":2.0},{"Name":"Strong","Value":3.0},{"Name":"Max","Value":4.0}],"Name":"WaterForce"},{"Items":[{"Name":"None","Value":0.0},{"Name":"BoundCage","Value":1.0},{"Name":"LayerCage","Value":2.0},{"Name":"BoundCageAndLinks","Value":3.0},{"Name":"Reference","Value":4.0},{"Name":"Rbf","Value":5.0},{"Name":"OuterCage","Value":6.0},{"Name":"ReferenceMeshAfterMorph","Value":7.0},{"Name":"HSROuterDetail","Value":8.0},{"Name":"HSROuter","Value":9.0},{"Name":"HSRInner","Value":10.0},{"Name":"HSRInnerReverse","Value":11.0}],"Name":"WrapLayerDebugMode"},{"Items":[{"Name":"None","Value":0.0},{"Name":"TargetCageOriginal","Value":1.0},{"Name":"TargetCageCompressed","Value":2.0},{"Name":"TargetCageInterface","Value":3.0},{"Name":"TargetLayerCageOriginal","Value":4.0},{"Name":"TargetLayerCageCompressed","Value":5.0},{"Name":"TargetLayerInterface","Value":6.0},{"Name":"Rbf","Value":7.0},{"Name":"OuterCageDetail","Value":8.0}],"Name":"WrapTargetDebugMode"},{"Items":[{"Name":"Global","Value":0.0},{"Name":"Sibling","Value":1.0}],"Name":"ZIndexBehavior"}]}